2312151305;[Default];J4 îÝý°®‚•™· èýÆ‰® Latex ®≠‚ Caparol 3D;;;;;[lt]0.9;1;1
230724;Agave 100;;;7577985;C;[KX]35.145[B]0.651[D]9.844[C]10.088;;1;1
230724;Agave 105;;;10933928;A;[B]0.325[D]6.834[AXX]12.61;;1;1
230724;Agave 110;;;12509637;A;[D]2.115[AXX]4.23[C]0.651;;1;1
230724;Agave 115;;;13887959;A;[D]0.732[AXX]1.383[C]0.244;;1;1
230724;Agave 120;;;14609373;A;[B]0.081[D]0.325[AXX]0.732;;1;1
230724;Agave 125;;;5284190;C;[KX]18.305[B]0.488[D]14.562[AXX]33.03;;1;1
230724;Agave 130;;;6925691;C;[KX]44.013[D]13.423[AXX]17.491[C]4.556;;1;1
230724;Agave 135;;;6994562;C;[KX]43.443[D]10.983[AXX]23.349[C]1.464;;1;1
230724;Agave 140;;;8832153;A;[B]1.546[D]13.668[AXX]37.748;;1;1
230724;Agave 15;;;10659746;A;[B]10.657[F]0.325[C]4.23;;1;1
230724;Agave 20;;;12370364;A;[B]3.742[C]1.871;;1;1
210615;Agave 25;;;13488845;A;[D]0.244[E]0.407[L]4.963;;1;1
210615;Agave 30;;;14870242;A;[D]0.163[T]0.163[I]0.244;;1;1
210615;Agave 35;;;8227970;C;[KX]22.21[B]4.556[D]1.383[C]2.603;;1;1
210615;Agave 40;;;10529953;A;[B]8.786[D]2.929[C]7.566;;1;1
210615;Agave 45;;;12371388;A;[D]1.464[AXX]0.244[L]10.088;;1;1
210615;Agave 5;;;7172203;C;[KX]9.925[B]6.264[C]0.732;;1;1
210615;Agave 50;;;13884371;A;[D]0.488[AXX]0.407[L]2.847;;1;1
210615;Agave 55;;;14871008;A;[D]0.244[T]0.163[L]0.732;;1;1
210615;Agave 60;;;15396586;A;[B]0.081[C]0.163;;1;1
210615;Agave 65;;;8494222;C;[KX]20.908[D]2.929[T]1.058[L]7.485;;1;1
210615;Agave 70;;;9812640;A;[B]1.139[D]10.983[C]16.678;;1;1
210615;Agave 75;;;10860969;A;[B]3.986[D]4.23[C]7.647;;1;1
210615;Agave 80;;;12572609;A;[B]0.325[D]2.766[C]3.336;;1;1
210615;Agave 85;;;13161672;A;[B]1.22[D]0.895[C]1.871;;1;1
210615;Agave 90;;;14475991;A;[B]0.488[D]0.325[C]0.488;;1;1
210615;Agave 95;;;5080669;C;[KX]9.6[D]12.691[T]9.6[L]3.498;;1;1
210615;Amethyst 10;;;5789265;C;[KX]9.193[B]13.179[F]0.163[V]0.325;;1;1
210615;Amethyst 100;;;7099219;C;[KX]9.356[B]5.451[V]11.878[E]6.427;;1;1
210615;Amethyst 105;;;9137007;C;[KX]11.634[V]7.403[E]4.881[L]3.417;;1;1
210615;Amethyst 110;;;10324104;C;[KX]25.871[B]3.254[V]3.58[E]1.708;;1;1
210615;Amethyst 115;;;14074050;A;[B]1.546[V]3.661[E]0.895;;1;1
210615;Amethyst 120;;;15326427;A;[V]0.976[E]0.407[I]0.081;;1;1
210615;Amethyst 15;;;9604235;C;[KX]24.813[B]4.474[F]0.081[V]0.814;;1;1
210615;Amethyst 20;;;12564919;A;[B]4.149[V]0.814[I]1.302;;1;1
210615;Amethyst 25;;;14276820;A;[B]0.814[V]0.163[L]1.139;;1;1
210615;Amethyst 30;;;14606043;A;[F]0.163[E]0.407[L]0.325;;1;1
210615;Amethyst 35;;;6379606;C;[KX]9.925[B]9.6[V]3.661[E]1.383;;1;1
210615;Amethyst 40;;;9931658;C;[KX]26.033[B]4.393[V]1.546[E]0.244;;1;1
210615;Amethyst 45;;;11576741;A;[B]8.786[V]3.986[I]1.058;;1;1
210615;Amethyst 5;;;4342077;C;[KX]9.437[B]37.748[F]0.407;;1;1
210615;Amethyst 50;;;12366512;A;[E]4.963[R]2.929[I]2.766;;1;1
210615;Amethyst 55;;;14143180;A;[B]1.22[V]1.139[L]0.814;;1;1
210615;Amethyst 60;;;14868189;A;[V]0.325[E]0.325[I]0.325;;1;1
210615;Amethyst 65;;;5127997;C;[KX]8.217[B]16.678[V]34.25[E]18.223;;1;1
210615;Amethyst 70;;;6706259;C;[KX]9.274[B]7.566[V]8.217[E]4.23;;1;1
210615;Amethyst 75;;;7889249;C;[KX]12.04[B]5.125[V]7.403[E]3.661;;1;1
210615;Amethyst 80;;;12035492;A;[B]8.461[V]6.102[E]0.081;;1;1
210615;Amethyst 85;;;13549761;A;[B]2.685[V]2.197[L]0.488;;1;1
210615;Amethyst 90;;;15130331;A;[F]0.081[V]0.488[E]0.407;;1;1
210615;Amethyst 95;;;6044989;C;[KX]4.556[B]2.603[V]35.226[E]21.152;;1;1
210615;Aprico 10;;;10003123;A;[B]6.02[F]2.847[C]4.393;;1;1
210615;Aprico 100;;;6850756;C;[KX]24.162[B]0.569[T]5.125[F]2.115;;1;1
210615;Aprico 105;;;7440565;C;[KX]22.779[T]1.139[F]1.464[L]5.288;;1;1
210615;Aprico 110;;;7574993;A;[T]22.698[F]7.322[L]0.488;;1;1
210615;Aprico 115;;;8627425;A;[T]18.711[F]2.115[R]8.054;;1;1
210615;Aprico 120;;;9020632;A;[T]8.868[F]4.474[C]2.115;;1;1
210615;Aprico 125;;;3826868;C;[KX]10.983[B]0.325[T]13.83[F]4.963;;1;1
210615;Aprico 130;;;5142979;C;[KX]19.118[T]9.03[F]2.847[I]0.814;;1;1
210615;Aprico 135;;;5600952;C;[KX]18.874[B]0.569[T]5.288[F]3.173;;1;1
210615;Aprico 140;;;4421598;C;[KX]36.935[T]38.562[R]19.444[L]0.244;;1;1
210615;Aprico 15;;;12304842;A;[B]0.976[C]0.814[I]2.522;;1;1
210615;Aprico 150;;;9088245;A;[T]19.118[R]11.878;;1;1
210615;Aprico 175;;;12899313;A;[T]2.197[R]1.708;;1;1
210615;Aprico 180;;;13950700;A;[AXX]1.464[R]0.895;;1;1
210615;Aprico 20;;;13291219;A;[B]0.244[I]0.976[L]2.359;;1;1
210615;Aprico 25;;;14541024;A;[R]0.163[L]1.627;;1;1
210615;Aprico 30;;;14475230;A;[V]0.081[L]1.22;;1;1
210615;Aprico 35;;;6122373;C;[KX]10.657[B]3.661[F]1.708[C]1.058;;1;1
210615;Aprico 40;;;7701403;C;[KX]19.606[B]1.139[T]0.407[I]4.149;;1;1
210615;Aprico 45;;;10333387;A;[B]1.546[F]3.01[C]3.742;;1;1
210615;Aprico 5;;;9082022;C;[KX]30.345[B]1.302[T]0.244[I]3.01;;1;1
210615;Aprico 50;;;11582931;A;[F]0.488[C]1.871[I]2.685;;1;1
210615;Aprico 55;;;12504034;A;[F]0.814[C]1.139[L]0.895;;1;1
210615;Aprico 60;;;13622253;A;[AXX]1.871[R]1.139[I]0.081;;1;1
210615;Aprico 65;;;7307682;C;[KX]14.156[B]1.627[F]1.22[C]0.976;;1;1
210615;Aprico 70;;;8360110;C;[KX]34.413[C]0.651[I]5.044[L]1.139;;1;1
210615;Aprico 75;;;9546198;A;[B]0.244[F]3.58[C]9.6;;1;1
210615;Aprico 80;;;10794971;A;[B]0.163[F]2.034[C]4.393;;1;1
210615;Aprico 85;;;11057111;A;[F]1.546[C]2.766[I]1.302;;1;1
210615;Aprico 90;;;11978469;A;[T]1.708[F]1.139;;1;1
210615;Aprico 95;;;5467028;C;[KX]10.739[B]2.359[F]2.441[C]3.824;;1;1
210615;Aquarell 10;;;12564399;A;[B]6.346[V]0.651[I]0.407;;1;1
210615;Aquarell 100;;;13407594;C;[KX]36.284[V]4.23[E]13.098;;1;1
210615;Aquarell 105;;;14660758;C;[KX]42.792[V]1.546[E]3.905;;1;1
210615;Aquarell 110;;;14795435;A;[B]0.244[V]2.847[E]5.532;;1;1
210615;Aquarell 115;;;15327446;A;[V]0.407[E]0.569[L]0.163;;1;1
210615;Aquarell 120;;;15460320;A;[E]0.244[R]0.163[L]0.081;;1;1
210615;Aquarell 15;;;13354173;A;[B]3.336[V]0.488[L]0.325;;1;1
210615;Aquarell 20;;;13947340;A;[B]1.302[V]0.244[L]1.302;;1;1
210615;Aquarell 25;;;14868956;A;[B]0.488[AXX]0.163[R]0.163;;1;1
210615;Aquarell 30;;;15066851;A;[B]0.163[V]0.081[L]0.732;;1;1
210615;Aquarell 35;;;12101531;A;[B]8.298[V]3.58[E]4.068;;1;1
210615;Aquarell 40;;;12168612;A;[B]8.461[V]1.79[E]0.651;;1;1
210615;Aquarell 45;;;13616315;A;[B]2.929[V]0.651[E]0.814;;1;1
210615;Aquarell 5;;;10721423;C;[KX]45.314[B]4.312[V]1.139[E]1.383;;1;1
210615;Aquarell 50;;;14275275;A;[B]1.627[V]0.407[E]0.081;;1;1
210615;Aquarell 55;;;15065048;A;[V]0.407[E]0.488[L]0.814;;1;1
210615;Aquarell 60;;;15328735;A;[V]0.244[E]0.244[L]0.407;;1;1
210615;Aquarell 65;;;9007716;C;[KX]32.867[B]7.078[V]7.078[E]10.007;;1;1
210615;Aquarell 70;;;10783613;C;[KX]37.179[B]3.336[V]3.498[E]5.288;;1;1
210615;Aquarell 75;;;12494744;A;[B]6.264[V]5.207[E]6.671;;1;1
210615;Aquarell 80;;;14074548;A;[B]1.546[V]1.871[E]2.766;;1;1
210615;Aquarell 85;;;14864323;A;[B]0.488[V]1.464[E]1.79;;1;1
210615;Aquarell 90;;;15459030;A;[B]0.081[V]0.325[E]0.569;;1;1
210615;Aquarell 95;;;11828306;C;[KX]34.82[V]7.729[E]25.383;;1;1
210615;Arctis 10;;;8551794;C;[KX]17.41[B]6.02[D]0.244[E]0.732;;1;1
210615;Arctis 100;;;9273949;C;[KX]32.054[B]6.102[D]3.986[E]8.135;;1;1
210615;Arctis 105;;;11182459;C;[KX]32.054[B]2.359[D]1.79[E]3.01;;1;1
210615;Arctis 110;;;13482873;C;[KX]47.755[B]0.325[D]2.359[E]4.637;;1;1
210615;Arctis 115;;;13945248;A;[B]1.546[D]2.847[E]3.417;;1;1
210615;Arctis 120;;;15195060;A;[B]0.325[D]1.058[E]2.603;;1;1
210615;Arctis 15;;;10460049;C;[KX]29.043[B]3.824[D]0.407[E]0.081;;1;1
210615;Arctis 20;;;12105386;A;[B]6.996[D]0.732[C]0.976;;1;1
210615;Arctis 25;;;13947592;A;[B]1.79[D]0.163[T]0.163;;1;1
210615;Arctis 30;;;14540247;A;[B]0.569[D]0.163[I]0.244;;1;1
210615;Arctis 35;;;8222041;C;[KX]20.745[B]7.566[D]2.603[E]6.427;;1;1
210615;Arctis 40;;;7893602;C;[KX]13.586[B]6.671[D]1.058[E]2.115;;1;1
210615;Arctis 45;;;9538425;C;[KX]21.966[B]4.556[D]0.814[E]0.976;;1;1
210615;Arctis 5;;;6644568;C;[KX]9.193[B]7.566[E]1.871[L]1.383;;1;1
210615;Arctis 50;;;11315610;A;[B]12.04[D]1.953[C]1.708;;1;1
210615;Arctis 55;;;13223353;A;[B]3.58[D]0.569[T]0.488;;1;1
210615;Arctis 60;;;14869208;A;[B]0.407[D]0.244[L]0.407;;1;1
210615;Arctis 65;;;9998192;C;[KX]46.941[B]6.508[D]3.58[E]4.474;;1;1
210615;Arctis 70;;;11578000;A;[B]9.925[D]5.939[E]0.814;;1;1
210615;Arctis 75;;;12892823;A;[D]3.336[E]7.241[I]2.359;;1;1
210615;Arctis 80;;;13420466;A;[D]1.383[E]3.01[I]1.708;;1;1
210615;Arctis 85;;;14472886;A;[D]0.976[E]2.359[L]1.708;;1;1
210615;Arctis 90;;;14276033;A;[D]0.895[E]1.383[I]0.732;;1;1
210615;Arctis 95;;;7826236;C;[KX]27.742[B]9.437[D]11.064[E]24.894;;1;1
210615;Astra 10;;;12301483;A;[B]6.834[V]0.407[L]0.325;;1;1
210615;Astra 15;;;13550264;A;[B]3.173[V]0.651[E]0.895;;1;1
210615;Astra 20;;;14275274;A;[B]1.546[V]0.244[E]0.081;;1;1
210615;Astra 25;;;14735568;A;[V]0.569[E]0.814[L]1.383;;1;1
210615;Astra 30;;;14868441;A;[B]0.569[V]0.081[L]0.081;;1;1
210615;Astra 35;;;12035991;A;[B]9.03[V]2.603[E]5.451;;1;1
210615;Astra 40;;;12760487;A;[B]5.451[V]1.139[E]2.278;;1;1
210615;Astra 45;;;14537159;A;[B]1.058[V]0.732[E]0.814;;1;1
210615;Astra 5;;;10590094;C;[KX]26.033[V]1.058[E]3.58[I]1.627;;1;1
210615;Astra 50;;;15260619;A;[V]0.488[E]1.302[L]0.407;;1;1
210615;Astra 55;;;15394012;A;[V]0.244[E]0.325[L]0.325;;1;1
210615;Astra 60;;;15393752;A;[V]0.244[E]0.569[I]0.081;;1;1
210615;Astra 65;;;8810333;C;[KX]18.711[B]4.719[V]4.149[E]8.949;;1;1
210615;Astra 70;;;10718329;C;[KX]27.416[B]2.603[V]2.115[E]4.719;;1;1
210615;Astra 75;;;12494485;A;[B]5.207[E]9.763[R]4.312;;1;1
210615;Astra 80;;;14205874;A;[B]1.627[V]1.546[E]3.091;;1;1
210615;Atmo 10;;;12497843;A;[B]5.044[F]0.244[V]2.522;;1;1
210615;Atmo 15;;;13353665;A;[B]2.685[V]1.464[I]0.325;;1;1
210615;Atmo 25;;;15197411;A;[B]0.244[R]0.244;;1;1
210615;Atmo 5;;;11708068;A;[B]8.624[V]3.824[I]1.22;;1;1
210615;Baccara 10;;;5130361;C;[KX]15.62[V]45.64[I]14.806;;1;1
210615;Baccara 15;;;7168691;C;[KX]43.036[F]4.474[V]33.843;;1;1
210615;Baccara 25;;;11117024;A;[T]0.325[F]1.383[R]13.668;;1;1
210615;Baccara 30;;;13749737;A;[F]0.407[V]0.244[R]1.302;;1;1
210615;Baccara 5;;;4079195;C;[KX]4.23[V]31.321[E]5.776[I]17.491;;1;1
210615;Bordeaux 20;;;11382972;A;[E]1.383[I]6.915;;1;1
210615;Bordeaux 25;;;13422033;A;[D]0.081[E]0.407[I]1.708;;1;1
210615;Bordeaux 30;;;14409184;A;[F]0.081[V]0.163[L]1.302;;1;1
210615;Bordeaux 35;;;4344690;C;[KX]6.183[B]5.288[F]4.068[R]7.566;;1;1
210615;Bordeaux 40;;;5726862;C;[KX]11.959[B]2.766[F]3.173[V]2.359;;1;1
210615;Bordeaux 45;;;6187681;C;[KX]14.888[B]1.383[F]3.01[V]2.603;;1;1
210615;Bordeaux 5;;;8160155;C;[KX]29.938[B]3.254[F]1.79[V]0.488;;1;1
210615;Bordeaux 50;;;7371434;C;[KX]16.189[B]1.302[F]1.79[V]1.22;;1;1
210615;Bordeaux 55;;;9804740;A;[B]1.953[F]5.695[V]1.383;;1;1
210615;Bordeaux 60;;;11910361;A;[F]1.383[V]0.163[I]1.058;;1;1
210615;Bordeaux 70;;;4871836;C;[KX]14.4[AXX]11.39[R]24.244[I]5.776;;1;1
210615;Bordeaux 75;;;5069468;C;[KX]12.04[F]3.336[R]9.193[L]7.647;;1;1
210615;Bordeaux 80;;;6320576;C;[KX]25.627[F]4.556[R]3.01[L]0.569;;1;1
210615;Bordeaux 85;;;9148652;A;[T]14.725[R]27.01;;1;1
210615;Bordeaux 90;;;13554930;A;[T]1.22[R]2.034;;1;1
210615;Cameo 10;;;10593193;A;[B]5.858[AXX]0.732[I]6.427;;1;1
210615;Cameo 100;;;6583199;C;[KX]16.515[F]0.569[V]0.488[I]6.264;;1;1
210615;Cameo 105;;;8754639;A;[T]4.068[F]7.729[R]1.546;;1;1
210615;Cameo 110;;;10201296;A;[B]0.732[T]1.627[F]3.824;;1;1
210615;Cameo 115;;;12173792;A;[F]1.464[C]0.325[L]0.325;;1;1
210615;Cameo 120;;;13621230;A;[T]0.895[F]0.163[R]0.976;;1;1
210615;Cameo 125;;;3623823;C;[KX]5.044[F]5.776[I]4.556[T]0.163;;1;1
210615;Cameo 130;;;5201820;C;[KX]15.213[F]4.068[R]4.556[L]8.786;;1;1
210615;Cameo 135;;;6584502;C;[KX]18.223[B]0.244[F]2.766[L]2.441;;1;1
210615;Cameo 140;;;9347300;A;[T]12.04[F]0.976[R]14.318;;1;1
210615;Cameo 145;;;10793701;A;[T]5.044[F]1.058[R]5.288;;1;1
210615;Cameo 15;;;12566722;A;[B]3.01[F]0.488[C]0.814;;1;1
210615;Cameo 150;;;14147053;A;[AXX]1.058[R]0.976;;1;1
210615;Cameo 155;;;4151228;C;[KX]23.186[B]0.569[T]26.44[R]46.697;;1;1
210615;Cameo 160;;;3756996;C;[KX]17.41[T]27.904[F]1.302[R]46.535;;1;1
210615;Cameo 170;;;6060249;C;[KX]41.003[T]15.864[R]21.803[I]0.407;;1;1
210615;Cameo 175;;;8887536;A;[T]18.711[R]24.162;;1;1
210615;Cameo 180;;;11649269;A;[T]4.8[R]5.939;;1;1
210615;Cameo 20;;;13093584;A;[B]0.244[D]0.244[I]1.953;;1;1
210615;Cameo 25;;;14672094;A;[B]0.488[R]0.244[C]0.325;;1;1
210615;Cameo 30;;;14803938;A;[I]0.163[L]0.732;;1;1
210615;Cameo 35;;;6646392;C;[KX]13.017[B]5.776[F]1.22[R]0.325;;1;1
210615;Cameo 40;;;8686233;C;[KX]30.02[F]1.627[E]3.173[L]3.091;;1;1
210615;Cameo 45;;;9870769;A;[B]6.427[F]3.661[C]2.685;;1;1
210615;Cameo 5;;;8488078;C;[KX]19.769[B]3.742[F]0.651;;1;1
210615;Cameo 50;;;10988989;A;[B]1.464[C]0.569[I]7.322;;1;1
210615;Cameo 55;;;13356503;A;[B]0.569[F]0.407[I]0.569;;1;1
210615;Cameo 60;;;15001580;A;[T]0.081[AXX]0.163[R]0.325;;1;1
210615;Cameo 65;;;6121090;C;[KX]10.739[B]2.359[R]1.464[I]5.207;;1;1
210615;Cameo 70;;;7897242;C;[KX]25.138[B]2.034[F]2.115[E]0.976;;1;1
210615;Cameo 75;;;9345212;A;[B]3.336[F]5.858[C]3.173;;1;1
210615;Cameo 80;;;11384783;A;[F]0.651[C]0.895[I]3.742;;1;1
210615;Cameo 85;;;13094110;A;[F]0.488[C]0.081[I]0.814;;1;1
210615;Cameo 90;;;14015468;A;[T]0.569[F]0.081[R]0.732;;1;1
210615;Cameo 95;;;4083066;C;[KX]5.858[B]3.254[F]5.695[E]0.569;;1;1
210615;Caramel 10;;;11056315;A;[B]4.393[F]0.814[C]5.044;;1;1
210615;Caramel 100;;;6399963;C;[KX]42.792[R]0.732[C]20.989[L]0.163;;1;1
210615;Caramel 105;;;3779307;C;[KX]38.562[T]43.606[R]0.814[L]1.139;;1;1
210615;Caramel 110;;;9947627;A;[T]9.437[F]0.488[C]3.254;;1;1
210615;Caramel 115;;;10277108;A;[T]10.901[R]1.058;;1;1
210615;Caramel 120;;;11523829;A;[T]6.264[R]0.895;;1;1
210615;Caramel 15;;;12174024;A;[B]1.708[C]2.115[I]1.627;;1;1
210615;Caramel 20;;;13423315;A;[D]0.488[T]0.325[I]1.464;;1;1
210615;Caramel 25;;;14343902;A;[B]0.244[AXX]0.325[I]0.325;;1;1
210615;Caramel 30;;;14869473;A;[B]0.163[AXX]0.163[I]0.244;;1;1
210615;Caramel 35;;;5730690;C;[KX]10.251[B]3.254[C]5.532[I]2.359;;1;1
210615;Caramel 40;;;7373972;C;[KX]15.132[B]2.115[C]2.034[I]1.953;;1;1
210615;Caramel 45;;;9413809;A;[B]7.241[F]1.708[C]14.237;;1;1
210615;Caramel 50;;;11452620;A;[D]0.732[T]3.336[I]3.336;;1;1
210615;Caramel 55;;;12570585;A;[C]2.197[I]0.732[L]2.359;;1;1
210615;Caramel 60;;;14214122;A;[F]0.081[AXX]0.814[I]0.163;;1;1
210615;Caramel 65;;;9219525;A;[B]2.685[F]1.383[C]19.281;;1;1
210615;Caramel 70;;;11256787;A;[B]0.407[C]5.858[I]1.79;;1;1
210615;Caramel 75;;;12112097;A;[R]0.569[C]3.986[L]2.034;;1;1
210615;Caramel 80;;;14148319;A;[T]2.197[R]0.651;;1;1
210615;Caramel 85;;;13360618;A;[T]1.383[F]0.163[L]0.651;;1;1
210615;Caramel 90;;;14674159;A;[R]0.163[C]0.569;;1;1
210615;Caramel 95;;;6527426;C;[KX]40.433[B]1.302[T]13.179[F]1.139;;1;1
210615;Ceramic 10;;;7505307;C;[KX]19.118[B]1.627[T]1.383[I]3.254;;1;1
210615;Ceramic 100;;;6266862;C;[KX]42.223[T]17.491[R]4.556[L]0.244;;1;1
210615;Ceramic 105;;;10141940;A;[T]11.471[R]4.556;;1;1
210615;Ceramic 15;;;9281459;A;[B]6.102[F]3.091[C]10.657;;1;1
210615;Ceramic 20;;;10003635;A;[B]6.264[F]2.278[C]6.264;;1;1
210615;Ceramic 25;;;10990270;A;[B]2.115[C]2.929[I]4.556;;1;1
210615;Ceramic 30;;;12107720;A;[B]1.22[C]1.383[I]2.522;;1;1
210615;Ceramic 35;;;8887738;A;[B]4.23[F]3.661[C]13.098;;1;1
210615;Ceramic 40;;;10071752;A;[B]2.197[F]2.278[C]6.996;;1;1
210615;Ceramic 45;;;10466771;A;[B]0.895[F]1.79[C]6.508;;1;1
210615;Ceramic 5;;;6057604;C;[KX]12.691[B]4.312[F]1.546[C]3.58;;1;1
210615;Ceramic 50;;;10861269;A;[B]0.895[T]4.8[F]1.546;;1;1
210615;Ceramic 55;;;11517906;A;[F]0.814[C]2.685[L]5.125;;1;1
210615;Ceramic 60;;;13425387;A;[AXX]2.441[R]1.22[L]0.325;;1;1
210615;Ceramic 65;;;7573944;C;[KX]23.023[F]0.895[C]3.01[L]5.695;;1;1
210615;Ceramic 70;;;8956113;A;[B]0.651[F]3.01[C]16.678;;1;1
210615;Ceramic 75;;;11388647;A;[T]3.986[F]0.976[L]0.163;;1;1
210615;Ceramic 80;;;12243441;A;[T]3.58[R]1.708;;1;1
210615;Ceramic 95;;;2325992;C;[KX]19.281[T]72.243[R]6.996[L]0.163;;1;1
210615;Clematis 10;;;8550529;C;[KX]24.65[V]6.752[E]3.417[L]11.552;;1;1
210615;Clematis 15;;;10261916;C;[KX]32.542[E]2.603[R]2.766[L]5.288;;1;1
210615;Clematis 20;;;11973559;A;[B]5.044[F]0.976[V]0.163;;1;1
210615;Clematis 25;;;13816016;A;[B]0.814[R]0.488[L]2.278;;1;1
210615;Clematis 30;;;14540252;A;[B]0.569[T]0.244[R]0.325;;1;1
210615;Clematis 35;;;6443366;C;[KX]9.356[B]5.288[V]16.922[L]4.068;;1;1
210615;Clematis 40;;;7759737;C;[KX]10.413[B]3.905[V]5.695[I]0.569;;1;1
210615;Clematis 45;;;9339540;C;[KX]37.342[V]6.671[E]3.498[I]3.661;;1;1
210615;Clematis 5;;;6971242;C;[KX]9.274[B]5.369[V]5.695[L]3.336;;1;1
210615;Clematis 50;;;11314097;A;[B]5.613[F]1.546[V]5.939;;1;1
210615;Clematis 55;;;12893640;A;[B]1.302[V]2.441[I]1.627;;1;1
210615;Clematis 60;;;14737124;A;[V]0.325[R]0.244[I]0.325;;1;1
210615;Clematis 65;;;5651801;C;[KX]8.298[F]0.814[V]74.683[E]10.088;;1;1
210615;Clematis 70;;;7096185;C;[KX]9.437[V]33.843[E]3.173[I]0.814;;1;1
210615;Clematis 75;;;7363447;C;[KX]9.274[B]3.661[V]11.796[I]0.569;;1;1
210615;Clematis 80;;;8152710;C;[KX]11.308[B]2.603[V]9.112[I]0.569;;1;1
210615;Clematis 85;;;10719399;C;[KX]18.305[B]1.302[V]2.929[I]0.244;;1;1
210615;Clematis 90;;;14077151;A;[F]0.325[V]2.115[E]0.163;;1;1
210615;Coelin 10;;;12763063;A;[B]3.498[E]0.651[L]3.417;;1;1
210615;Coelin 100;;;10783290;C;[KX]49.87[D]7.81[E]35.552[L]4.149;;1;1
210615;Coelin 105;;;12625506;C;[KX]32.704[B]0.732[D]1.871[E]8.135;;1;1
210615;Coelin 110;;;14401663;A;[B]0.325[D]3.905[E]15.295;;1;1
210615;Coelin 115;;;14928785;A;[D]2.522[E]9.03;;1;1
210615;Coelin 15;;;13487044;A;[B]1.708[E]0.407[L]2.197;;1;1
210615;Coelin 20;;;14474196;A;[B]0.976[T]0.163[R]0.081;;1;1
210615;Coelin 25;;;15263454;A;[E]0.325[I]0.163;;1;1
210615;Coelin 35;;;11643544;A;[B]6.102[E]6.264[L]9.112;;1;1
210615;Coelin 40;;;12499114;A;[B]6.02[D]1.22;;1;1
210615;Coelin 45;;;13486008;A;[B]3.417[D]0.814[E]0.244;;1;1
210615;Coelin 5;;;11841959;A;[B]8.461[D]0.163[C]1.058;;1;1
210615;Coelin 50;;;14144455;A;[B]1.302[E]0.732[L]0.976;;1;1
210615;Coelin 55;;;15000278;A;[D]0.163[E]0.569[I]0.325;;1;1
210615;Coelin 65;;;11707002;C;[KX]39.782[B]2.115[D]1.22[E]5.288;;1;1
210615;Coelin 70;;;12627590;A;[B]5.776[D]3.824[E]12.122;;1;1
210615;Coelin 75;;;13549206;C;[KX]48.406[B]0.732[D]0.569[E]2.847;;1;1
210615;Coelin 80;;;14272932;A;[B]1.464[D]1.22[E]4.474;;1;1
210615;Coelin 85;;;14865586;A;[B]0.569[D]0.732[E]2.847;;1;1
210615;Coelin 90;;;15459273;A;[B]0.244[D]0.407[E]1.058;;1;1
210615;Coelin 95;;;9137431;C;[KX]21.152[D]13.017[E]56.704[I]0.814;;1;1
210615;Curry 10;;;10927555;A;[B]2.766[C]7.322[I]0.569;;1;1
210615;Curry 100;;;6136505;C;[KX]43.443[T]4.149[AXX]26.603[L]10.413;;1;1
210615;Curry 105;;;7651034;A;[D]0.732[AXX]24.569[C]24.732;;1;1
210615;Curry 110;;;9227492;A;[B]0.651[T]17.084[C]0.651;;1;1
210615;Curry 115;;;9229548;A;[AXX]21.396[C]4.637[I]0.163;;1;1
210615;Curry 120;;;11132656;A;[T]2.197[AXX]5.125[C]2.359;;1;1
210615;Curry 125;;;3058121;C;[KX]15.864[D]0.814[AXX]65.002[C]11.878;;1;1
210615;Curry 130;;;3258332;C;[KX]23.349[B]0.407[AXX]68.988[C]3.336;;1;1
210615;Curry 145;;;8640497;A;[T]3.01[AXX]25.627[C]3.336;;1;1
210615;Curry 15;;;12570578;A;[D]0.569[C]2.115[I]1.302;;1;1
210615;Curry 20;;;13622237;A;[T]0.732[L]2.766;;1;1
210615;Curry 25;;;14345960;A;[AXX]0.895[R]0.081[I]0.163;;1;1
210615;Curry 30;;;14478317;A;[T]0.488[AXX]0.163[R]0.081;;1;1
210615;Curry 35;;;5933209;C;[KX]19.118[B]3.01[T]9.681[I]0.732;;1;1
210615;Curry 40;;;7973048;A;[D]3.824[C]36.609[I]3.905;;1;1
210615;Curry 45;;;9879759;A;[B]1.79[T]3.254[C]11.308;;1;1
210615;Curry 5;;;9349296;A;[B]6.996[F]0.488[C]16.922;;1;1
210615;Curry 50;;;12048096;A;[D]0.163[C]4.881[L]1.302;;1;1
210615;Curry 55;;;13493482;A;[T]0.895[C]0.732[L]0.244;;1;1
210615;Curry 65;;;6988212;C;[KX]40.27[D]1.627[C]14.237[I]1.464;;1;1
210615;Curry 65;;;6988212;A;[D]3.742[C]60.202[L]12.61;;1;1
210615;Curry 70;;;8107722;A;[D]2.034[C]37.179[I]0.163;;1;1
210615;Curry 75;;;9815511;A;[D]0.732[C]16.027[I]0.244;;1;1
210615;Curry 80;;;11261412;A;[AXX]3.417[C]5.369[L]1.139;;1;1
210615;Curry 85;;;12378863;A;[T]3.498[L]0.244;;1;1
210615;Curry 90;;;12707055;A;[T]2.685[AXX]0.081;;1;1
210615;Curry 95;;;3575979;C;[KX]12.854[D]1.058[AXX]77.693[I]3.01;;1;1
210615;Falb 10;;;11056061;A;[B]2.929[C]3.824[I]3.824;;1;1
210615;Falb 15;;;12239303;A;[D]0.976[C]0.651[I]3.498;;1;1
210615;Falb 20;;;13094610;A;[B]1.464[F]0.325[C]1.22;;1;1
210615;Falb 25;;;14475230;A;[V]0.081[I]0.163[L]1.464;;1;1
210615;Falb 30;;;14803938;A;[B]0.325[AXX]0.407[R]0.244;;1;1
210615;Falb 35;;;5992579;C;[KX]10.088[B]2.685[C]3.905[I]3.498;;1;1
210615;Falb 40;;;7702939;C;[KX]23.593[D]1.546[C]1.464[I]5.532;;1;1
210615;Falb 45;;;9281975;C;[KX]26.44[C]0.569[I]1.302[L]4.637;;1;1
210615;Falb 5;;;9938352;A;[B]7.159[F]2.034[C]9.112;;1;1
210615;Falb 50;;;9544885;A;[D]2.115[C]7.729[I]10.901;;1;1
210615;Falb 55;;;11386573;A;[F]0.569[C]3.498[L]8.298;;1;1
210615;Falb 60;;;13425640;A;[F]0.244[AXX]1.79[I]0.325;;1;1
210615;Falb 65;;;6981022;C;[KX]21.071[B]1.546[C]4.474[I]3.661;;1;1
210615;Falb 70;;;10006731;A;[F]1.546[C]8.379[L]9.763;;1;1
210615;Falb 75;;;10730710;A;[F]1.139[C]6.59[L]3.742;;1;1
210615;Falb 80;;;11455207;A;[R]1.627[C]6.834[L]0.407;;1;1
210615;Flamenco 100;;;6707836;C;[KX]9.193[B]3.417[F]0.895[V]9.6;;1;1
210615;Flamenco 105;;;9207966;C;[KX]31.321[E]2.766[R]7.403[I]2.034;;1;1
210615;Flamenco 110;;;11050938;A;[B]3.58[F]2.278[V]9.356;;1;1
210615;Flamenco 115;;;12893395;A;[B]0.814[F]0.814[V]3.254;;1;1
210615;Flamenco 120;;;14604777;A;[AXX]0.081[R]1.058[I]0.163;;1;1
210615;Flamenco 125;;;5719161;C;[KX]9.6[B]1.546[V]44.175[I]3.986;;1;1
210615;Flamenco 130;;;6771851;C;[KX]11.552[B]1.058[V]20.339[I]3.091;;1;1
210615;Flamenco 135;;;8088479;C;[KX]17.654[B]0.488[V]11.308[I]2.603;;1;1
210615;Flamenco 140;;;10193082;C;[KX]42.467[F]1.139[V]10.413[E]1.058;;1;1
210615;Flamenco 145;;;12166616;A;[F]1.058[V]11.39[R]2.766;;1;1
210615;Flamenco 15;;;12763332;A;[B]1.953[V]0.651[I]1.708;;1;1
210615;Flamenco 150;;;13879013;A;[V]0.163[R]3.417[L]0.814;;1;1
210615;Flamenco 20;;;13816274;A;[B]0.488[V]0.651[L]3.254;;1;1
210615;Flamenco 25;;;14276823;A;[B]0.651[I]0.488;;1;1
210615;Flamenco 30;;;14869731;A;[B]0.244[T]0.081[F]0.081;;1;1
210615;Flamenco 35;;;7367544;C;[KX]12.854[B]4.881[V]3.254[I]1.708;;1;1
210615;Flamenco 40;;;9209487;C;[KX]26.359[B]3.742[V]2.034[I]1.22;;1;1
210615;Flamenco 5;;;7762805;C;[KX]15.295[B]5.776[R]1.546[L]3.661;;1;1
210615;Flamenco 50;;;11380911;A;[B]6.671[F]1.546[V]2.115;;1;1
210615;Flamenco 55;;;13091530;A;[B]1.871[F]0.569[V]0.895;;1;1
210615;Flamenco 60;;;14606306;A;[B]0.163[R]0.163[I]0.407;;1;1
210615;Flamenco 65;;;6051172;C;[KX]10.169[B]8.135[F]0.976[V]7.485;;1;1
210615;Flamenco 70;;;7366783;C;[KX]16.515[V]7.322[E]3.661[I]4.963;;1;1
210615;Flamenco 75;;;9208984;C;[KX]24.569[V]3.58[E]2.115[I]2.847;;1;1
210615;Flamenco 80;;;10986164;A;[B]5.288[F]2.278[V]4.881;;1;1
210615;Flamenco 85;;;12697292;A;[V]2.522[I]0.976[L]4.474;;1;1
210615;Flamenco 90;;;14935018;A;[F]0.081[V]0.244[I]0.081;;1;1
210615;Flamenco 95;;;6050669;C;[KX]9.356[B]5.939[F]1.302[V]13.017;;1;1
210615;Ginster 10;;;10399412;A;[B]5.776[F]0.895[C]7.485;;1;1
210615;Ginster 100;;;7977945;A;[B]0.651[AXX]15.051[C]25.871;;1;1
210615;Ginster 105;;;8899308;A;[T]13.993[C]7.485[L]0.569;;1;1
210615;Ginster 110;;;9292518;A;[D]0.081[AXX]8.542[C]13.83;;1;1
210615;Ginster 115;;;11064553;A;[F]0.407[AXX]10.251[L]0.325;;1;1
210615;Ginster 120;;;12312558;A;[T]1.383[C]2.685;;1;1
210615;Ginster 125;;;1353437;C;[KX]7.078[T]19.688[AXX]70.615[L]1.22;;1;1
210615;Ginster 135;;;4834032;C;[KX]44.257[T]9.763[AXX]34.006[I]0.325;;1;1
210615;Ginster 140;;;6931948;A;[T]36.04[AXX]18.956[L]2.197;;1;1
210615;Ginster 145;;;6081526;C;[KX]45.07[T]7.647[AXX]15.701[R]0.163;;1;1
210615;Ginster 15;;;11648450;A;[B]2.685[C]3.498[I]1.546;;1;1
210615;Ginster 150;;;9623026;A;[T]5.207[F]0.244[AXX]15.376;;1;1
210615;Ginster 20;;;13226451;A;[B]0.976[C]1.302[I]0.651;;1;1
210615;Ginster 25;;;14410210;A;[C]0.244[I]0.081[L]1.383;;1;1
210615;Ginster 30;;;14804195;A;[D]0.081[AXX]0.163[I]0.325;;1;1
210615;Ginster 35;;;5796480;C;[KX]15.539[D]3.336[C]6.427[I]6.996;;1;1
210615;Ginster 40;;;7243151;C;[KX]18.061[B]3.661[F]0.325[C]4.556;;1;1
210615;Ginster 45;;;9085354;A;[B]8.461[F]1.058[C]17.41;;1;1
210615;Ginster 5;;;9347237;A;[B]9.763[F]1.22[C]13.586;;1;1
210615;Ginster 50;;;11256010;A;[B]1.871[C]6.508[I]1.22;;1;1
210615;Ginster 55;;;12374489;A;[B]0.651[T]2.685[I]0.732;;1;1
210615;Ginster 60;;;13295334;A;[B]0.163[F]0.081[C]2.115;;1;1
210615;Ginster 65;;;6129563;C;[KX]13.179[B]1.627[C]8.461[L]3.824;;1;1
210615;Ginster 70;;;7971509;A;[B]5.044[C]36.609[I]1.871;;1;1
210615;Ginster 75;;;9811396;A;[B]3.254[F]0.488[C]15.051;;1;1
210615;Ginster 80;;;10601685;A;[B]0.895[C]10.82[I]0.488;;1;1
210615;Ginster 85;;;11851493;A;[B]0.163[C]5.613[I]0.163;;1;1
210615;Ginster 90;;;13362413;A;[T]0.814[R]0.081[C]1.058;;1;1
210615;Ginster 95;;;8828622;A;[B]1.708[F]0.163[C]26.684;;1;1
210615;Graphit-Grau;;;6316638;C;[KX]11.146[B]11.064[T]0.895[I]0.569;;1;1
210615;Grau 10;;;8881796;C;[KX]24.813[B]5.776[R]0.814[C]0.651;;1;1
210615;Grau 15;;;10856099;A;[B]9.925[C]2.197[I]2.766;;1;1
210615;Grau 20;;;12632510;A;[B]3.336[C]0.895[I]0.732;;1;1
210615;Grau 25;;;13948369;A;[B]1.139[C]0.325[I]0.407;;1;1
210615;Grau 30;;;14738143;A;[V]0.081[L]1.139;;1;1
210615;Grau 35;;;6513503;C;[KX]8.542[B]8.624[F]0.163;;1;1
210615;Grau 40;;;8158072;C;[KX]17.084[B]6.102[F]0.244;;1;1
210615;Grau 5;;;7039847;C;[KX]15.783[B]9.03[T]0.163[I]0.569;;1;1
210615;Grau 50;;;11777201;A;[B]6.915[F]0.407[C]1.953;;1;1
210615;Grau 55;;;13553355;A;[D]0.407[E]0.651[I]1.464;;1;1
210615;Grau 60;;;14540763;A;[V]0.163[E]0.163[L]1.627;;1;1
210615;Grau-Weiss;;;14936293;A;[AXX]0.081[L]0.732;;1;1
210615;Hell-Weiss;;;15462379;A;[AXX]0.163[C]0.081[L]0.163;;1;1
210615;Herba 10;;;8558995;C;[KX]20.989[B]2.359[D]0.732[C]2.603;;1;1
210615;Herba 15;;;9808806;A;[B]7.566[D]2.115[C]13.342;;1;1
210615;Herba 20;;;11387838;A;[B]3.824[AXX]7.973[C]0.244;;1;1
210615;Herba 25;;;13359570;A;[D]0.407[AXX]1.22[L]2.847;;1;1
210615;Herba 30;;;14937318;A;[D]0.081[T]0.163[AXX]0.163;;1;1
210615;Herba 40;;;4829596;C;[KX]36.772[D]5.288[AXX]53.612[C]5.044;;1;1
210615;Herba 45;;;6013361;C;[KX]44.094[D]2.441[AXX]33.599[I]0.407;;1;1
210615;Herba 5;;;7638406;C;[KX]24.65[B]3.986[D]1.464[C]5.044;;1;1
210615;Herba 50;;;9690576;A;[D]1.627[AXX]22.779[C]0.651;;1;1
210615;Herba 55;;;10673871;A;[D]0.976[AXX]12.691[L]0.244;;1;1
210615;Herba 60;;;14347495;A;[D]0.081[AXX]0.895[C]0.081;;1;1
210615;Jade 10;;;11580849;A;[B]5.939[C]3.091[I]0.732;;1;1
210615;Jade 100;;;7904149;C;[KX]28.311[D]2.522[C]4.8[L]7.81;;1;1
210615;Jade 105;;;8894642;A;[B]1.058[D]6.346[C]25.952;;1;1
210615;Jade 110;;;10801871;A;[D]0.814[AXX]11.227[L]3.254;;1;1
210615;Jade 115;;;11000788;A;[D]0.976[AXX]11.39[I]0.407;;1;1
210615;Jade 120;;;10478044;A;[D]0.732[AXX]14.806[I]0.081;;1;1
210615;Jade 15;;;12962505;A;[B]1.708[C]0.895[L]2.766;;1;1
210615;Jade 20;;;13488333;A;[B]1.058[T]0.244[L]2.685;;1;1
210615;Jade 25;;;14014678;A;[B]0.407[AXX]0.163[L]2.115;;1;1
210615;Jade 30;;;14869729;A;[B]0.163[T]0.081[I]0.081;;1;1
210615;Jade 35;;;8751750;C;[KX]19.444[B]4.393[C]0.895;;1;1
210615;Jade 40;;;10595240;A;[B]9.518[C]6.996[I]0.325;;1;1
210615;Jade 45;;;11253685;A;[B]5.613[C]5.288;;1;1
210615;Jade 5;;;10725539;C;[KX]30.101[B]2.522[T]0.325[C]0.244;;1;1
210615;Jade 50;;;12436930;A;[B]3.254[C]2.441[I]0.081;;1;1
210615;Jade 55;;;13357518;A;[D]0.814[T]0.163[I]1.383;;1;1
210615;Jade 60;;;14607842;A;[D]0.081[C]0.325[L]0.569;;1;1
210615;Jade 65;;;6257786;C;[KX]19.932[B]6.915[AXX]13.83[L]1.302;;1;1
210615;Jade 70;;;8952985;C;[KX]31.972[B]3.58[D]0.325[C]3.336;;1;1
210615;Jade 75;;;10400945;A;[B]4.881[D]1.383[C]10.251;;1;1
210615;Jade 80;;;11258567;A;[D]1.79[C]6.671[L]3.254;;1;1
210615;Jade 85;;;12769750;A;[D]0.651[C]2.766[L]1.302;;1;1
210615;Jade 90;;;14018532;A;[B]0.163[AXX]1.22[C]0.163;;1;1
210615;Korall 10;;;10593193;A;[B]8.705[F]2.278[AXX]1.058;;1;1
210615;Korall 100;;;4540770;C;[KX]3.661[B]7.078[F]2.441[V]4.149;;1;1
210615;Korall 105;;;4869999;C;[KX]7.159[B]4.8[F]3.742[V]6.102;;1;1
210615;Korall 110;;;5264229;C;[KX]5.776[B]4.963[V]3.336[I]4.474;;1;1
210615;Korall 115;;;5396861;C;[KX]10.088[B]4.23[F]3.254[V]3.824;;1;1
210615;Korall 120;;;6250864;C;[KX]10.657[B]2.278[V]4.556[L]16.352;;1;1
210615;Korall 130;;;4014433;C;[KX]2.441[B]3.254[V]9.681[I]10.983;;1;1
210615;Korall 135;;;5002380;C;[KX]11.064[F]2.359[V]8.461[I]7.891;;1;1
210615;Korall 140;;;6121131;C;[KX]20.664[F]4.881[V]5.451[E]0.732;;1;1
210615;Korall 145;;;7173558;C;[KX]21.233[R]9.112[C]1.871[I]3.254;;1;1
210615;Korall 15;;;12961485;A;[B]1.708[T]0.325[F]0.651;;1;1
210615;Korall 155;;;4738971;C;[KX]12.284[R]38.562[C]6.508[I]5.207;;1;1
210615;Korall 160;;;5133729;C;[KX]26.359[F]10.576[V]19.932[E]0.325;;1;1
210615;Korall 165;;;5857731;C;[KX]33.681[R]43.606[C]11.552[I]0.814;;1;1
210615;Korall 170;;;6515666;C;[KX]44.419[T]6.915[F]1.464[R]32.867;;1;1
210615;Korall 175;;;8555490;A;[T]17.084[R]40.27[L]0.163;;1;1
210615;Korall 180;;;10002652;A;[T]3.58[F]3.336[R]9.518;;1;1
210615;Korall 20;;;13751257;A;[R]0.407[I]0.244[L]3.01;;1;1
210615;Korall 25;;;13948886;A;[B]0.407[I]0.407[L]1.627;;1;1
210615;Korall 30;;;14212059;A;[V]0.163[L]2.603;;1;1
210615;Korall 35;;;10198441;C;[KX]26.847[B]2.034[F]0.407[R]0.569;;1;1
210615;Korall 40;;;10330290;A;[V]1.22[E]1.871[I]11.308;;1;1
210615;Korall 45;;;11843522;A;[B]0.244[E]1.058[I]4.881;;1;1
210615;Korall 5;;;8750993;C;[KX]16.678[B]2.441[V]0.814[I]1.383;;1;1
210615;Korall 50;;;12040904;A;[B]0.651[V]0.407[I]4.149;;1;1
210615;Korall 55;;;13291489;A;[B]0.244[F]0.651[AXX]0.325;;1;1
210615;Korall 60;;;13817832;A;[T]0.081[F]0.407[I]0.163;;1;1
210615;Korall 65;;;7106695;C;[KX]20.745[B]2.766[V]3.091[I]5.695;;1;1
210615;Korall 70;;;6910099;C;[KX]13.993[B]2.603[F]1.79[V]1.953;;1;1
210615;Korall 75;;;8423348;C;[KX]24.976[R]3.091[I]3.01[L]1.627;;1;1
210615;Korall 80;;;8751787;C;[KX]29.043[V]0.325[R]3.661[L]10.088;;1;1
210615;Korall 85;;;10594247;A;[B]1.953[F]3.58;;1;1
210615;Korall 90;;;11581139;A;[B]0.814[F]2.115;;1;1
210615;Korall 95;;;3553870;C;[KX]2.603[B]12.284[V]7.973[I]9.274;;1;1
210615;Kreide 10;;;11844546;A;[B]2.278[C]1.871[I]2.278;;1;1
210615;Kreide 15;;;12831182;A;[B]1.139[C]0.895[I]1.383;;1;1
210615;Kreide 20;;;13883610;A;[B]0.407[C]0.325[I]0.651;;1;1
210615;Kreide 25;;;14475487;A;[B]0.407[R]0.244[C]0.488;;1;1
210615;Kreide 30;;;14804195;A;[E]0.081[I]0.163[L]0.569;;1;1
210615;Kreide 5;;;10659496;A;[B]10.576[F]1.302[C]3.498;;1;1
210615;Kuhl-Weiss;;;14738397;A;[B]0.488[T]0.163[I]0.081;;1;1
210615;Lachs 100;;;4152745;C;[KX]10.576[T]5.858[F]5.451[I]1.708;;1;1
210615;Lachs 105;;;4943035;C;[KX]17.979[T]7.159[F]4.881[L]0.895;;1;1
210615;Lachs 110;;;3629003;C;[KX]18.549[T]40.921[R]30.101[L]1.546;;1;1
210615;Lachs 115;;;5864661;C;[KX]34.901[T]15.864[R]14.969[I]0.895;;1;1
210615;Lachs 120;;;8362990;A;[T]26.115[R]23.43;;1;1
210615;Lachs 15;;;11516885;A;[F]0.895[C]1.953[I]2.441;;1;1
210615;Lachs 20;;;12569313;A;[T]0.895[F]0.651[I]0.651;;1;1
210615;Lachs 25;;;13884397;A;[T]0.732[F]0.163[R]0.651;;1;1
210615;Lachs 30;;;14279151;A;[T]0.651[R]0.651;;1;1
210615;Lachs 35;;;6781351;C;[KX]13.261[T]0.244[F]0.895[I]3.58;;1;1
210615;Lachs 45;;;9412031;A;[F]2.115[C]3.661[I]9.518;;1;1
210615;Lachs 50;;;9084621;A;[B]0.569[F]5.369[C]8.217;;1;1
210615;Lachs 55;;;11253981;A;[R]5.858[C]5.939[L]2.115;;1;1
210615;Lachs 65;;;4612249;C;[KX]11.146[F]4.556[C]4.556[L]8.461;;1;1
210615;Lachs 70;;;5863615;C;[KX]20.664[F]3.417[C]5.695[I]0.651;;1;1
210615;Lachs 75;;;6653641;C;[KX]26.521[F]2.522[C]5.288[I]0.407;;1;1
210615;Lachs 80;;;7836117;C;[KX]42.548[F]1.546[R]4.068[C]5.207;;1;1
210615;Lachs 85;;;10992884;A;[T]7.566[R]6.834;;1;1
210615;Lachs 95;;;3101097;C;[KX]9.6[T]48.08[R]34.494[I]3.498;;1;1
210615;Lavendel 10;;;11773858;A;[B]10.169[V]2.847[E]0.163;;1;1
210615;Lavendel 100;;;10386028;C;[KX]24.162[E]10.901[R]5.939[L]0.732;;1;1
210615;Lavendel 105;;;13480357;A;[B]2.115[V]5.613[E]5.288;;1;1
210615;Lavendel 110;;;12956586;A;[B]3.986[V]3.58[E]2.685;;1;1
210615;Lavendel 115;;;14667721;A;[B]0.814[V]1.383[E]0.976;;1;1
210615;Lavendel 120;;;15260885;A;[V]0.732[E]0.732[I]0.081;;1;1
210615;Lavendel 125;;;12162440;C;[KX]33.111[V]4.068[E]5.044[L]1.464;;1;1
210615;Lavendel 130;;;13216155;A;[B]2.766[V]8.379[E]8.298;;1;1
210615;Lavendel 135;;;13873313;A;[B]0.976[V]6.671[E]7.891;;1;1
210615;Lavendel 140;;;14794674;A;[V]3.905[E]3.986[L]0.081;;1;1
210615;Lavendel 145;;;14928833;A;[V]2.359[E]2.441[L]0.488;;1;1
210615;Lavendel 15;;;12760494;A;[B]5.858[V]2.278[E]0.163;;1;1
210615;Lavendel 150;;;15256769;A;[B]0.081[V]2.197[E]2.359;;1;1
210615;Lavendel 155;;;5848364;C;[KX]4.23[B]4.474[V]17.898[E]47.511;;1;1
210615;Lavendel 160;;;7621170;C;[KX]9.763[V]16.271[E]47.348[I]0.895;;1;1
210615;Lavendel 165;;;8475706;C;[KX]14.562[V]16.678[E]37.423[I]0.732;;1;1
210615;Lavendel 170;;;8213825;C;[KX]14.318[V]15.62[E]30.671[I]1.383;;1;1
210615;Lavendel 175;;;10711386;C;[KX]24.813[B]0.569[V]10.169[E]16.108;;1;1
210615;Lavendel 180;;;12094330;C;[KX]39.457[V]6.752[E]9.112[L]0.732;;1;1
210615;Lavendel 20;;;13419455;A;[B]3.01[V]0.895[L]1.139;;1;1
210615;Lavendel 25;;;14209485;A;[B]1.383[V]0.488[L]0.732;;1;1
210615;Lavendel 30;;;14802136;A;[B]0.651[R]0.244;;1;1
210615;Lavendel 35;;;4735290;C;[KX]8.949[B]30.02[V]12.691[E]12.203;;1;1
210615;Lavendel 40;;;6248016;C;[KX]9.274[B]10.576[V]3.254[E]2.766;;1;1
210615;Lavendel 45;;;8023913;C;[KX]13.749[B]5.939[V]1.627[E]1.302;;1;1
210615;Lavendel 50;;;11181205;C;[KX]35.47[B]3.661[V]1.546[E]0.895;;1;1
210615;Lavendel 55;;;13878719;A;[B]2.359[V]1.302[E]0.814;;1;1
210615;Lavendel 60;;;15393243;A;[V]0.488[E]0.569[I]0.163;;1;1
210615;Lavendel 65;;;6310720;C;[KX]7.647[V]12.773[E]26.603[I]3.824;;1;1
210615;Lavendel 70;;;8152152;C;[KX]16.271[B]5.613[V]6.508[E]9.112;;1;1
210615;Lavendel 75;;;9730671;C;[KX]23.349[B]2.034[E]8.135[R]5.125;;1;1
210615;Lavendel 80;;;11638411;C;[KX]36.935[B]1.79[V]3.173[E]3.742;;1;1
210615;Lavendel 85;;;11836305;C;[KX]21.722[B]1.22[V]1.708[E]1.871;;1;1
210615;Lavendel 90;;;12494492;A;[B]5.858[V]7.159[E]5.776;;1;1
210615;Lavendel 95;;;7821644;C;[KX]12.935[V]13.423[E]16.922[L]6.346;;1;1
210615;Lazur 10;;;10195593;C;[KX]28.474[B]4.149[V]0.651[E]1.139;;1;1
210615;Lazur 100;;;8021070;C;[KX]15.376[F]1.383[V]3.661[E]21.966;;1;1
210615;Lazur 105;;;9139036;C;[KX]49.382[B]9.681[V]7.078[E]21.559;;1;1
210615;Lazur 110;;;10784637;C;[KX]24.894[B]2.766[V]1.383[E]3.417;;1;1
210615;Lazur 115;;;13416610;A;[B]3.742[V]1.708[E]5.369;;1;1
210615;Lazur 120;;;14140594;A;[B]1.708[V]1.139[E]3.254;;1;1
210615;Lazur 125;;;7229999;C;[KX]6.508[B]4.8[V]2.115[E]30.426;;1;1
210615;Lazur 130;;;8545864;C;[KX]17.898[B]3.742[E]22.291[R]4.393;;1;1
210615;Lazur 135;;;11505262;C;[KX]31.647[B]1.627[V]2.441[E]8.949;;1;1
210615;Lazur 140;;;10915190;C;[KX]30.671[B]2.847[V]2.034[E]6.102;;1;1
210615;Lazur 145;;;13019792;A;[B]3.986[V]4.312[E]12.04;;1;1
210615;Lazur 15;;;11577760;A;[B]11.227[I]0.976;;1;1
210615;Lazur 150;;;12495253;A;[B]6.59[V]3.01[E]8.542;;1;1
210615;Lazur 155;;;7820580;C;[KX]11.878[B]3.905[D]1.22[E]75.497;;1;1
210615;Lazur 160;;;9070143;C;[KX]20.745[B]3.661[V]4.881[E]31.565;;1;1
210615;Lazur 165;;;10122575;C;[KX]15.864[E]15.62[R]3.091[L]1.708;;1;1
210615;Lazur 170;;;11964520;C;[KX]42.63[B]1.464[V]3.173[E]13.179;;1;1
210615;Lazur 175;;;13937795;A;[B]1.139[V]4.719[E]19.85;;1;1
210615;Lazur 185;;;8870168;C;[KX]8.542[V]0.569[E]72.324[L]2.441;;1;1
210615;Lazur 190;;;8739870;C;[KX]8.868[B]2.034[E]46.535;;1;1
210615;Lazur 195;;;10712900;C;[KX]38.155[B]1.464[E]41.003[R]4.068;;1;1
210615;Lazur 20;;;13025981;A;[F]0.651[E]3.01[L]2.929;;1;1
210615;Lazur 200;;;12684883;C;[KX]48.731[V]3.01[E]24.081[L]0.407;;1;1
210615;Lazur 25;;;13816011;A;[B]1.464[R]0.163[L]1.302;;1;1
210615;Lazur 30;;;14737626;A;[B]0.407[L]0.895;;1;1
210615;Lazur 35;;;13681848;A;[B]2.359[E]1.79[R]0.814;;1;1
210615;Lazur 40;;;14340550;A;[B]1.383[V]0.325[E]0.651;;1;1
210615;Lazur 45;;;14999509;A;[V]0.163[E]0.814[I]0.244;;1;1
210615;Lazur 5;;;8879217;C;[KX]18.223[B]4.881[E]2.766[R]1.058;;1;1
210615;Lazur 50;;;14934233;A;[B]0.488[R]0.081;;1;1
210615;Lazur 55;;;15329505;A;[V]0.081[E]0.244[I]0.163;;1;1
210615;Lazur 60;;;15461093;A;[B]0.163[L]0.081;;1;1
210615;Lazur 65;;;6049599;C;[KX]9.518[V]5.044[E]32.216[I]6.183;;1;1
210615;Lazur 70;;;6772809;C;[KX]9.274[B]7.891[V]2.766[E]8.135;;1;1
210615;Lazur 75;;;8286822;C;[KX]10.82[B]4.23[V]1.22[E]2.685;;1;1
210615;Lazur 80;;;10390395;C;[KX]46.941[V]3.336[E]10.901[I]3.01;;1;1
210615;Lazur 85;;;11905178;A;[B]9.763[V]1.464[E]4.068;;1;1
210615;Lazur 90;;;13812918;A;[B]2.197[V]0.814[E]1.871;;1;1
210615;Lazur 95;;;6245430;C;[KX]8.542[V]5.451[E]49.138[I]4.881;;1;1
210615;Litho 10;;;9731963;C;[KX]48.324[B]7.159[V]7.078[E]4.23;;1;1
210615;Litho 20;;;12498608;A;[E]4.068[R]2.766[L]8.054;;1;1
210615;Litho 25;;;14341586;A;[V]0.407[E]0.814[I]0.732;;1;1
210615;Litho 30;;;15065822;A;[V]0.163[E]0.163[L]0.895;;1;1
210615;Litho 5;;;7823194;C;[KX]13.342[B]5.207[V]8.054[E]6.264;;1;1
210615;Mai 10;;;7699321;C;[KX]15.295[B]4.312[L]5.613;;1;1
210615;Mai 15;;;9937053;C;[KX]34.169[B]3.091[F]0.081[C]1.058;;1;1
210615;Mai 20;;;11911101;A;[B]3.742[C]3.336[I]0.407;;1;1
210615;Mai 25;;;13489619;A;[B]1.058[C]1.139[I]0.244;;1;1
210615;Mai 30;;;14608614;A;[B]0.081[C]0.407;;1;1
210615;Mai 35;;;6650749;C;[KX]10.739[D]1.546[T]0.569[L]14.4;;1;1
210615;Mai 45;;;10137775;A;[B]6.59[D]0.488[C]12.122;;1;1
210615;Mai 5;;;6449255;C;[KX]10.088[B]7.159[T]0.895[I]0.732;;1;1
210615;Mai 50;;;11453380;A;[D]1.058[C]4.312[L]7.729;;1;1
210615;Mai 55;;;12835292;A;[D]0.244[C]2.359[L]1.383;;1;1
210615;Mai 60;;;13953514;A;[T]0.163[AXX]1.383[L]0.244;;1;1
210615;Mai 65;;;7579300;C;[KX]31.403[B]0.895[D]1.953[C]8.949;;1;1
210615;Mai 70;;;5090217;C;[KX]31.321[D]1.871[AXX]42.63[L]4.963;;1;1
210615;Mai 75;;;4504505;C;[KX]33.681[D]2.359[AXX]56.46[C]4.8;;1;1
210615;Mai 80;;;5882820;C;[KX]44.989[D]1.22[AXX]37.586[I]0.488;;1;1
210615;Mai 85;;;8901842;A;[D]1.546[AXX]27.091[C]3.742;;1;1
210615;Mai 90;;;8182496;A;[B]0.325[D]0.407[AXX]47.511;;1;1
210615;Marin 10;;;12892328;A;[B]5.044[V]0.163[E]2.929;;1;1
210615;Marin 15;;;13616825;A;[B]3.173[V]0.163[E]0.895;;1;1
210615;Marin 20;;;14209994;A;[B]1.627[E]0.163[L]0.244;;1;1
210615;Marin 25;;;14869211;A;[E]0.325[I]0.325;;1;1
210615;Marin 30;;;15001312;A;[E]0.244[I]0.244[L]0.163;;1;1
210615;Marin 35;;;8876632;C;[KX]18.467[F]1.139[E]18.142[R]1.708;;1;1
210615;Marin 40;;;10719094;C;[KX]28.474[B]3.01[E]5.776[R]0.976;;1;1
210615;Marin 45;;;12627348;A;[B]6.915[V]1.22[E]8.705;;1;1
210615;Marin 5;;;12102295;A;[B]9.03[V]0.651[E]6.102;;1;1
210615;Marin 50;;;14206637;A;[V]0.732[E]5.288[I]0.814;;1;1
210615;Marin 55;;;14865602;A;[B]0.732[V]0.407[E]1.871;;1;1
210615;Marin 60;;;15459541;A;[E]0.732[R]0.163[L]0.244;;1;1
210615;Marin 65;;;10449935;C;[KX]16.271[B]0.244[D]4.556[E]42.223;;1;1
210615;Marin 70;;;12027958;C;[KX]12.61[B]0.651[E]14.644;;1;1
210615;Marin 75;;;14068324;A;[E]42.141[L]1.627;;1;1
210615;Marin 80;;;14072728;A;[B]1.708[V]1.302[E]10.088;;1;1
210615;Marin 85;;;14469293;A;[B]1.22[V]0.814[E]4.8;;1;1
210615;Marin 90;;;15327180;A;[V]0.163[E]1.546[I]0.163;;1;1
210615;Melisse 10;;;13291984;A;[D]0.163[AXX]0.325[L]5.776;;1;1
210615;Melisse 100;;;3584967;C;[KX]22.779[B]1.058[AXX]73.056;;1;1
210615;Melisse 105;;;4835808;C;[KX]44.094[D]0.163[AXX]53.124[L]1.302;;1;1
210615;Melisse 110;;;5166314;C;[KX]45.64[D]0.244[T]2.766[AXX]41.409;;1;1
210615;Melisse 115;;;7331823;A;[D]0.163[T]0.569[AXX]59.144;;1;1
210615;Melisse 120;;;12511473;A;[T]1.139[AXX]3.742[L]0.244;;1;1
210615;Melisse 15;;;14278878;A;[B]0.488[T]0.651[R]0.163;;1;1
210615;Melisse 20;;;14870244;A;[B]0.244[AXX]0.488[R]0.163;;1;1
210615;Melisse 25;;;14214888;A;[T]0.244[C]0.569[L]0.651;;1;1
210615;Melisse 30;;;14281453;A;[AXX]1.302[R]0.081[I]0.081;;1;1
210615;Melisse 35;;;8824235;A;[B]8.868[C]24.732;;1;1
210615;Melisse 40;;;11125189;A;[B]2.847[T]1.464[C]5.695;;1;1
210615;Melisse 45;;;12308948;A;[B]1.139[C]3.986;;1;1
210615;Melisse 5;;;12174018;A;[B]3.091[T]2.115[F]0.244;;1;1
210615;Melisse 50;;;12901086;A;[D]0.163[C]2.359[L]1.627;;1;1
210615;Melisse 55;;;13952745;A;[D]0.081[C]1.464[I]0.081;;1;1
210615;Melisse 60;;;14871788;A;[AXX]0.732[R]0.081[L]0.244;;1;1
210615;Melisse 65;;;4746869;C;[KX]7.078[B]5.369[D]1.708[C]19.85;;1;1
210615;Melisse 70;;;7244946;C;[KX]16.678[B]3.58[T]2.522[C]2.197;;1;1
210615;Melisse 75;;;7382450;C;[KX]22.861[B]1.871[T]5.858;;1;1
210615;Melisse 80;;;9750739;A;[B]1.464[AXX]13.423[C]6.834;;1;1
210615;Melisse 85;;;11395822;A;[AXX]7.81[C]1.871[L]0.163;;1;1
210615;Melisse 90;;;13626095;A;[AXX]2.441[R]0.163[L]0.081;;1;1
210615;Mint 15;;;12567737;A;[B]3.417[D]0.814[C]1.871;;1;1
210615;Mint 20;;;13554377;A;[B]1.708[D]0.325[C]0.976;;1;1
210615;Mint 25;;;14343893;A;[D]0.163[E]0.244[L]2.115;;1;1
210615;Mint 30;;;14936034;A;[D]0.081[I]0.081[L]0.569;;1;1
210615;Mint 35;;;6911849;C;[KX]11.308[D]4.963[E]1.546[I]4.149;;1;1
210615;Mint 40;;;7439721;C;[KX]19.2[B]4.068[D]6.508[C]4.23;;1;1
210615;Mint 45;;;9149572;C;[KX]22.372[B]2.522[D]2.685[C]1.79;;1;1
210615;Mint 5;;;8751745;C;[KX]20.908[B]2.766[D]1.79[I]1.708;;1;1
210615;Mint 50;;;10857881;A;[B]8.624[D]4.963[C]5.451;;1;1
210615;Mint 55;;;12371636;A;[B]2.685[D]2.278[C]2.522;;1;1
210615;Mint 60;;;14344662;A;[D]0.488[AXX]0.325[L]1.708;;1;1
210615;Mint 65;;;5799996;C;[KX]9.681[D]27.904[T]4.556[I]0.976;;1;1
210615;Mint 70;;;6257741;C;[KX]9.274[B]2.197[D]14.156[C]4.719;;1;1
210615;Mint 75;;;7312989;C;[KX]15.945[D]13.83[C]4.23[L]2.441;;1;1
210615;Mint 80;;;9679740;C;[KX]44.257[D]11.471[C]3.661[I]0.325;;1;1
210615;Mint 85;;;9875338;A;[B]4.312[D]20.094[C]13.261;;1;1
210615;Mint 90;;;13689287;A;[D]2.115[C]1.383[L]0.163;;1;1
210615;Moos 10;;;6712424;C;[KX]9.193[B]4.474[D]0.732[L]6.427;;1;1
210615;Moos 100;;;7121560;C;[KX]42.874[D]4.637[AXX]20.339[I]2.034;;1;1
210615;Moos 105;;;8169628;C;[KX]21.233[B]0.976[D]1.708[C]4.474;;1;1
210615;Moos 115;;;12575191;A;[D]0.651[AXX]4.312[I]0.244;;1;1
210615;Moos 120;;;13428958;A;[D]0.325[T]0.163[AXX]2.115;;1;1
210615;Moos 15;;;8225663;C;[KX]20.745[B]5.939[C]1.546[L]0.081;;1;1
210615;Moos 20;;;10330010;C;[KX]20.257[B]2.359[C]0.244[L]0.651;;1;1
210615;Moos 25;;;13422538;A;[B]1.871[T]0.814[I]0.081;;1;1
210615;Moos 30;;;14541020;A;[B]0.244[T]0.081[L]1.139;;1;1
210615;Moos 35;;;8426124;C;[KX]15.051[B]3.091[D]0.488[T]1.708;;1;1
210615;Moos 45;;;11383469;A;[B]7.159[F]0.163[C]3.254;;1;1
210615;Moos 5;;;5265233;C;[KX]10.169[B]17.003[C]4.963;;1;1
210615;Moos 50;;;11319218;A;[B]5.695[D]0.163[C]4.881;;1;1
210615;Moos 55;;;12896966;A;[B]2.441[C]1.464[L]0.569;;1;1
210615;Moos 60;;;13424849;A;[B]1.139[AXX]1.871;;1;1
210615;Moos 70;;;7642772;C;[KX]27.498[B]2.359[D]2.359[T]5.776;;1;1
210615;Moos 75;;;9874341;A;[B]7.566[D]2.115[C]12.04;;1;1
210615;Moos 80;;;11584701;A;[B]2.115[D]1.302[C]5.044;;1;1
210615;Moos 85;;;12374988;A;[B]0.732[D]1.139[C]3.986;;1;1
210615;Moos 90;;;14214880;A;[D]0.163[AXX]0.976[I]0.163;;1;1
210615;Moos 95;;;4625537;C;[KX]20.339[D]6.508[AXX]48.324[I]2.359;;1;1
210615;Natur-Weiss;;;14673893;A;[T]0.163[L]0.814;;1;1
210615;Oase 10;;;9345681;C;[KX]26.115[B]3.091[D]0.569[C]1.627;;1;1
210615;Oase 100;;;4813399;C;[KX]5.695[B]2.278[D]12.61[C]15.213;;1;1
210615;Oase 105;;;6522491;C;[KX]16.434[D]4.393[C]5.858[L]10.007;;1;1
210615;Oase 110;;;9026721;A;[D]12.122[AXX]9.763[C]17.003;;1;1
210615;Oase 115;;;10075306;A;[B]1.627[D]6.752[C]14.4;;1;1
210615;Oase 120;;;13888220;A;[B]0.081[D]0.407[AXX]2.034;;1;1
210615;Oase 125;;;4093009;C;[KX]10.088[B]5.613[D]13.505[AXX]58.494;;1;1
210615;Oase 130;;;4625002;C;[KX]25.627[D]23.186[T]28.881[AXX]6.508;;1;1
210615;Oase 135;;;6594176;C;[KX]28.149[B]1.302[D]7.729[T]11.634;;1;1
210615;Oase 140;;;5353346;C;[KX]34.494[D]9.356[AXX]51.579[L]1.953;;1;1
210615;Oase 145;;;6733458;C;[KX]44.013[D]6.671[AXX]28.311[I]0.325;;1;1
210615;Oase 15;;;10266783;A;[B]10.169[D]2.685[C]8.949;;1;1
210615;Oase 150;;;9227950;A;[D]7.159[AXX]30.264[I]0.569;;1;1
210615;Oase 20;;;12239803;A;[B]3.173[D]0.814[C]2.685;;1;1
210615;Oase 25;;;13358029;A;[B]1.627[T]0.325[AXX]1.22;;1;1
210615;Oase 30;;;14409689;A;[B]0.651[AXX]0.732[R]0.081;;1;1
210615;Oase 35;;;4279618;C;[KX]4.556[B]22.616[D]9.356[C]17.979;;1;1
210615;Oase 40;;;5004112;C;[KX]9.356[B]11.471[D]3.336[C]8.705;;1;1
210615;Oase 45;;;6322798;C;[KX]9.274[D]3.417[C]1.464[L]12.284;;1;1
210615;Oase 5;;;7964798;C;[KX]20.827[B]4.8[D]1.464[C]3.173;;1;1
210615;Oase 50;;;10663851;A;[B]4.068[D]3.742[C]9.03;;1;1
210615;Oase 55;;;13423819;A;[B]1.302[D]0.407[C]1.383;;1;1
210615;Oase 60;;;14738910;A;[D]0.244[AXX]0.325[I]0.244;;1;1
210615;Oase 65;;;3822147;C;[KX]0.732[B]10.576[D]25.22[C]31.647;;1;1
210615;Oase 70;;;5006935;C;[KX]6.102[B]6.671[D]9.437[C]13.098;;1;1
210615;Oase 75;;;8165513;C;[KX]27.416[B]2.766[D]2.766[C]4.881;;1;1
210615;Oase 80;;;11847355;A;[B]2.115[D]1.79[C]4.556;;1;1
210615;Oase 85;;;12965066;A;[D]1.058[C]1.546[L]3.01;;1;1
210615;Oase 90;;;14213851;A;[D]0.325[T]0.488[L]1.22;;1;1
210615;Oase 95;;;3759687;C;[KX]6.915[D]35.308[T]32.054[I]4.8;;1;1
210615;Off White 10;;;15001836;A;[AXX]0.244[R]0.244[L]0.407;;1;1
210615;Off White 15;;;14936556;A;[T]0.163[F]0.081[L]0.081;;1;1
210615;Off White 20;;;14543596;A;[C]0.732;;1;1
210615;Off White 25;;;14544108;A;[AXX]0.569[C]0.244[L]0.163;;1;1
210615;Off White 30;;;14872297;A;[D]0.081[T]0.407;;1;1
210615;Off White 35;;;15265251;A;[D]0.163[T]0.081[L]0.163;;1;1
210615;Off White 40;;;15265247;A;[B]0.081[D]0.244[AXX]0.163;;1;1
210615;Off White 45;;;15461345;A;[D]0.244[I]0.163;;1;1
210615;Off White 5;;;15132649;A;[AXX]0.163[R]0.244[L]0.407;;1;1
210615;Off White 50;;;15263969;A;[B]0.163[L]0.163;;1;1
210615;Off White 55;;;15395301;A;[B]0.163[R]0.081[L]0.081;;1;1
210615;Off White 60;;;15262948;A;[E]0.163[R]0.325[L]0.325;;1;1
210615;Onyx 10;;;11515320;A;[B]4.963[F]0.651[C]2.766;;1;1
210615;Onyx 100;;;7902379;C;[KX]20.257[B]1.708[T]3.091[F]0.569;;1;1
210615;Onyx 105;;;9088202;A;[B]1.871[F]1.708[C]18.223;;1;1
210615;Onyx 110;;;10665427;A;[B]1.139[F]0.976[C]8.624;;1;1
210615;Onyx 115;;;12176862;A;[B]0.325[F]0.488[C]3.498;;1;1
210615;Onyx 120;;;13951725;A;[T]0.244[R]0.325[C]0.895;;1;1
210615;Onyx 125;;;7180208;C;[KX]22.861[B]1.464[F]0.895[C]5.532;;1;1
210615;Onyx 130;;;7512263;C;[KX]28.311[C]6.427[I]1.871;;1;1
210615;Onyx 135;;;9155286;A;[F]0.732[C]19.118[I]1.79;;1;1
210615;Onyx 140;;;10666977;A;[T]7.566[F]0.814[L]2.115;;1;1
210615;Onyx 145;;;12047081;A;[R]0.976[C]5.125[I]0.081;;1;1
210615;Onyx 15;;;12106941;A;[B]3.336[C]1.546[I]1.546;;1;1
210615;Onyx 150;;;13295088;A;[T]1.708[R]0.732;;1;1
210615;Onyx 155;;;4619949;C;[KX]12.61[B]1.464[T]12.773[F]1.058;;1;1
210615;Onyx 160;;;5999796;C;[KX]23.837[T]9.763[F]0.732[L]7.566;;1;1
210615;Onyx 165;;;7710679;C;[KX]31.159[T]5.125[F]0.651[L]1.546;;1;1
210615;Onyx 170;;;8566755;A;[T]21.803[F]1.464[L]1.139;;1;1
210615;Onyx 175;;;10274541;A;[T]8.379[R]2.359[C]3.336;;1;1
210615;Onyx 180;;;12113650;A;[T]3.824[R]1.058;;1;1
210615;Onyx 185;;;5674446;C;[KX]28.311[T]14.4[F]0.976[L]2.847;;1;1
210615;Onyx 190;;;5479127;C;[KX]26.196[B]0.244[T]16.434[F]0.814;;1;1
210615;Onyx 195;;;6859749;A;[T]44.908[F]2.115[L]0.325;;1;1
210615;Onyx 20;;;12830924;A;[B]1.871[F]0.407[C]1.058;;1;1
210615;Onyx 200;;;8436464;A;[T]23.593[R]3.417[I]0.163;;1;1
210615;Onyx 205;;;10210035;A;[T]11.796[R]1.871;;1;1
210615;Onyx 210;;;14870764;A;[R]0.163[C]0.407;;1;1
210615;Onyx 220;;;3183070;C;[KX]26.277[T]44.826[F]0.895[C]11.064;;1;1
210615;Onyx 225;;;5287667;C;[KX]44.419[T]23.593[R]1.464[C]1.871;;1;1
210615;Onyx 230;;;5943538;C;[KX]43.362[T]19.362[R]1.627[I]0.163;;1;1
210615;Onyx 25;;;13093579;A;[B]2.034[F]0.325[C]0.895;;1;1
210615;Onyx 30;;;14079957;A;[D]0.244[E]0.325[I]1.058;;1;1
210615;Onyx 35;;;6515568;C;[KX]9.925[B]5.288[T]0.895[I]1.708;;1;1
210615;Onyx 40;;;8095114;C;[KX]17.573[B]3.905[F]0.407[C]1.058;;1;1
210615;Onyx 45;;;10594734;A;[B]7.81[F]1.302[C]5.207;;1;1
210615;Onyx 50;;;13160661;A;[B]0.651[C]0.976[I]1.139;;1;1
210615;Onyx 55;;;13686745;A;[C]0.244[I]0.163[L]3.417;;1;1
210615;Onyx 60;;;14738662;A;[AXX]0.325[R]0.163[L]0.569;;1;1
210615;Onyx 65;;;8098469;C;[KX]18.467[B]1.871[T]1.708[F]0.569;;1;1
210615;Onyx 70;;;11122884;A;[B]1.627[C]4.068[I]3.173;;1;1
210615;Onyx 75;;;11847382;A;[C]3.336[I]2.034[L]1.302;;1;1
210615;Onyx 80;;;12570329;A;[B]0.651[F]0.407[C]2.115;;1;1
210615;Onyx 85;;;13884899;A;[AXX]0.163[C]0.488[I]0.569;;1;1
210615;Onyx 90;;;14279657;A;[F]0.081[C]0.569[I]0.081;;1;1
210615;Onyx 95;;;6651023;C;[KX]12.691[B]3.091[F]0.732[C]3.417;;1;1
210615;Pacific 10;;;6183245;C;[KX]8.949[B]11.064[V]0.325[E]4.474;;1;1
210615;Pacific 100;;;6904123;C;[KX]10.169[B]8.135[D]1.302[E]20.013;;1;1
210615;Pacific 105;;;10720120;C;[KX]47.999[B]5.207[E]6.996;;1;1
210615;Pacific 110;;;10325625;C;[KX]45.558[B]6.346[V]0.163[E]5.695;;1;1
210615;Pacific 115;;;14076077;A;[B]1.953[D]0.325[E]3.824;;1;1
210615;Pacific 120;;;13879216;A;[B]2.522[D]0.244[E]2.522;;1;1
210615;Pacific 125;;;6442793;C;[KX]9.112[B]6.671[D]7.891[E]62.155;;1;1
210615;Pacific 130;;;7626803;C;[KX]13.179[B]5.369[D]4.068[E]31.728;;1;1
210615;Pacific 135;;;8942933;C;[KX]20.827[B]5.532[V]0.407[E]11.634;;1;1
210615;Pacific 140;;;10653810;C;[KX]28.881[B]3.498[V]0.163[E]5.939;;1;1
210615;Pacific 145;;;12299151;A;[B]7.81[D]1.139[E]9.03;;1;1
210615;Pacific 15;;;10525325;C;[KX]30.101[B]3.661[E]0.895;;1;1
210615;Pacific 150;;;14404007;A;[B]1.464[D]0.244[E]5.288;;1;1
210615;Pacific 155;;;9137442;C;[KX]9.437[B]1.627[D]3.58[E]25.871;;1;1
210615;Pacific 160;;;9336652;C;[KX]33.437[B]6.508[D]0.895[E]23.593;;1;1
210615;Pacific 165;;;11044930;C;[KX]10.739[D]0.244[E]10.901[I]0.651;;1;1
210615;Pacific 170;;;11178598;C;[KX]32.298[B]2.603[D]0.488[E]10.169;;1;1
210615;Pacific 175;;;12559209;C;[KX]48.243[E]13.668[L]2.441;;1;1
210615;Pacific 180;;;14796951;A;[B]0.488[D]0.976[E]9.03;;1;1
210615;Pacific 20;;;12039340;A;[B]7.647[D]0.325[C]1.302;;1;1
210615;Pacific 25;;;13026495;A;[B]2.847[D]0.163[L]3.498;;1;1
210615;Pacific 30;;;14211023;A;[B]0.732[D]0.407[I]0.488;;1;1
210615;Pacific 35;;;6642503;C;[KX]9.356[B]10.739[D]0.325[E]8.135;;1;1
210615;Pacific 40;;;7366744;C;[KX]45.396[B]24.976[V]0.488[E]12.366;;1;1
210615;Pacific 45;;;8945520;C;[KX]33.843[B]9.356[D]0.569[E]3.742;;1;1
210615;Pacific 5;;;4736055;C;[KX]9.6[B]30.345[E]22.291;;1;1
210615;Pacific 50;;;12697011;A;[B]3.173[E]1.546[L]5.044;;1;1
210615;Pacific 55;;;13618372;A;[B]2.603[D]0.081[C]0.244;;1;1
210615;Pacific 65;;;10787982;C;[KX]47.755[B]4.719[E]1.871;;1;1
210615;Pacific 70;;;11840151;A;[B]10.332[D]1.464[E]3.824;;1;1
210615;Pacific 75;;;11905945;A;[B]10.169[D]1.464[E]2.278;;1;1
210615;Pacific 80;;;13485235;A;[B]3.254[D]0.407[E]1.383;;1;1
210615;Pacific 85;;;14802897;A;[D]0.163[E]0.732[I]0.325;;1;1
210615;Pacific 90;;;15328986;A;[D]0.081[E]0.407[I]0.163;;1;1
210615;Palazzo 100;;;7701644;C;[KX]20.745[B]4.393[T]2.359[F]0.488;;1;1
210615;Palazzo 110;;;10135211;A;[B]7.241[C]7.241[I]3.824;;1;1
210615;Palazzo 115;;;12569038;A;[B]1.302[C]1.871[I]1.22;;1;1
210615;Palazzo 120;;;13162462;A;[C]1.302[I]0.488[L]1.546;;1;1
210615;Palazzo 125;;;3885647;C;[KX]4.474[B]14.074[T]10.413[F]2.115;;1;1
210615;Palazzo 130;;;5267301;C;[KX]9.925[B]7.729[T]4.312[I]2.522;;1;1
210615;Palazzo 135;;;6452608;C;[KX]12.203[B]4.556[F]0.569[C]4.149;;1;1
210615;Palazzo 145;;;10334651;A;[B]3.254[C]8.054[I]2.929;;1;1
210615;Palazzo 15;;;11646387;A;[B]5.939[F]0.488[C]2.603;;1;1
210615;Palazzo 150;;;11585233;A;[D]0.569[C]4.637[I]2.359;;1;1
210615;Palazzo 155;;;4281696;C;[KX]6.346[B]8.379[T]7.729[I]4.23;;1;1
210615;Palazzo 160;;;5334897;C;[KX]10.088[D]4.149[C]3.58[I]7.891;;1;1
210615;Palazzo 165;;;7045777;C;[KX]16.434[B]3.58[F]0.407[C]4.393;;1;1
210615;Palazzo 170;;;10073541;A;[D]1.139[C]10.82[I]3.905;;1;1
210615;Palazzo 175;;;11521246;A;[B]0.163[C]5.939[I]1.058;;1;1
210615;Palazzo 180;;;13624302;A;[T]0.488[F]0.081[C]1.22;;1;1
210615;Palazzo 185;;;3627115;C;[KX]5.369[B]0.651[T]27.254[L]31.647;;1;1
210615;Palazzo 190;;;5207435;C;[KX]7.078[B]2.766[C]12.122[I]0.976;;1;1
210615;Palazzo 195;;;7378859;C;[KX]26.521[B]1.546[C]7.159[I]1.058;;1;1
210615;Palazzo 20;;;12566976;A;[B]1.546[L]8.298;;1;1
210615;Palazzo 200;;;8562106;A;[B]4.393[F]0.976[C]24.813;;1;1
210615;Palazzo 205;;;9878997;A;[B]0.895[F]0.651[C]14.644;;1;1
210615;Palazzo 210;;;12705260;A;[R]0.244[C]3.824[L]0.163;;1;1
210615;Palazzo 215;;;5079968;C;[KX]17.491[B]2.034[C]20.989[I]0.325;;1;1
210615;Palazzo 220;;;7840958;A;[D]1.708[C]37.586[I]5.207;;1;1
210615;Palazzo 225;;;8564168;A;[D]0.569[C]26.44[I]3.905;;1;1
210615;Palazzo 230;;;10078696;A;[T]3.173[F]0.244[C]9.681;;1;1
210615;Palazzo 235;;;11458802;A;[T]5.776[F]0.244[AXX]0.325;;1;1
210615;Palazzo 240;;;14215149;A;[R]0.081[C]0.976;;1;1
210615;Palazzo 245;;;4157839;C;[KX]11.959[B]3.986[T]20.257[F]0.895;;1;1
210615;Palazzo 25;;;13554127;A;[E]0.569[I]0.651[L]2.929;;1;1
210615;Palazzo 250;;;4358821;C;[KX]9.6[D]0.814[C]30.345[L]3.742;;1;1
210615;Palazzo 255;;;6267592;C;[KX]23.755[D]0.163[C]12.854[L]2.115;;1;1
210615;Palazzo 260;;;7844565;A;[D]0.325[C]38.318[I]0.895;;1;1
210615;Palazzo 265;;;8964076;A;[T]13.993[F]0.325[C]6.915;;1;1
210615;Palazzo 270;;;10081269;A;[T]11.715[F]0.163[R]0.081;;1;1
210615;Palazzo 280;;;3305103;C;[KX]11.39[B]4.068[T]44.013[R]2.929;;1;1
210615;Palazzo 285;;;4824007;C;[KX]33.843[T]23.43[C]8.949[L]5.695;;1;1
210615;Palazzo 290;;;5613266;C;[KX]35.064[D]0.163[T]18.223[I]1.546;;1;1
210615;Palazzo 295;;;7190498;A;[T]14.237[C]33.355;;1;1
210615;Palazzo 30;;;14409436;A;[B]0.488[R]0.244[C]0.407;;1;1
210615;Palazzo 300;;;9097205;A;[T]15.945[R]0.325[C]2.034;;1;1
210615;Palazzo 305;;;3636904;C;[KX]11.39[B]2.359[T]33.111[C]49.951;;1;1
210615;Palazzo 310;;;3246006;C;[KX]17.328[B]1.22[T]44.989[I]1.464;;1;1
210615;Palazzo 315;;;3968954;C;[KX]22.779[T]34.006[I]0.569[L]6.834;;1;1
210615;Palazzo 320;;;4237013;C;[KX]34.494[B]0.732[T]36.528[R]0.488;;1;1
210615;Palazzo 325;;;7587059;A;[T]35.796[F]0.244[I]0.325;;1;1
210615;Palazzo 330;;;7785460;A;[T]31.809[L]0.814;;1;1
210615;Palazzo 340;;;2920129;C;[KX]22.047[B]1.058[T]62.155[I]1.058;;1;1
210615;Palazzo 345;;;2926038;C;[KX]22.779[T]28.881[AXX]30.671[L]3.173;;1;1
210615;Palazzo 35;;;7567738;C;[KX]14.481[B]5.125[T]0.976[I]0.976;;1;1
210615;Palazzo 355;;;3454191;C;[KX]41.816[T]43.036[AXX]9.356[L]1.22;;1;1
210615;Palazzo 360;;;6080242;C;[KX]46.941[T]8.624[AXX]13.017[C]3.742;;1;1
210615;Palazzo 40;;;10331301;C;[KX]38.155[B]2.766[T]0.488[I]1.058;;1;1
210615;Palazzo 45;;;11449782;A;[B]5.613[F]0.651[C]3.824;;1;1
210615;Palazzo 5;;;9803927;C;[KX]36.203[B]4.312[R]0.814[C]1.139;;1;1
210615;Palazzo 50;;;12437192;A;[B]2.197[C]2.359[I]1.139;;1;1
210615;Palazzo 55;;;13423831;A;[AXX]0.488[I]0.407[L]3.824;;1;1
210615;Palazzo 60;;;14212831;A;[B]0.244[C]0.407[I]0.407;;1;1
210615;Palazzo 65;;;3686464;C;[B]14.562[C]3.742[I]2.603;;1;1
210615;Palazzo 70;;;5265497;C;[KX]7.078[B]10.657[F]0.488[C]2.522;;1;1
210615;Palazzo 75;;;7041652;C;[KX]15.457[B]6.264[C]1.22[I]1.79;;1;1
210615;Palazzo 80;;;9016472;C;[KX]20.176[B]2.766[T]0.895[I]0.732;;1;1
210615;Palazzo 85;;;11253692;A;[B]3.417[C]4.474[I]2.522;;1;1
210615;Palazzo 90;;;14411497;A;[AXX]0.814[R]0.244[L]0.488;;1;1
210615;Palazzo 95;;;7240061;C;[KX]18.549[B]2.278[D]0.407[L]16.108;;1;1
210615;Palm 10;;;5528145;C;[KX]9.274[B]13.179[D]1.953[C]2.929;;1;1
210615;Palm 15;;;5858646;C;[KX]9.274[B]8.624[D]4.474[C]3.905;;1;1
210615;Palm 20;;;7041384;C;[KX]10.576[B]6.264[D]0.814[C]1.139;;1;1
210615;Palm 25;;;8163451;C;[KX]13.505[D]3.173[L]7.729[C]0.407;;1;1
210615;Palm 30;;;10268310;A;[B]6.264[D]10.169[C]9.356;;1;1
210615;Palm 35;;;4017715;C;[B]5.695[D]29.857[C]8.379;;1;1
210615;Palm 40;;;4218164;C;[KX]10.657[B]6.508[D]61.829[T]27.66;;1;1
210615;Palm 45;;;4741951;C;[KX]9.518[B]10.82[D]23.593[T]7.322;;1;1
210615;Palm 5;;;5331530;C;[KX]9.356[B]13.668[D]6.834[C]4.637;;1;1
210615;Palm 50;;;5007679;C;[KX]7.973[B]2.603[D]29.694[C]13.017;;1;1
210615;Palm 55;;;5797965;C;[KX]9.356[D]19.281[C]5.369[I]2.034;;1;1
210615;Palm 60;;;6189911;C;[KX]9.274[D]12.122[C]0.976[I]3.742;;1;1
210615;Palm 65;;;3957802;C;[KX]4.474[D]81.273[T]13.179;;1;1
210615;Palm 70;;;4418611;C;[KX]9.112[B]0.651[D]55.158[T]19.688;;1;1
210615;Palm 75;;;5273666;C;[KX]11.064[D]34.657[AXX]0.976[C]13.423;;1;1
210615;Patina 10;;;10988438;C;[KX]35.064[B]1.79[D]1.953[L]2.441;;1;1
210615;Patina 100;;;7043638;C;[KX]14.4[B]3.58[D]28.474[C]0.814;;1;1
210615;Patina 105;;;8623423;C;[KX]15.539[D]15.213[E]1.22[L]3.905;;1;1
210615;Patina 110;;;8556887;C;[KX]24.488[B]3.01[D]14.237[C]1.058;;1;1
210615;Patina 115;;;10531686;C;[KX]30.101[B]0.814[D]10.007[C]0.569;;1;1
210615;Patina 120;;;10661757;A;[B]5.207[D]26.44[C]5.776;;1;1
210615;Patina 15;;;11843750;A;[B]6.183[D]2.766[C]2.522;;1;1
210615;Patina 20;;;12764597;A;[B]3.091[D]1.627[C]1.383;;1;1
210615;Patina 25;;;13750728;A;[B]1.79[D]0.244[C]0.569;;1;1
210615;Patina 30;;;15067105;A;[B]0.244[T]0.081;;1;1
210615;Patina 35;;;4869441;C;[KX]9.437[B]23.105[D]6.264[T]1.383;;1;1
210615;Patina 40;;;4738359;C;[KX]9.518[B]19.281[D]23.186[T]2.847;;1;1
210615;Patina 45;;;6383184;C;[KX]9.193[B]7.647[D]5.125[C]0.814;;1;1
210615;Patina 5;;;8949107;C;[KX]18.223[B]3.905[D]3.417[C]0.651;;1;1
210615;Patina 50;;;9409410;C;[KX]23.999[B]3.173[D]1.953[L]3.254;;1;1
210615;Patina 55;;;11975587;A;[B]4.719[D]4.23[C]1.953;;1;1
210615;Patina 60;;;13554363;A;[D]1.871[E]0.407[L]4.23;;1;1
210615;Patina 65;;;4673574;C;[KX]6.508[B]8.868[D]11.39[AXX]9.03;;1;1
210615;Patina 70;;;7107928;C;[KX]9.193[B]3.173[D]6.508[I]1.302;;1;1
210615;Patina 80;;;11910303;A;[B]4.23[D]6.508[C]2.847;;1;1
210615;Patina 85;;;12700574;A;[B]1.302[D]8.461[C]1.627;;1;1
210615;Patina 90;;;15001821;A;[D]0.325[C]0.081[L]0.407;;1;1
210615;Patina 95;;;6056745;C;[KX]9.518[B]3.824[D]37.83[I]0.407;;1;1
210615;Perl 10;;;8163759;C;[KX]20.176[B]0.325[C]1.139[I]3.01;;1;1
210615;Perl 15;;;9086153;A;[B]1.627[F]3.661[C]12.122;;1;1
210615;Perl 20;;;9611986;A;[F]2.603[C]9.03[I]1.79;;1;1
210615;Perl 25;;;10926809;A;[F]1.546[C]4.474[L]2.603;;1;1
210615;Perl 30;;;13555946;A;[R]1.058[C]1.383[I]0.081;;1;1
210615;Perl 40;;;8822214;A;[B]1.79[F]5.044[C]13.017;;1;1
210615;Perl 45;;;9546967;A;[T]8.542[F]2.929[L]2.278;;1;1
210615;Perl 5;;;7439518;C;[KX]17.979[B]2.197[F]1.139[C]2.115;;1;1
210615;Perl 50;;;11650537;A;[T]4.474[R]3.01[I]0.407;;1;1
210615;Perl 55;;;12571633;A;[T]2.522[R]1.708;;1;1
210615;Perl 60;;;13884912;A;[AXX]1.708[R]1.139;;1;1
210615;Quarz 10;;;10328990;C;[KX]34.576[B]2.847[V]0.569[I]0.895;;1;1
210615;Quarz 15;;;11645366;A;[B]5.044[F]1.139[L]1.79;;1;1
210615;Quarz 20;;;12500676;A;[B]0.976[V]1.546[L]8.868;;1;1
210615;Quarz 25;;;13092811;A;[B]1.302[F]0.163[I]1.22;;1;1
210615;Quarz 30;;;14079962;A;[V]0.488[I]0.163[L]2.197;;1;1
210615;Quarz 45;;;11316416;A;[B]0.976[V]2.522[I]6.02;;1;1
210615;Quarz 50;;;11777221;A;[F]2.034[V]0.569[E]2.441;;1;1
210615;Quarz 55;;;13027023;A;[V]1.383[I]0.651[L]4.637;;1;1
210615;Quarz 60;;;14013660;A;[E]0.163[R]0.488[I]0.814;;1;1
210615;Rose 10;;;13224652;A;[B]1.302[F]0.244[L]2.441;;1;1
210615;Rose 100;;;6311067;C;[KX]6.59[V]19.85[I]2.766;;1;1
210615;Rose 105;;;6248575;C;[KX]12.122[F]0.325[V]16.108[L]17.247;;1;1
210615;Rose 110;;;7432606;C;[KX]23.349[V]13.586[I]5.858;;1;1
210615;Rose 115;;;9207750;C;[KX]41.003[F]1.464[V]11.227[I]0.325;;1;1
210615;Rose 120;;;11446479;A;[B]0.814[F]2.278[V]6.508;;1;1
210615;Rose 15;;;14211295;A;[AXX]0.081[R]0.651[L]2.034;;1;1
210615;Rose 20;;;14474976;A;[B]0.407[AXX]0.488[R]0.569;;1;1
210615;Rose 25;;;14474974;A;[F]0.081[E]0.081[L]1.464;;1;1
210615;Rose 30;;;14869731;A;[B]0.244[T]0.244[R]0.163;;1;1
210615;Rose 35;;;8749969;C;[KX]30.426[E]3.661[R]2.929[I]3.905;;1;1
210615;Rose 40;;;10460590;A;[B]6.346[F]3.091[V]3.986;;1;1
210615;Rose 45;;;10986925;A;[B]7.078[F]2.034[V]1.139;;1;1
210615;Rose 5;;;11777207;A;[B]4.23[T]0.569[I]3.336;;1;1
210615;Rose 50;;;11841726;A;[B]2.197[V]2.441[I]3.742;;1;1
210615;Rose 55;;;12961233;A;[V]1.22[I]1.383[L]2.929;;1;1
210615;Rose 60;;;14803178;A;[T]0.163[R]0.569[I]0.081;;1;1
210615;Rose 65;;;5591908;C;[KX]20.583[F]6.752[V]13.912[E]18.711;;1;1
210615;Rose 70;;;7104890;C;[KX]13.505[B]5.288[F]0.895[V]2.929;;1;1
210615;Rose 75;;;7959445;C;[KX]20.176[V]8.705[L]13.586;;1;1
210615;Rose 80;;;9604269;C;[KX]25.383[V]4.556[L]7.078;;1;1
210615;Rose 85;;;11578054;A;[B]1.708[F]1.871[V]5.288;;1;1
210615;Rose 90;;;14408171;A;[AXX]0.569[R]1.464[I]0.081;;1;1
210615;Rose 95;;;5718428;C;[KX]17.491[F]2.766[V]72.243[I]0.325;;1;1
210615;Schiefer-Grau;;;6051664;C;[KX]12.691[B]17.735[V]0.814[E]1.058;;1;1
210615;Schwarz-Grau;;;4802885;C;[KX]3.091[B]14.4[F]0.081;;1;1
210615;Siena 10;;;7503239;C;[KX]13.993[B]3.254[T]0.814[I]1.871;;1;1
210615;Siena 100;;;10006735;A;[B]1.627[T]8.135[F]2.441;;1;1
210615;Siena 105;;;10204368;A;[T]6.59[F]1.464[L]7.322;;1;1
210615;Siena 110;;;11191522;A;[T]4.963[F]0.814[I]0.732;;1;1
210615;Siena 115;;;12637417;A;[R]0.976[C]3.01[L]0.081;;1;1
210615;Siena 120;;;13359849;A;[F]0.244[C]1.302;;1;1
210615;Siena 125;;;5869765;C;[KX]24.244[B]0.732[T]11.146[F]1.302;;1;1
210615;Siena 130;;;6655928;C;[KX]20.176[B]1.139[T]5.451[F]1.058;;1;1
210615;Siena 135;;;8169427;A;[B]0.407[F]2.441[C]29.45;;1;1
210615;Siena 140;;;10405361;A;[T]10.576[R]2.847;;1;1
210615;Siena 145;;;12309745;A;[T]3.173[R]1.22;;1;1
210615;Siena 15;;;9344925;C;[KX]40.758[E]2.115[I]2.847[L]5.613;;1;1
210615;Siena 150;;;13688560;A;[T]1.302[R]0.895;;1;1
210615;Siena 155;;;3700917;C;[KX]4.8[F]1.22[C]39.375;;1;1
210615;Siena 160;;;5477592;C;[KX]25.057[T]8.217[F]1.22[C]6.915;;1;1
210615;Siena 165;;;7644636;C;[KX]39.457[T]6.996[F]1.058[L]0.732;;1;1
210615;Siena 165;;;7644636;A;[T]26.603[F]3.498[C]6.508;;1;1
210615;Siena 170;;;7122932;C;[KX]43.118[T]12.61[R]2.522;;1;1
210615;Siena 175;;;9092339;A;[T]19.118[R]4.23;;1;1
210615;Siena 20;;;11449528;A;[B]3.417[C]2.034[I]3.01;;1;1
210615;Siena 25;;;13488850;A;[B]0.244[I]0.081[L]4.556;;1;1
210615;Siena 30;;;14409694;A;[B]0.325[AXX]0.244[I]0.325;;1;1
210615;Siena 35;;;6583685;C;[KX]13.179[B]4.149[F]0.976[C]2.603;;1;1
210615;Siena 40;;;8228252;C;[KX]27.416[R]0.651[L]16.108;;1;1
210615;Siena 45;;;10267320;A;[B]2.929[C]5.613[I]6.264;;1;1
210615;Siena 5;;;5793394;C;[KX]8.786[B]5.858[F]0.976[C]2.603;;1;1
210615;Siena 50;;;12240592;A;[D]0.488[C]1.708[I]2.603;;1;1
210615;Siena 55;;;12701658;A;[B]0.163[C]1.953[I]1.383;;1;1
210615;Siena 60;;;14345194;A;[R]0.244[C]0.651[L]0.163;;1;1
210615;Siena 65;;;4743802;C;[KX]8.542[B]6.59[F]2.034[C]16.027;;1;1
210615;Siena 70;;;5666195;C;[KX]22.616[B]3.905[F]2.115[C]12.04;;1;1
210615;Siena 75;;;6521505;C;[KX]18.386[B]2.197[F]1.22[C]6.427;;1;1
210615;Siena 80;;;7835817;C;[KX]36.365[F]0.895[C]2.847[L]13.505;;1;1
210615;Siena 85;;;10334661;A;[B]2.766[F]1.546[C]7.566;;1;1
210615;Siena 90;;;11585244;A;[F]0.651[C]4.149[L]3.417;;1;1
210615;Siena 95;;;8428729;A;[B]5.369[F]3.661[C]22.291;;1;1
210615;Soja 10;;;11846339;A;[B]2.603[C]3.986[I]0.651;;1;1
210615;Soja 15;;;13295328;A;[B]0.407[AXX]0.325[C]1.79;;1;1
210615;Soja 20;;;13626094;A;[T]0.976[AXX]0.814;;1;1
210615;Soja 25;;;14216429;A;[T]0.325[AXX]0.895[L]0.163;;1;1
210615;Soja 30;;;14347244;A;[T]0.407[AXX]0.488[L]0.244;;1;1
210615;Soja 5;;;10269107;A;[B]6.346[C]11.064[I]0.407;;1;1
210615;Tundra 10;;;6450798;C;[KX]8.705[B]5.613[T]1.708[I]0.325;;1;1
210615;Tundra 100;;;4749438;C;[KX]10.169[B]5.044[T]4.637[AXX]16.271;;1;1
210615;Tundra 105;;;5278096;C;[KX]15.051[B]3.742[AXX]20.339[C]3.01;;1;1
210615;Tundra 110;;;6134176;C;[KX]23.837[B]3.091[AXX]18.061[C]2.929;;1;1
210615;Tundra 115;;;9025212;A;[D]3.824[C]23.349[I]2.197;;1;1
210615;Tundra 120;;;9159627;A;[B]1.627[D]1.139[T]18.63;;1;1
210615;Tundra 125;;;4363420;C;[KX]24.406[D]2.766[AXX]68.175[I]3.498;;1;1
210615;Tundra 130;;;4634302;C;[KX]26.847[B]0.976[D]0.407[AXX]49.951;;1;1
210615;Tundra 135;;;4571852;C;[KX]38.887[D]0.732[AXX]56.785[L]1.627;;1;1
210615;Tundra 140;;;5625056;C;[KX]37.586[D]0.325[AXX]36.121;;1;1
210615;Tundra 145;;;6741478;A;[D]0.325[AXX]75.009;;1;1
210615;Tundra 15;;;7898244;C;[KX]24.813[B]6.752[C]3.417[I]0.732;;1;1
210615;Tundra 150;;;11724780;A;[D]0.081[AXX]8.054[I]0.081;;1;1
210615;Tundra 20;;;11056308;A;[B]5.776[F]0.244[C]5.776;;1;1
210615;Tundra 25;;;13425370;A;[B]0.569[C]1.22[L]0.814;;1;1
210615;Tundra 30;;;14345700;A;[AXX]0.569[L]1.058;;1;1
210615;Tundra 40;;;10007993;A;[B]5.451[T]5.939[C]6.671;;1;1
210615;Tundra 45;;;11388102;A;[D]0.814[C]4.312[L]8.542;;1;1
210615;Tundra 5;;;5461843;C;[KX]7.81[B]11.878[C]1.627[I]0.569;;1;1
210615;Tundra 50;;;12767696;A;[B]1.22[T]1.871[L]1.22;;1;1
210615;Tundra 55;;;13952743;A;[B]0.081[D]0.081[C]1.302;;1;1
210615;Tundra 60;;;14872300;A;[AXX]0.569[L]0.244;;1;1
210615;Tundra 65;;;4020313;C;[KX]7.322[B]17.166[C]22.942[I]0.163;;1;1
210615;Tundra 70;;;5664622;C;[KX]12.935[D]2.929[C]4.963[L]22.861;;1;1
210615;Tundra 75;;;5798523;C;[KX]17.41[D]4.963[C]10.169[I]4.556;;1;1
210615;Tundra 80;;;6260878;C;[KX]24.406[D]2.278[C]10.901[L]11.146;;1;1
210615;Tundra 85;;;8824747;A;[D]5.451[C]20.583[I]6.346;;1;1
210615;Tundra 90;;;11719381;A;[B]1.139[AXX]3.661[C]2.929;;1;1
210615;Tundra 95;;;4747894;C;[KX]16.271[D]2.441[AXX]33.681[L]29.694;;1;1
210615;Umbra-Grau;;;5395794;C;[KX]7.078[B]12.529[C]1.058[I]1.627;;1;1
210615;Umbra-Weiss;;;14213600;A;[B]0.325[T]0.569[I]0.163;;1;1
210615;Venezia 10;;;7764173;C;[KX]42.141[R]22.128[C]3.661[I]1.139;;1;1
210615;Venezia 15;;;8619224;C;[KX]41.816[R]14.481[C]2.847[L]0.976;;1;1
210615;Venezia 20;;;11448298;A;[T]1.953[R]11.471[C]1.546;;1;1
210615;Venezia 25;;;14079980;A;[R]1.546[C]0.732;;1;1
210615;Venezia 30;;;14277356;A;[T]0.488[R]1.058[I]0.081;;1;1
210615;Venezia 5;;;5855165;C;[KX]24.813[F]2.929[V]3.905[R]34.25;;1;1
210615;Verona 10;;;12829630;A;[B]3.417[C]1.058[I]0.325;;1;1
210615;Verona 100;;;7828818;C;[KX]33.355[B]11.796[D]13.993[E]3.661;;1;1
210615;Verona 105;;;9670751;C;[KX]27.742[B]4.23[D]7.973[E]2.359;;1;1
210615;Verona 110;;;11513491;A;[B]8.949[D]7.891[C]1.22;;1;1
210615;Verona 115;;;13290408;A;[B]2.197[D]4.8[C]0.488;;1;1
210615;Verona 120;;;14935240;A;[D]1.383[E]0.163[I]0.244;;1;1
210615;Verona 125;;;6907923;C;[KX]13.586[D]39.945[E]31.24[L]4.393;;1;1
210615;Verona 135;;;9340717;C;[KX]25.952[B]1.953[D]20.42[E]15.295;;1;1
210615;Verona 145;;;12631933;A;[B]2.359[D]17.328[E]2.278;;1;1
210615;Verona 15;;;13422023;A;[B]2.441[T]0.569[AXX]0.325;;1;1
210615;Verona 20;;;13816524;A;[E]0.814[R]0.325[L]3.742;;1;1
210615;Verona 25;;;14541019;A;[E]0.244[L]1.708;;1;1
210615;Verona 30;;;14935776;A;[D]0.081[E]0.081[L]1.058;;1;1
210615;Verona 35;;;6052687;C;[KX]9.193[B]11.39[D]2.034[T]0.163;;1;1
210615;Verona 40;;;9473924;C;[KX]23.023[B]4.149[D]0.651[L]1.22;;1;1
210615;Verona 45;;;11579814;A;[B]8.542[D]0.976[C]2.278;;1;1
210615;Verona 5;;;10987424;A;[B]11.146[C]2.603[I]1.302;;1;1
210615;Verona 50;;;12369590;A;[B]5.125[C]1.627;;1;1
210615;Verona 55;;;13882313;A;[D]0.732[E]0.732[I]1.139;;1;1
210615;Verona 60;;;14474962;A;[B]0.407[D]0.407[L]1.139;;1;1
210615;Verona 65;;;5855281;C;[KX]9.03[B]10.495[D]25.627[E]7.485;;1;1
210615;Verona 70;;;7369049;C;[KX]14.644[B]7.729[D]4.881[AXX]0.407;;1;1
210615;Verona 75;;;8947828;C;[KX]21.396[B]5.207[D]2.278[T]0.163;;1;1
210615;Verona 80;;;11185051;A;[B]10.088[D]3.01[C]2.603;;1;1
210615;Verona 85;;;13882563;A;[D]1.546[E]0.488[I]1.139;;1;1
210615;Verona 90;;;15066836;A;[D]0.569[E]0.163[L]0.569;;1;1
210615;Verona 95;;;8025915;C;[KX]30.833[B]6.427[D]25.627[E]14.644;;1;1
210615;Viola 10;;;10524569;C;[KX]19.037[B]2.441[V]1.058;;1;1
210615;Viola 100;;;7425123;C;[KX]9.437[V]26.196[E]6.834[I]1.058;;1;1
210615;Viola 105;;;9528194;C;[KX]12.61[V]13.749[E]3.417[I]0.407;;1;1
210615;Viola 110;;;8675960;C;[KX]11.552[B]2.359[V]10.82[E]1.708;;1;1
210615;Viola 115;;;10781333;C;[KX]18.711[B]1.22[V]5.532[E]1.139;;1;1
210615;Viola 120;;;12230063;A;[B]4.8[V]16.515[I]0.163;;1;1
210615;Viola 20;;;13881293;A;[B]1.139[V]0.488[L]1.871;;1;1
210615;Viola 25;;;14606301;A;[E]0.325[I]0.569;;1;1
210615;Viola 30;;;15001572;A;[E]0.081[R]0.081[L]0.895;;1;1
210615;Viola 35;;;6509658;C;[KX]9.274[B]8.705[V]10.169[E]0.732;;1;1
210615;Viola 40;;;8615294;C;[KX]19.118[E]5.613[R]4.963[I]2.278;;1;1
210615;Viola 45;;;10851228;C;[KX]34.901[B]3.091[V]3.417;;1;1
210615;Viola 5;;;8681595;C;[KX]11.146[B]3.824[V]2.278[E]0.407;;1;1
210615;Viola 50;;;12497336;A;[B]3.742[V]4.23[I]1.302;;1;1
210615;Viola 55;;;14208978;A;[V]1.22[E]0.651[I]0.814;;1;1
210615;Viola 60;;;15328999;A;[V]0.325[R]0.081[L]0.163;;1;1
210615;Viola 65;;;6968415;C;[KX]9.356[B]6.264[V]14.074[E]1.871;;1;1
210615;Viola 70;;;7887979;C;[KX]9.274[B]3.661[V]10.901[E]1.953;;1;1
210615;Viola 75;;;8350324;C;[KX]10.983[B]3.824[V]5.288[E]0.814;;1;1
210615;Viola 80;;;11112606;C;[KX]31.728[V]5.532[E]1.953[L]3.01;;1;1
210615;Viola 85;;;13020860;A;[B]2.847[V]8.868[E]0.081;;1;1
210615;Viola 90;;;14404822;A;[B]0.651[V]2.522[I]0.081;;1;1
210615;Viola 95;;;5585736;C;[KX]5.044[V]52.392[E]13.179[L]5.125;;1;1
210615;Warm-Weiss;;;14410207;A;[T]0.081[L]1.79;;1;1
