2309011836;[Default];J5 î†‡°®‚•™· è‡Æ‰® Latex Ì™·‚ Spirit 1050;;;;;[lt]0.9;1;1
230724;1-10-1;;;13625580;A;[C]0.732[L]0.325[AN]1.139;;1;1
230724;1-10-2;;;11264497;A;[T]4.068[L]0.325[AN]3.742;;1;1
230724;1-10-3;;;9689079;A;[T]12.529[C]2.278;;1;1
230724;1-10-4;;;8179448;A;[T]23.186[C]2.359;;1;1
230724;1-10-5;;;6473207;C;[KX]44.501[T]4.312[AN]17.003[RN]0.651;;1;1
230724;1-10-6;;;3585008;C;[KX]15.62[L]0.488[AN]74.114[RN]2.034;;1;1
230724;1-10-7;;;2073321;C;[KX]19.688[T]57.761[L]1.871[AN]15.051;;1;1
230724;1-1-1;;;14672879;A;[F]0.081[C]0.407[RN]0.651;;1;1
230724;1-11-1;;;13560043;A;[C]0.569[L]0.407[AN]1.708;;1;1
230724;1-11-2;;;11658482;A;[C]2.278[AN]6.508;;1;1
230724;1-11-3;;;9296373;A;[T]6.915[C]2.359[AN]13.912;;1;1
230724;1-11-4;;;6540534;A;[T]19.281[C]5.207[AN]52.392;;1;1
230724;1-11-5;;;6474229;C;[KX]46.697[T]2.441[AN]24.813[RN]0.651;;1;1
230724;1-11-7;;;1549289;C;[KX]19.688[T]57.761[L]1.871[AN]15.051;;1;1
230724;1-1-2;;;13291244;A;[C]1.546[L]0.244[RN]3.905;;1;1
230724;1-12-1;;;13692141;A;[B]0.081[C]0.325[AN]2.034;;1;1
230724;1-12-2;;;11528182;A;[T]3.336[AN]4.149;;1;1
230724;1-12-3;;;9757433;A;[T]6.996[AN]13.423;;1;1
230724;1-12-4;;;7394551;A;[T]17.003[L]0.244[AN]36.365;;1;1
230724;1-12-5;;;6802927;C;[KX]34.738[C]3.091[L]0.081[AN]13.261;;1;1
230724;1-12-6;;;2082037;C;[KX]22.128[AN]74.683[RN]0.407;;1;1
230724;1-1-3;;;11187179;A;[C]1.953[AN]6.102[RN]15.051;;1;1
230724;1-1-5;;;7634914;C;[KX]22.047[T]2.603[C]0.488[RN]14.562;;1;1
230724;1-15-1;;;14281702;A;[B]0.163[C]0.081[AN]1.139;;1;1
230724;1-15-2;;;12315369;A;[D]0.163[C]0.325[AN]5.695;;1;1
230724;1-15-3;;;11004142;A;[AN]11.552;;1;1
230724;1-15-4;;;10019820;A;[L]0.732[AN]21.722;;1;1
230724;1-15-5;;;7265770;C;[KX]49.219[D]0.163[T]0.976[AN]17.166;;1;1
230724;1-15-6;;;4837868;C;[KX]32.704[D]0.163[C]1.627[AN]34.331;;1;1
230724;1-15-7;;;4571614;C;[KX]18.061[D]0.569[T]14.644[AN]0.814;;1;1
230724;1-1-6;;;5856975;C;[KX]25.464[T]7.159[L]0.244[RN]47.592;;1;1
230724;1-16-1;;;13954537;A;[D]0.081[L]0.163[AN]1.871;;1;1
230724;1-16-2;;;13430244;A;[D]0.244[AN]3.091;;1;1
230724;1-16-3;;;11921892;A;[D]0.244[AN]7.647;;1;1
230724;1-16-4;;;9954534;A;[D]0.325[L]0.244[AN]22.535;;1;1
230724;1-16-5;;;7067355;C;[KX]32.298[D]0.488[T]2.766[AN]10.332;;1;1
230724;1-16-6;;;3326925;C;[KX]29.613[D]1.302[T]8.135[AN]51.904;;1;1
230724;1-16-7;;;1947325;C;[KX]17.979[D]1.953[T]11.878[AN]66.548;;1;1
230724;1-1-7;;;4409272;C;[KX]8.054[L]2.115[AN]8.786[RN]74.683;;1;1
230724;1-17-1;;;14872810;A;[D]0.081[C]0.081[AN]0.407;;1;1
230724;1-17-2;;;13626856;A;[D]0.163[T]0.163[AN]2.278;;1;1
230724;1-17-3;;;12249565;A;[D]0.569[C]0.163[AN]6.02;;1;1
230724;1-17-4;;;10084818;A;[D]1.546[C]0.569[AN]19.688;;1;1
230724;1-17-5;;;7328196;C;[KX]33.111[D]1.139[C]1.22[AN]12.529;;1;1
230724;1-17-6;;;4440753;C;[KX]29.369[D]2.278[C]1.383[AN]45.802;;1;1
230724;1-17-7;;;2600605;C;[KX]16.352[D]3.824[T]9.112[AN]70.615;;1;1
230724;1-19-1;;;13494489;A;[D]0.732[C]0.569[AN]1.708;;1;1
230724;1-19-2;;;12443857;A;[D]1.302[C]2.034[AN]2.441;;1;1
230724;1-19-3;;;11395273;A;[D]2.115[C]0.732[AN]9.356;;1;1
230724;1-19-4;;;9558207;A;[D]3.824[C]1.464[AN]24.162;;1;1
230724;1-19-5;;;6406813;C;[KX]29.938[D]3.01[L]0.895[AN]19.525;;1;1
230724;1-19-6;;;4502928;C;[KX]23.837[D]4.474[L]1.058[AN]42.548;;1;1
230724;1-19-7;;;3188608;C;[KX]8.542[D]8.054[C]2.441[AN]77.531;;1;1
230724;1-21-1;;;13560278;A;[D]0.895[C]0.407[AN]1.871;;1;1
230724;1-21-2;;;12706254;A;[D]1.546[C]1.627[AN]2.115;;1;1
230724;1-21-3;;;11657670;A;[D]2.359[C]0.569[AN]7.891;;1;1
230724;1-21-4;;;9754294;A;[D]5.207[C]1.953[AN]21.152;;1;1
230724;1-21-5;;;6930836;C;[KX]39.945[D]5.207[I]0.244[AN]21.559;;1;1
230724;1-21-6;;;4763261;C;[KX]22.454[D]7.891[C]2.115[AN]37.992;;1;1
230724;1-21-7;;;3775854;C;[KX]14.237[D]10.983[T]9.274[AN]35.714;;1;1
230724;1-24-1;;;14345948;A;[D]0.488[C]0.651[L]0.488;;1;1
230724;1-24-2;;;14150350;A;[D]1.383[L]0.163[AN]1.464;;1;1
230724;1-24-3;;;11853236;A;[D]5.125[C]0.895[AN]6.59;;1;1
230724;1-24-4;;;9882002;A;[D]17.898[C]3.58[AN]18.956;;1;1
230724;1-24-5;;;8107886;C;[KX]16.027[D]7.403[C]1.79[AN]2.929;;1;1
230724;1-24-6;;;6793304;C;[KX]19.037[D]13.017[L]1.708[AN]12.04;;1;1
230724;1-24-7;;;5543235;C;[KX]13.423[D]22.861[C]2.685[AN]14.481;;1;1
230724;1-26-1;;;15199968;A;[D]0.325[C]0.163;;1;1
230724;1-26-2;;;14411719;A;[D]1.79[C]0.407[AN]0.163;;1;1
230724;1-26-3;;;13426600;A;[D]5.939[C]0.488[AN]1.22;;1;1
230724;1-26-4;;;11782526;A;[D]23.105[C]2.685[AN]0.814;;1;1
230724;1-26-6;;;9152315;C;[KX]24.406[B]0.244[D]22.942[C]1.058;;1;1
230724;1-26-7;;;8165666;C;[KX]16.027[B]0.569[D]27.254[T]0.651;;1;1
230724;1-28-1;;;15067101;A;[B]0.325[D]0.163[C]0.081;;1;1
230724;1-28-2;;;15066566;A;[B]0.163[D]1.383[E]0.407;;1;1
230724;1-28-3;;;14278305;A;[D]6.264[E]0.732;;1;1
230724;1-28-4;;;13356672;A;[B]0.325[D]15.945[E]3.091;;1;1
230724;1-28-5;;;11777349;C;[KX]13.017[D]4.393[E]2.929[L]0.407;;1;1
230724;1-28-6;;;10659109;C;[KX]21.966[D]13.098[E]6.996;;1;1
230724;1-28-7;;;9343245;C;[KX]19.037[D]21.152[E]11.552[I]0.163;;1;1
230724;1-30-1;;;15330524;A;[B]0.081[D]0.407[L]0.081;;1;1
230724;1-30-2;;;14672065;A;[D]1.464[E]0.732[L]0.976;;1;1
230724;1-30-3;;;14801311;A;[D]3.661[E]3.173;;1;1
230724;1-30-4;;;13813621;A;[D]11.878[E]9.681;;1;1
230724;1-30-5;;;13417821;C;[KX]24.976[D]2.766[E]4.068;;1;1
230724;1-30-6;;;11181879;C;[KX]24.488[D]7.891[E]10.169[L]0.814;;1;1
230724;1-30-7;;;10719502;C;[KX]16.515[D]8.705[E]15.295[L]0.244;;1;1
230724;1-3-1;;;14739183;A;[T]0.325[RN]0.488;;1;1
230724;1-3-2;;;13159660;A;[T]1.058[F]0.244[RN]2.766;;1;1
230724;1-32-1;;;15526872;A;[D]0.325[E]0.325[L]0.081;;1;1
230724;1-32-2;;;14999489;A;[B]0.325[D]0.895[E]1.058;;1;1
230724;1-32-3;;;14865309;A;[D]2.034[E]5.369[L]0.163;;1;1
230724;1-32-4;;;14467960;A;[D]5.288[E]15.213;;1;1
230724;1-32-5;;;13149761;C;[KX]16.84[D]1.464[E]8.379[L]0.163;;1;1
230724;1-32-6;;;12294168;C;[KX]15.864[D]3.58[E]13.83;;1;1
230724;1-32-7;;;10650637;C;[KX]13.423[D]5.695[E]21.396[I]0.163;;1;1
230724;1-3-3;;;10662895;A;[T]7.729[RN]12.04;;1;1
230724;1-33-1;;;15395027;A;[D]0.244[E]0.569[L]0.163;;1;1
230724;1-33-2;;;14998457;A;[B]0.325[D]0.895[E]2.034;;1;1
230724;1-33-3;;;15324062;A;[D]0.976[E]6.427;;1;1
230724;1-33-4;;;14730632;A;[B]0.244[D]1.79[E]12.122;;1;1
230724;1-33-5;;;13807698;C;[KX]17.41[D]0.814[E]6.102[L]0.081;;1;1
230724;1-33-6;;;12817687;C;[KX]9.925[D]0.895[E]12.203[L]0.163;;1;1
230724;1-34-1;;;15328978;A;[D]0.244[E]0.651[I]0.081;;1;1
230724;1-34-2;;;14866363;A;[B]0.651[D]0.244[E]2.278;;1;1
230724;1-34-3;;;14863264;A;[B]0.569[E]7.241;;1;1
230724;1-34-4;;;14267508;A;[B]1.139[E]25.057;;1;1
230724;1-34-5;;;13146182;C;[KX]18.061[B]0.244[V]0.407[E]11.146;;1;1
230724;1-34-6;;;12618539;C;[KX]16.596[B]0.325[E]18.956;;1;1
230724;1-34-7;;;10974216;C;[KX]12.529[D]1.546[E]38.318[L]0.407;;1;1
230724;1-3-5;;;7047394;C;[KX]32.216[T]7.729[F]0.244[RN]11.552;;1;1
230724;1-3-6;;;4022224;C;[KX]20.339[T]32.216[L]0.244[RN]37.748;;1;1
230724;1-36-1;;;15328986;A;[E]0.488[L]0.325[RN]0.163;;1;1
230724;1-36-2;;;14800065;A;[B]0.814[V]0.407[E]1.871;;1;1
230724;1-36-3;;;14663583;A;[B]0.407[V]2.685[E]8.542;;1;1
230724;1-36-4;;;13542272;A;[B]1.058[V]10.332[E]24.406;;1;1
230724;1-36-5;;;12552282;C;[KX]24.406[V]3.905[E]13.342[L]0.163;;1;1
230724;1-36-6;;;11694918;C;[KX]13.912[V]5.369[E]17.491;;1;1
230724;1-36-7;;;10116910;C;[KX]11.227[V]7.403[E]38.562;;1;1
230724;1-3-7;;;3164097;C;[KX]7.322[T]31.24[L]0.651[RN]57.273;;1;1
230724;1-38-1;;;14997708;A;[B]0.407[V]0.732[E]1.058;;1;1
230724;1-38-2;;;15258565;A;[V]1.546[E]2.115[L]0.081;;1;1
230724;1-38-3;;;14333603;A;[B]0.407[V]5.776[E]7.647;;1;1
230724;1-38-5;;;12287339;C;[KX]10.657[V]4.637[E]5.695;;1;1
230724;1-38-6;;;11300447;C;[KX]12.691[V]8.135[E]9.6;;1;1
230724;1-38-7;;;9655878;C;[KX]8.949[V]15.213[E]16.678;;1;1
230724;1-40-1;;;15392985;A;[V]0.488[E]0.651[RN]0.325;;1;1
230724;1-40-2;;;14862787;A;[B]0.163[V]3.173[E]2.115;;1;1
230724;1-40-3;;;14268851;A;[B]0.569[V]6.264[E]4.068;;1;1
230724;1-40-5;;;12221824;C;[KX]10.251[V]5.369[E]3.824;;1;1
230724;1-40-7;;;10444389;C;[KX]9.763[V]13.179[E]7.81;;1;1
230724;1-42-1;;;14867678;A;[E]0.488[I]0.081[RN]1.302;;1;1
230724;1-42-2;;;14865364;A;[V]0.895[E]0.976[RN]1.302;;1;1
230724;1-42-3;;;14531785;A;[V]7.322[E]1.708;;1;1
230724;1-42-4;;;13409708;A;[V]22.454[E]6.427;;1;1
230724;1-42-5;;;12026005;C;[KX]14.074[V]6.346[E]2.441;;1;1
230724;1-42-6;;;10907017;C;[KX]10.495[V]10.088[E]2.929;;1;1
230724;1-42-7;;;9525879;C;[KX]10.576[V]18.711[E]4.8;;1;1
230724;1-43-1;;;15131876;A;[V]0.407[E]0.081[L]0.488;;1;1
230724;1-43-2;;;14930903;A;[V]1.22[E]0.732[RN]0.895;;1;1
230724;1-43-3;;;14006215;A;[V]8.135[E]1.464[L]0.976;;1;1
230724;1-43-4;;;13344952;A;[V]21.071[E]3.417;;1;1
230724;1-43-5;;;12026788;C;[KX]15.132[V]6.671[E]1.546;;1;1
230724;1-43-6;;;11170202;C;[KX]15.945[V]11.39[E]2.115;;1;1
230724;1-43-7;;;10051979;C;[KX]13.261[V]17.166[E]2.847;;1;1
230724;1-45-1;;;15462126;A;[RN]0.163;;1;1
230724;1-45-2;;;15130343;A;[V]1.058[L]0.244;;1;1
230724;1-45-3;;;14402778;A;[V]3.742[E]0.407[RN]1.383;;1;1
230724;1-45-4;;;13610455;A;[V]13.83[L]0.651;;1;1
230724;1-45-5;;;12225995;C;[KX]67.443[V]17.491[E]0.163;;1;1
230724;1-45-7;;;8671653;C;[KX]19.281[V]42.874[E]0.732;;1;1
230724;1-47-1;;;14868965;A;[B]0.163[I]0.163[RN]0.488;;1;1
230724;1-47-2;;;15132140;A;[L]0.163[RN]0.651;;1;1
230724;1-47-3;;;14010083;A;[F]0.244[V]3.498[RN]0.569;;1;1
230724;1-47-4;;;12954074;A;[F]0.244[V]12.122[RN]3.742;;1;1
230724;1-47-6;;;9201073;C;[KX]25.627[V]26.359[L]2.197[RN]0.651;;1;1
230724;1-47-7;;;7490207;C;[KX]23.105[V]62.805[E]0.651[RN]6.671;;1;1
230724;1-48-1;;;15198444;A;[I]0.081[RN]0.244;;1;1
230724;1-48-2;;;14671846;A;[F]0.081[V]0.407[L]0.569;;1;1
230724;1-48-3;;;12760288;A;[F]0.651[V]4.719[RN]4.719;;1;1
230724;1-48-4;;;11771864;A;[F]1.22[V]13.993[RN]5.858;;1;1
230724;1-48-5;;;9993418;C;[KX]27.498[F]0.569[V]12.447;;1;1
230724;1-48-6;;;8676798;C;[KX]28.881[V]21.722[I]0.407[RN]11.39;;1;1
230724;1-50-1;;;15329005;A;[E]0.081[RN]0.651;;1;1
230724;1-50-2;;;14078956;A;[AN]0.651[RN]2.847;;1;1
230724;1-50-3;;;12236778;A;[AN]2.441[RN]10.82;;1;1
230724;1-50-4;;;10328285;A;[F]0.732[C]3.905[RN]32.948;;1;1
230724;1-50-5;;;8879319;C;[KX]28.881[F]0.407[V]2.034[RN]13.017;;1;1
230724;1-50-6;;;7825869;C;[KX]28.962[V]3.254[L]0.488[RN]29.288;;1;1
230724;1-50-7;;;6773433;C;[KX]19.037[F]2.278[V]19.118[RN]9.112;;1;1
230724;1-5-1;;;14739434;A;[T]0.244[L]0.325[RN]0.244;;1;1
230724;1-5-2;;;12899310;A;[T]2.034[F]0.244[RN]1.464;;1;1
230724;1-5-3;;;11716847;A;[T]4.8[RN]4.393;;1;1
230724;1-5-4;;;10270190;A;[T]10.413[RN]10.657;;1;1
230724;1-5-5;;;8102636;C;[KX]35.552[AN]8.949[RN]6.264;;1;1
230724;1-5-6;;;5669095;C;[KX]27.904[T]16.678[RN]14.4;;1;1
230724;1-5-7;;;4616664;C;[KX]19.2[T]18.305[F]0.895[RN]13.993;;1;1
230724;1-7-1;;;14149616;A;[T]0.895[RN]0.325;;1;1
230724;1-7-2;;;12572651;A;[F]0.163[C]2.766[RN]0.488;;1;1
230724;1-7-4;;;9484786;A;[T]15.945[RN]7.322;;1;1
230724;1-7-5;;;6793201;C;[KX]69.883[T]21.884[RN]6.183;;1;1
230724;1-7-6;;;3377383;C;[KX]26.766[T]49.545[L]0.569[RN]7.241;;1;1
230724;1-7-7;;;2389979;C;[KX]6.59[T]75.09[C]9.193[RN]7.81;;1;1
230724;1-8-1;;;13952752;A;[C]1.302[RN]0.163;;1;1
230724;1-8-2;;;12902641;A;[T]2.603[L]0.244[RN]0.407;;1;1
230724;1-8-3;;;10867443;A;[T]7.485[C]1.139[RN]1.383;;1;1
230724;1-8-4;;;9159408;A;[T]15.213[C]3.824[RN]3.091;;1;1
230724;1-8-5;;;6992368;C;[KX]32.867[T]10.007[C]2.197[RN]1.546;;1;1
230724;1-8-6;;;3841262;C;[KX]25.138[T]30.02[F]0.732[RN]0.488;;1;1
230724;2-15-2;;;13035753;A;[D]0.163[C]1.058[AN]2.278;;1;1
230724;2-15-3;;;11396077;A;[C]1.139[L]0.325[AN]8.461;;1;1
230724;2-15-4;;;10280936;A;[L]1.22[AN]17.247;;1;1
230724;2-15-5;;;7588569;C;[KX]33.03[B]0.407[C]1.139[AN]10.576;;1;1
230724;2-15-6;;;5158860;C;[KX]28.881[B]0.814[C]1.79[AN]31.321;;1;1
230724;2-15-7;;;2268611;C;[KX]7.485[B]0.976[C]8.949[AN]69.883;;1;1
230724;2-18-1;;;13888225;A;[D]0.244[L]0.325[AN]1.627;;1;1
230724;2-18-2;;;13232605;A;[D]0.569[C]0.407[AN]2.685;;1;1
230724;2-18-3;;;12509652;A;[B]0.488[D]0.651[AN]5.451;;1;1
230724;2-18-4;;;10474686;A;[D]4.068[C]4.068[AN]11.227;;1;1
230724;2-18-5;;;6995881;C;[KX]29.043[D]2.847[C]3.417[AN]11.227;;1;1
230724;2-18-6;;;4432782;C;[KX]26.603[D]8.461[T]27.01[AN]3.254;;1;1
230724;2-20-1;;;13430245;A;[D]0.163[AN]2.847;;1;1
230724;2-20-2;;;12509907;A;[D]1.139[C]1.383[AN]3.498;;1;1
230724;2-20-3;;;11721667;A;[D]2.766[C]2.278[AN]5.451;;1;1
230724;2-20-4;;;7519899;A;[D]14.562[C]8.379[AN]60.772;;1;1
230724;2-20-5;;;6533004;C;[KX]19.2[D]4.881[C]4.149[AN]8.298;;1;1
230724;2-20-6;;;5087613;C;[KX]15.376[D]8.461[T]14.888[AN]4.556;;1;1
230724;2-20-7;;;3246690;C;[KX]9.518[B]1.383[D]7.81[AN]72.487;;1;1
230724;2-21-1;;;13625821;A;[D]0.569[C]0.651[AN]1.546;;1;1
230724;2-21-2;;;13493973;A;[D]0.976[C]0.895[AN]1.139;;1;1
230724;2-21-3;;;12115397;A;[D]2.115[L]1.546[AN]6.102;;1;1
230724;2-21-4;;;9225892;A;[D]10.495[C]8.379[AN]17.817;;1;1
230724;2-21-5;;;6531970;C;[KX]23.755[D]7.891[T]9.193[AN]4.393;;1;1
230724;2-21-6;;;5282416;C;[KX]10.332[D]8.054[T]10.495[L]0.976;;1;1
230724;2-2-2;;;12897505;A;[B]0.325[F]0.814[C]0.651;;1;1
230724;2-2-3;;;12306659;A;[F]1.058[C]1.383[L]0.732;;1;1
230724;2-23-1;;;14412767;A;[D]0.325[L]0.325[AN]0.814;;1;1
230724;2-23-2;;;14084310;A;[D]0.732[L]0.407[AN]1.302;;1;1
230724;2-23-3;;;11786423;A;[D]4.474[C]2.766[AN]3.905;;1;1
230724;2-23-4;;;9487773;A;[D]12.691[C]8.135[AN]16.271;;1;1
230724;2-23-5;;;6924660;C;[KX]12.203[D]6.834[T]2.603[C]2.359;;1;1
230724;2-23-6;;;5149019;C;[KX]17.979[D]18.711[C]7.891[AN]21.722;;1;1
230724;2-23-7;;;3374151;C;[KX]5.207[D]22.128[C]7.078[AN]61.341;;1;1
230724;2-2-4;;;11252193;A;[F]1.708[C]2.115[RN]6.59;;1;1
230724;2-24-1;;;14018521;A;[D]0.732[C]0.976[AN]0.244;;1;1
230724;2-24-2;;;14084310;A;[D]0.895[C]0.732[AN]0.407;;1;1
230724;2-24-3;;;12113840;A;[D]5.776[C]3.01[AN]1.871;;1;1
230724;2-24-4;;;9748876;A;[D]20.257[C]7.729[AN]12.122;;1;1
230724;2-24-5;;;7381349;C;[KX]14.969[D]10.576[C]5.044;;1;1
230724;2-24-6;;;5475399;C;[KX]9.6[D]19.525[T]4.881[AN]9.763;;1;1
230724;2-24-7;;;4027182;C;[KX]6.427[D]46.209[C]5.288[AN]36.935;;1;1
230724;2-25-1;;;14477783;A;[D]0.732[C]0.407[AN]0.325;;1;1
230724;2-25-2;;;14477520;A;[D]1.22[I]0.081[AN]0.814;;1;1
230724;2-25-3;;;12309935;A;[D]5.695[C]3.58;;1;1
230724;2-25-4;;;10337927;A;[D]21.152[C]10.088[AN]1.546;;1;1
230724;2-25-5;;;8364120;C;[KX]14.644[B]0.651[D]10.088[C]2.115;;1;1
230724;2-25-6;;;6457654;C;[KX]9.763[D]29.125[T]3.824[C]1.79;;1;1
230724;2-25-7;;;5273630;C;[KX]8.054[D]53.043[C]3.336[AN]6.915;;1;1
230724;2-2-6;;;6580683;C;[KX]23.43[F]1.627[AN]2.522[RN]21.64;;1;1
230724;2-2-7;;;5067689;C;[KX]9.763[F]4.637[V]9.193[RN]8.542;;1;1
230724;2-27-1;;;14935248;A;[B]0.407[D]0.732;;1;1
230724;2-27-2;;;14870216;A;[B]0.163[D]1.546[C]0.081;;1;1
230724;2-27-3;;;13160866;A;[B]1.139[D]6.915[C]0.976;;1;1
230724;2-27-4;;;11911542;A;[B]1.708[D]26.44[C]1.627;;1;1
230724;2-27-5;;;9412923;C;[KX]31.159[D]25.789[E]1.871[L]2.766;;1;1
230724;2-27-6;;;8227874;C;[KX]23.593[B]1.464[D]38.969[E]4.556;;1;1
230724;2-27-7;;;7042310;C;[KX]9.6[B]1.302[D]38.074[E]11.308;;1;1
230724;2-29-1;;;15330008;A;[D]0.407[E]0.163[L]0.163;;1;1
230724;2-29-2;;;15066575;A;[D]0.569[E]0.488[L]0.488;;1;1
230724;2-29-3;;;14144672;A;[B]0.651[D]4.963[E]1.708;;1;1
230724;2-29-4;;;12828018;A;[B]1.627[D]17.247[E]7.566;;1;1
230724;2-29-5;;;10788162;C;[KX]17.084[B]0.814[D]6.102[E]5.288;;1;1
230724;2-29-6;;;9735197;C;[KX]29.206[D]21.559[E]20.745[I]0.407;;1;1
230724;2-29-7;;;8222976;C;[KX]18.549[D]34.087[E]31.647[L]0.651;;1;1
230724;2-32-1;;;14474447;A;[D]0.081[E]0.976[L]1.871;;1;1
230724;2-32-2;;;14735286;A;[B]0.569[D]0.895[E]2.359;;1;1
230724;2-32-3;;;14207639;A;[B]0.814[D]3.173[E]6.183;;1;1
230724;2-32-4;;;13547119;A;[B]1.383[D]7.485[E]20.501;;1;1
230724;2-32-5;;;11835206;C;[KX]17.898[B]0.814[D]1.79[E]10.007;;1;1
230724;2-32-6;;;9927192;C;[KX]11.715[B]0.814[D]5.695[E]23.511;;1;1
230724;2-32-7;;;9006080;C;[KX]9.437[D]9.763[E]44.501[L]0.488;;1;1
230724;2-37-1;;;15195858;A;[E]1.058[RN]0.651;;1;1
230724;2-37-2;;;14602951;A;[B]0.814[V]0.732[E]1.139;;1;1
230724;2-37-3;;;14006432;A;[B]1.302[V]3.498[E]6.915;;1;1
230724;2-37-4;;;12818557;A;[B]2.441[V]14.969[E]24.081;;1;1
230724;2-37-5;;;10776661;C;[KX]28.962[B]0.488[V]12.61[E]22.128;;1;1
230724;2-37-6;;;9985859;C;[KX]13.83[V]12.854[E]23.186;;1;1
230724;2-39-1;;;15263457;A;[B]0.325[V]0.163;;1;1
230724;2-39-2;;;14931918;A;[B]0.488[V]0.976[E]0.895;;1;1
230724;2-39-3;;;13874604;A;[B]1.302[V]6.508[E]5.613;;1;1
230724;2-39-4;;;12227212;A;[B]4.23[V]23.593[E]15.945;;1;1
230724;2-39-5;;;10776425;C;[KX]22.291[V]13.83[E]11.227[L]0.244;;1;1
230724;2-39-6;;;9591641;C;[KX]11.959[V]17.003[E]12.691;;1;1
230724;2-39-7;;;8013124;C;[KX]6.346[V]26.359[E]18.874;;1;1
230724;2-4-1;;;14346480;A;[T]0.651[RN]0.325;;1;1
230724;2-41-1;;;14998748;A;[E]0.569[I]0.081[RN]1.139;;1;1
230724;2-41-2;;;14537169;A;[B]0.976[V]1.627[E]0.244;;1;1
230724;2-41-3;;;13809076;A;[B]1.383[V]7.566[E]3.254;;1;1
230724;2-41-4;;;12620702;A;[V]28.881[E]10.169[L]1.79;;1;1
230724;2-41-5;;;10645628;C;[KX]13.749[B]0.488[V]9.112[E]4.149;;1;1
230724;2-41-6;;;9460843;C;[KX]17.003[V]23.755[E]8.949[RN]0.163;;1;1
230724;2-41-7;;;8211292;C;[KX]7.485[V]25.952[E]9.193;;1;1
230724;2-4-2;;;13490669;A;[C]1.546[RN]1.546;;1;1
230724;2-4-3;;;11978212;A;[F]1.22[C]1.79[I]0.244;;1;1
230724;2-43-1;;;14997986;A;[V]1.302[E]0.081[I]0.163;;1;1
230724;2-43-2;;;14272725;A;[V]3.336[E]0.488[I]0.569;;1;1
230724;2-43-3;;;13611978;A;[B]1.22[V]9.925[E]0.081;;1;1
230724;2-43-4;;;12557237;A;[V]22.861[E]2.847[L]3.58;;1;1
230724;2-43-5;;;11437228;C;[KX]27.091[V]10.332[E]1.139[L]0.895;;1;1
230724;2-43-7;;;7357045;C;[KX]10.251[V]43.362[E]3.905;;1;1
230724;2-4-4;;;9677284;A;[T]10.495[F]1.546[RN]10.576;;1;1
230724;2-44-1;;;15327464;A;[V]0.976;;1;1
230724;2-44-2;;;14471900;A;[B]0.488[V]0.814[RN]1.302;;1;1
230724;2-44-3;;;13941459;A;[B]0.569[V]6.915[I]0.244;;1;1
230724;2-44-4;;;12229051;A;[B]2.278[V]23.023[I]0.895;;1;1
230724;2-44-5;;;10384546;C;[KX]18.711[V]13.668[E]1.139[I]0.488;;1;1
230724;2-44-6;;;8476301;C;[KX]18.061[B]0.732[V]34.576[E]1.546;;1;1
230724;2-44-7;;;6831742;C;[KX]12.284[V]74.846[E]2.603;;1;1
230724;2-4-5;;;7046352;C;[KX]24.569[T]1.627[F]2.685[RN]0.407;;1;1
230724;2-4-6;;;4609710;C;[KX]10.657[F]6.508[V]3.742;;1;1
230724;2-46-1;;;14999787;A;[V]0.244[I]0.081[RN]0.651;;1;1
230724;2-46-2;;;14406625;A;[F]0.081[V]1.708[L]0.976;;1;1
230724;2-46-3;;;12693458;A;[B]0.569[F]0.814[V]8.786;;1;1
230724;2-46-4;;;11310530;A;[B]1.546[F]1.871[V]22.942;;1;1
230724;2-46-5;;;9203108;C;[KX]21.233[V]15.295[E]0.814[I]1.464;;1;1
230724;2-46-6;;;7229078;C;[KX]24.406[B]0.244[V]61.911[I]2.766;;1;1
230724;2-6-1;;;14412527;A;[C]0.732[RN]0.081;;1;1
230724;2-6-2;;;13426412;A;[F]0.163[C]1.302[I]0.081;;1;1
230724;2-6-3;;;10863079;A;[C]8.786[RN]4.149;;1;1
230724;2-6-4;;;9153762;A;[T]4.637[C]14.888[RN]11.878;;1;1
230724;2-6-5;;;7181270;C;[KX]31.647[F]1.627[C]6.752[RN]0.895;;1;1
230724;2-6-6;;;5669328;C;[KX]18.956[T]9.437[F]2.359[C]0.325;;1;1
230724;2-6-7;;;4157632;C;[KX]17.084[T]19.2[F]3.661[I]1.058;;1;1
230724;2-8-1;;;13821937;A;[T]1.139[RN]0.163;;1;1
230724;2-8-2;;;10602984;A;[F]0.244[C]10.169[RN]0.651;;1;1
230724;2-8-3;;;8763616;A;[F]0.814[C]25.057[I]0.163;;1;1
230724;2-8-4;;;6924253;A;[T]22.291[F]2.441[C]29.043;;1;1
230724;2-8-5;;;5543124;C;[KX]43.28[T]19.769[F]1.79[C]20.42;;1;1
230724;2-8-6;;;4359115;C;[KX]18.711[T]3.254[C]28.881[RN]4.556;;1;1
230724;2-8-7;;;3044541;C;[KX]19.769[T]58.982[I]3.417[RN]6.834;;1;1
230724;2-9-1;;;14084332;A;[C]1.058[L]0.325;;1;1
230724;2-9-2;;;10538727;A;[B]0.163[C]10.983;;1;1
230724;2-9-3;;;8109026;A;[T]28.067[F]0.651[L]3.417;;1;1
230724;2-9-4;;;7188442;A;[C]54.426[L]0.488[RN]0.407;;1;1
230724;2-9-5;;;6005716;C;[KX]28.718[C]17.654[L]1.383[RN]0.163;;1;1
230724;2-9-6;;;4626898;C;[KX]23.918[T]26.684[C]29.694[L]0.651;;1;1
230724;2-9-7;;;2915775;C;[KX]14.481[B]1.058[T]51.009[F]1.383;;1;1
230724;3-1-1;;;14672617;A;[T]0.163[L]0.488[RN]0.814;;1;1
230724;3-11-1;;;13886697;A;[D]0.081[C]1.302[I]0.163;;1;1
230724;3-11-2;;;12245476;A;[B]0.325[C]4.556[L]0.163;;1;1
230724;3-11-3;;;11260896;A;[B]0.569[C]6.183[AN]2.359;;1;1
230724;3-11-4;;;9553112;A;[B]1.139[C]15.783[AN]3.58;;1;1
230724;3-11-5;;;7187658;C;[KX]26.44[D]0.488[C]11.064[L]1.302;;1;1
230724;3-11-6;;;4230321;C;[KX]29.369[D]1.546[C]48.324;;1;1
230724;3-11-7;;;3045794;C;[KX]5.939[T]51.172[L]12.61;;1;1
230724;3-1-2;;;14606828;A;[F]0.163[RN]0.325;;1;1
230724;3-12-1;;;13690344;A;[T]0.976[L]0.651[AN]0.325;;1;1
230724;3-12-2;;;12245731;A;[D]0.163[C]4.23[L]0.569;;1;1
230724;3-12-3;;;10079709;A;[B]0.732[C]8.379[AN]7.891;;1;1
230724;3-12-4;;;8241878;A;[B]1.22[C]14.888[AN]26.196;;1;1
230724;3-12-5;;;6662854;C;[KX]26.44[D]0.488[C]11.064[L]1.302;;1;1
230724;3-12-6;;;4888508;C;[KX]28.799[D]0.895[C]30.101[L]0.325;;1;1
230724;3-12-7;;;3308189;C;[KX]8.135[B]2.603[T]37.586[F]0.325;;1;1
230724;3-1-3;;;13224672;A;[F]0.325[I]1.058[RN]1.546;;1;1
230724;3-13-1;;;14019564;A;[C]0.325[L]0.407[AN]1.22;;1;1
230724;3-13-2;;;11918308;A;[B]0.325[C]3.742[AN]2.359;;1;1
230724;3-13-3;;;11065057;A;[D]0.569[C]7.159[AN]2.278;;1;1
230724;3-13-4;;;9686751;A;[D]0.732[C]13.586[AN]6.915;;1;1
230724;3-13-5;;;7584462;C;[KX]24.406[B]0.651[C]3.091[AN]5.695;;1;1
230724;3-13-6;;;5022143;C;[KX]21.803[B]1.546[T]17.491[C]0.895;;1;1
230724;3-1-4;;;10198472;A;[F]5.451[V]5.207[E]1.627;;1;1
230724;3-14-1;;;13822953;A;[L]0.407[AN]2.034;;1;1
230724;3-14-2;;;12115678;A;[D]0.244[I]0.569[AN]6.02;;1;1
230724;3-14-3;;;10737630;A;[D]0.732[C]6.996[AN]5.369;;1;1
230724;3-14-4;;;10080733;A;[D]0.732[C]9.925[AN]6.183;;1;1
230724;3-14-5;;;7782351;C;[KX]27.579[B]0.651[C]2.034[AN]7.403;;1;1
230724;3-14-6;;;5415350;C;[KX]24.569[B]1.79[T]10.413[AN]10.169;;1;1
230724;3-14-7;;;3111829;C;[KX]6.59[B]3.01[D]0.163[T]28.474[C]0.407;;1;1
230724;3-1-5;;;7633075;C;[KX]21.071[I]3.498[RN]8.786;;1;1
230724;3-15-1;;;13953254;A;[B]0.081[D]0.163[T]1.139;;1;1
230724;3-15-2;;;10868955;A;[D]0.895[C]5.695[AN]5.532;;1;1
230724;3-15-3;;;9096406;A;[D]1.302[C]12.529[AN]14.806;;1;1
230724;3-15-4;;;7978955;A;[B]2.766[C]8.135[AN]43.687;;1;1
230724;3-15-5;;;6534599;C;[KX]27.335[B]0.895[C]2.441[AN]13.505;;1;1
230724;3-15-6;;;5415087;C;[KX]20.501[B]1.953[T]5.125[AN]15.213;;1;1
230724;3-1-6;;;4804245;C;[KX]12.691[F]6.752[V]18.549[L]4.963;;1;1
230724;3-16-1;;;14347754;A;[B]0.081[AN]1.139;;1;1
230724;3-16-2;;;13298920;A;[D]0.163[T]0.569[AN]2.278;;1;1
230724;3-16-3;;;11459547;A;[D]0.895[C]4.312[AN]4.23;;1;1
230724;3-16-4;;;9095373;A;[D]2.278[C]13.749[AN]13.423;;1;1
230724;3-16-5;;;7847107;C;[KX]32.46[D]1.22[C]7.159[AN]2.034;;1;1
230724;3-16-6;;;5217446;C;[KX]19.118[D]0.569[L]9.356[AN]28.637;;1;1
230724;3-1-7;;;3225480;C;[C]4.881[I]3.986[RN]91.035;;1;1
230724;3-17-1;;;12642532;A;[D]0.325[T]1.139[AN]2.847;;1;1
230724;3-17-2;;;12640473;A;[D]0.814[C]2.685[AN]0.814;;1;1
230724;3-17-3;;;11589841;A;[D]1.627[C]4.963[AN]2.441;;1;1
230724;3-17-4;;;9094334;A;[D]4.556[C]15.701[AN]10.739;;1;1
230724;3-17-5;;;7715256;C;[KX]29.206[D]1.383[T]6.183[L]1.953;;1;1
230724;3-17-6;;;5349021;C;[KX]25.22[D]3.417[T]17.491[L]4.23;;1;1
230724;3-17-7;;;3308407;C;[KX]9.274[D]5.125[I]2.929[AN]75.334;;1;1
230724;3-18-1;;;14412773;A;[D]0.244[C]0.732;;1;1
230724;3-18-2;;;12705750;A;[D]0.976[C]2.603[AN]0.732;;1;1
230724;3-18-3;;;11457740;A;[D]2.115[C]6.915[AN]0.244;;1;1
230724;3-18-4;;;9224630;A;[D]6.02[C]17.573[AN]7.403;;1;1
230724;3-18-5;;;6596250;C;[KX]21.966[D]3.661[C]10.576[AN]1.058;;1;1
230724;3-18-6;;;4953995;C;[KX]19.525[D]6.02[C]15.295[AN]15.213;;1;1
230724;3-20-1;;;14544611;A;[D]0.244[AN]0.895;;1;1
230724;3-20-2;;;14084060;A;[B]0.163[D]0.488[T]0.976;;1;1
230724;3-20-3;;;11522239;A;[B]0.163[D]3.824[C]6.671;;1;1
230724;3-20-4;;;10668724;A;[D]5.939[C]9.193[AN]3.498;;1;1
230724;3-20-5;;;8040598;C;[KX]23.999[B]0.814[D]3.173[T]4.719;;1;1
230724;3-20-6;;;4885620;C;[KX]15.701[D]12.04[T]7.322[C]14.644;;1;1
230724;3-22-1;;;14543844;A;[D]0.163[L]0.244[AN]0.732;;1;1
230724;3-22-2;;;14149080;A;[B]0.081[D]0.651[C]0.895;;1;1
230724;3-22-3;;;11981502;A;[B]0.407[D]3.336[C]4.881;;1;1
230724;3-22-4;;;10799024;A;[B]0.163[D]6.427[C]9.193;;1;1
230724;3-22-5;;;8171152;C;[KX]21.315[D]3.824[T]3.417[L]2.522;;1;1
230724;3-22-6;;;4818024;C;[KX]11.308[D]10.413[T]15.864[L]4.312;;1;1
230724;3-22-7;;;3502160;C;[KX]8.135[B]3.742[D]11.552[AN]74.114;;1;1
230724;3-24-1;;;13822422;A;[D]0.814[C]0.407[AN]1.302;;1;1
230724;3-24-2;;;13689811;A;[D]1.058[C]1.464[L]0.081;;1;1
230724;3-24-3;;;12244155;A;[B]0.325[D]3.58[C]3.742;;1;1
230724;3-24-4;;;10798501;A;[B]0.407[D]8.786[C]9.193;;1;1
230724;3-24-5;;;8365950;C;[KX]20.989[D]5.369[T]2.359[L]3.498;;1;1
230724;3-24-6;;;5407313;C;[KX]8.135[B]1.22[D]13.017[T]8.054;;1;1
230724;3-24-7;;;3631161;C;[KX]5.695[B]3.661[D]22.779[AN]56.216;;1;1
230724;3-25-1;;;14544093;A;[D]0.407[L]0.163[AN]0.732;;1;1
230724;3-25-2;;;14148821;A;[D]0.732[I]0.244[AN]0.895;;1;1
230724;3-25-3;;;13557709;A;[B]0.244[D]1.383[C]1.546;;1;1
230724;3-25-4;;;11126692;A;[B]0.569[D]8.624[C]7.403;;1;1
230724;3-25-5;;;8299636;C;[KX]15.457[B]0.732[D]5.695[C]2.847;;1;1
230724;3-25-6;;;5340743;C;[KX]8.542[D]22.535[C]11.146[L]0.407;;1;1
230724;3-25-7;;;3693616;C;[KX]2.034[B]3.417[D]43.931[T]11.634;;1;1
230724;3-26-1;;;14739933;A;[D]0.325[L]0.407[AN]0.325;;1;1
230724;3-26-2;;;14345685;A;[D]0.814[C]0.488[I]0.163;;1;1
230724;3-26-3;;;13425089;A;[B]0.732[D]2.197[C]1.302;;1;1
230724;3-26-4;;;11256474;A;[B]1.383[D]10.983[C]6.102;;1;1
230724;3-26-5;;;8758380;C;[KX]18.549[B]0.895[D]7.241[C]1.871[AN]0.569;;1;1
230724;3-26-6;;;5863483;C;[KX]14.481[B]2.929[D]35.308[T]5.858;;1;1
230724;3-26-7;;;4349475;C;[KX]2.441[D]74.846[C]11.39;;1;1
230724;3-30-1;;;15198937;A;[B]0.163[D]0.488[C]0.081;;1;1
230724;3-30-2;;;14605502;A;[B]0.651[D]1.708[E]0.407;;1;1
230724;3-30-3;;;13684134;A;[B]1.871[D]4.719[E]0.976;;1;1
230724;3-30-4;;;12170362;A;[B]4.719[D]16.108[E]6.346;;1;1
230724;3-30-5;;;9604166;C;[KX]16.271[B]2.115[D]6.915[E]5.695;;1;1
230724;3-30-6;;;8485159;C;[KX]20.583[B]2.603[D]20.339[E]20.989;;1;1
230724;3-30-7;;;6512384;C;[KX]6.102[B]1.139[D]33.843[E]37.992;;1;1
230724;3-33-1;;;14934736;A;[D]0.407[E]0.651[I]0.244;;1;1
230724;3-33-2;;;14537914;A;[B]1.058[D]0.407[E]1.953;;1;1
230724;3-33-3;;;14010019;A;[B]2.115[D]0.895[E]5.044;;1;1
230724;3-33-4;;;13152905;A;[B]4.149[D]0.895[E]12.935;;1;1
230724;3-33-5;;;11506522;C;[KX]16.678[B]1.383[D]0.244[E]7.403;;1;1
230724;3-33-6;;;9399335;C;[KX]8.949[D]0.407[E]27.01[I]1.139;;1;1
230724;3-33-7;;;7361809;C;[KX]6.346[B]1.058[D]11.39[E]77.531;;1;1
230724;3-35-1;;;15198172;A;[E]0.407[L]0.488;;1;1
230724;3-35-2;;;15459022;A;[E]1.383[I]0.081[RN]0.081;;1;1
230724;3-35-3;;;13812389;A;[B]2.441[D]0.325[E]5.044;;1;1
230724;3-35-4;;;12165239;A;[B]8.461[E]23.999[RN]0.569;;1;1
230724;3-35-5;;;10189639;C;[KX]20.339[B]2.685[E]18.142[RN]0.569;;1;1
230724;3-35-6;;;9333283;C;[KX]8.461[E]27.579[I]1.139;;1;1
230724;3-35-7;;;7360787;C;[KX]3.417[B]1.546[D]5.776[E]66.548;;1;1
230724;3-36-1;;;14342091;A;[B]1.058[E]0.569[L]0.569;;1;1
230724;3-36-2;;;14603456;A;[B]0.976[E]1.871[RN]0.163;;1;1
230724;3-36-3;;;13482915;A;[B]3.336[V]0.814[E]5.207;;1;1
230724;3-36-4;;;12032377;A;[B]7.891[V]6.915[E]23.674;;1;1
230724;3-36-5;;;9399883;C;[KX]16.596[B]1.464[E]18.061[RN]5.369;;1;1
230724;3-36-6;;;8674355;C;[KX]16.027[B]3.01[V]6.508[E]45.233;;1;1
230724;3-39-1;;;14932942;A;[B]0.569[V]0.407[E]0.732;;1;1
230724;3-39-2;;;14338495;A;[B]1.139[V]1.953[E]1.953;;1;1
230724;3-39-3;;;13087654;A;[B]3.905[V]3.742[E]4.068;;1;1
230724;3-39-4;;;11702663;A;[B]8.461[V]18.956[E]15.945;;1;1
230724;3-39-5;;;9398363;C;[KX]14.806[B]2.197[V]9.681[E]10.576;;1;1
230724;3-39-7;;;6766133;C;[KX]4.8[V]33.193[E]43.199;;1;1
230724;3-4-1;;;14082796;A;[C]0.895[I]0.081[RN]0.407;;1;1
230724;3-41-1;;;14998740;A;[E]0.976[L]0.081[RN]0.976;;1;1
230724;3-41-2;;;14010052;A;[B]1.953[V]1.871[E]0.569;;1;1
230724;3-41-3;;;13481908;A;[B]2.278[V]4.637[E]2.522;;1;1
230724;3-41-4;;;12690592;A;[B]4.312[V]10.983[E]5.369;;1;1
230724;3-41-5;;;10714493;C;[KX]13.668[B]1.139[V]4.8[E]3.091;;1;1
230724;3-41-6;;;8015957;C;[KX]11.146[B]1.546[V]23.999[E]11.715;;1;1
230724;3-41-7;;;6963269;C;[KX]5.125[V]36.447[E]17.979;;1;1
230724;3-4-2;;;12766945;A;[F]0.569[C]0.976[L]1.627;;1;1
230724;3-4-3;;;11320285;A;[B]0.325[F]1.953[C]2.441;;1;1
230724;3-43-1;;;15394532;A;[B]0.244[V]0.244;;1;1
230724;3-43-2;;;14142158;A;[B]0.976[V]2.034[L]0.895;;1;1
230724;3-43-3;;;13285055;A;[B]2.766[V]6.183[L]0.163;;1;1
230724;3-43-4;;;11506338;A;[B]8.379[V]24.406[E]0.488;;1;1
230724;3-43-5;;;9333376;C;[KX]12.773[B]1.871[V]9.6[E]2.034;;1;1
230724;3-43-6;;;7819886;C;[KX]28.067[B]4.149[V]54.67[E]5.695;;1;1
230724;3-43-7;;;6634328;C;[KX]6.264[V]43.85[E]7.891;;1;1
230724;3-4-4;;;9938640;A;[B]0.895[F]4.393[C]3.742;;1;1
230724;3-44-1;;;14934242;A;[B]0.244[L]0.163[RN]0.569;;1;1
230724;3-44-2;;;14669532;A;[B]0.569[V]0.651[RN]0.895;;1;1
230724;3-44-3;;;13284292;A;[B]1.953[V]7.891[I]0.407;;1;1
230724;3-44-4;;;11506602;A;[B]5.858[V]23.755[I]1.464;;1;1
230724;3-44-5;;;8873867;C;[KX]10.495[V]10.495[E]1.871[L]3.254;;1;1
230724;3-44-6;;;7688818;C;[KX]16.759[B]3.01[V]34.657[E]2.603;;1;1
230724;3-44-7;;;6306402;C;[KX]8.217[V]59.633[E]5.369;;1;1
230724;3-4-5;;;7374269;C;[KX]20.501[F]1.708[I]1.708[AN]2.522;;1;1
230724;3-45-1;;;15000550;A;[V]0.488[L]0.732;;1;1
230724;3-45-2;;;13418959;A;[V]3.173[E]0.732[I]1.708;;1;1
230724;3-45-3;;;13417424;A;[V]6.102[E]0.163[L]4.149;;1;1
230724;3-45-4;;;11046825;A;[V]27.742[E]4.881[I]6.102;;1;1
230724;3-45-5;;;8808591;C;[KX]20.989[B]2.847[V]15.457[RN]2.034;;1;1
230724;3-45-6;;;7360373;C;[KX]18.549[B]3.58[V]48.406[E]1.871;;1;1
230724;3-45-7;;;5847658;C;[KX]7.322[B]0.244[V]86.968[E]4.068;;1;1
230724;3-4-6;;;4742041;C;[KX]11.471[B]1.546[F]6.264[C]0.325;;1;1
230724;3-4-7;;;3098504;C;[KX]1.871[F]9.112[C]45.721[L]3.58;;1;1
230724;3-47-1;;;14670817;A;[B]0.325[AN]0.163[RN]1.22;;1;1
230724;3-47-2;;;14012126;A;[V]1.464[I]0.814[RN]0.488;;1;1
230724;3-47-3;;;13089490;A;[V]5.288[E]0.163[I]1.79;;1;1
230724;3-47-4;;;10917300;A;[B]1.79[V]18.305[I]5.939;;1;1
230724;3-47-5;;;7955349;C;[KX]23.593[V]24.406[L]10.495;;1;1
230724;3-47-6;;;6835844;C;[KX]16.596[F]1.627[V]43.606[E]3.661;;1;1
230724;3-48-1;;;14934250;A;[V]0.163[I]0.163[RN]0.732;;1;1
230724;3-48-2;;;13946335;A;[V]0.814[L]1.79[RN]1.953;;1;1
230724;3-48-3;;;12563408;A;[F]1.22[V]5.695[E]0.895;;1;1
230724;3-48-4;;;10259642;A;[F]4.556[V]23.593[E]2.522;;1;1
230724;3-48-5;;;7496089;C;[KX]15.132[B]1.627[F]1.139[V]14.318;;1;1
230724;3-48-6;;;6113662;C;[KX]11.715[V]41.653[L]13.993;;1;1
230724;3-50-1;;;14803688;A;[I]0.163[AN]0.081[RN]0.488;;1;1
230724;3-50-2;;;13224156;A;[F]0.244[V]1.383[I]1.22;;1;1
230724;3-50-3;;;12171478;A;[B]0.569[F]1.464[V]2.522;;1;1
230724;3-50-4;;;9736892;A;[B]2.522[F]5.532[V]9.274;;1;1
230724;3-50-5;;;6907038;C;[KX]12.203[B]1.139[F]1.708[V]8.135;;1;1
230724;3-50-6;;;5261708;C;[KX]12.935[B]1.546[F]4.474[V]33.437;;1;1
230724;3-50-7;;;4077690;C;[KX]3.742[V]43.85[I]6.508[RN]36.691;;1;1
230724;3-6-1;;;13951984;A;[T]1.058[RN]0.651;;1;1
230724;3-6-2;;;12307680;A;[B]0.407[F]0.651[C]2.278;;1;1
230724;3-6-3;;;9874643;A;[B]0.651[F]3.173[C]7.403;;1;1
230724;3-6-4;;;8625868;A;[B]0.976[F]5.288[C]14.725;;1;1
230724;3-6-5;;;7178431;C;[KX]17.247[F]1.058[C]3.58[I]1.627;;1;1
230724;3-6-6;;;4549803;C;[KX]16.352[B]0.732[F]3.742[C]20.908;;1;1
230724;3-8-1;;;14610160;A;[T]0.407[C]0.163;;1;1
230724;3-8-2;;;12637665;A;[C]2.522[I]0.651[L]1.22;;1;1
230724;3-8-3;;;9943508;A;[B]1.139[F]1.058[C]13.342;;1;1
230724;3-8-4;;;7117246;A;[C]51.172[I]10.169[L]0.407;;1;1
230724;3-8-5;;;5604790;C;[KX]15.376[C]10.576[I]3.091[RN]0.163;;1;1
230724;3-8-6;;;4421804;C;[KX]7.485[F]1.383[C]62.399[I]2.359;;1;1
230724;3-8-7;;;3042975;C;[KX]7.973[B]2.359[T]31.159[F]1.383;;1;1
230724;3-9-1;;;14411754;A;[I]0.244[AN]0.651;;1;1
230724;3-9-2;;;12770279;A;[C]2.522[I]0.325[L]0.325;;1;1
230724;3-9-3;;;9747408;A;[B]1.139[C]15.051[I]1.383;;1;1
230724;3-9-4;;;7185863;A;[B]2.441[F]0.651[C]54.67;;1;1
230724;3-9-5;;;5870781;C;[KX]31.077[D]0.325[C]19.769[I]2.034;;1;1
230724;3-9-6;;;4687539;C;[KX]23.186[C]31.647[L]5.451[RN]0.325;;1;1
230724;3-9-7;;;4751795;C;[KX]13.993[T]0.976[C]27.66[I]2.522;;1;1
230724;4-10-1;;;14149868;A;[B]0.081[T]0.895[RN]0.081;;1;1
230724;4-10-2;;;12572125;A;[C]2.278[L]3.254;;1;1
230724;4-10-3;;;10862801;A;[B]0.895[C]7.485[I]1.953;;1;1
230724;4-10-4;;;8890815;A;[B]4.149[F]1.383[C]21.884;;1;1
230724;4-10-5;;;7180967;C;[KX]19.281[B]2.034[F]0.325[C]6.102;;1;1
230724;4-10-6;;;5340570;C;[KX]11.959[B]2.359[F]0.407[C]12.773;;1;1
230724;4-11-1;;;13623781;A;[C]1.22[L]1.22;;1;1
230724;4-11-2;;;12177880;A;[B]0.976[C]3.986[I]0.163;;1;1
230724;4-11-3;;;10339025;A;[B]1.546[C]12.04[I]0.407;;1;1
230724;4-11-4;;;8892353;A;[B]3.905[F]0.325[C]23.837;;1;1
230724;4-11-5;;;7183535;C;[KX]24.406[B]1.79[C]8.542[RN]0.163;;1;1
230724;4-11-6;;;5343138;C;[KX]27.091[B]2.766[C]26.277;;1;1
230724;4-11-7;;;3302786;C;[KX]5.613[B]4.8[T]31.159[F]0.895;;1;1
230724;4-13-1;;;13167858;A;[T]1.139[AN]1.627;;1;1
230724;4-13-2;;;11916762;A;[B]0.895[C]3.173[AN]2.522;;1;1
230724;4-13-3;;;10668500;A;[B]1.058[D]0.325[C]10.739;;1;1
230724;4-13-4;;;8894406;A;[B]2.115[D]0.895[C]24.488;;1;1
230724;4-13-5;;;7316662;C;[KX]41.328[D]0.488[T]9.274[L]8.542;;1;1
230724;4-13-6;;;5541540;C;[KX]28.718[B]1.871[D]0.895[C]24.976;;1;1
230724;4-13-7;;;3303809;C;[KX]3.173[B]4.312[T]18.793[C]12.61;;1;1
230724;4-14-1;;;14085101;A;[C]0.569[L]0.163[AN]0.814;;1;1
230724;4-14-2;;;11983068;A;[D]0.488[C]5.044[L]0.651;;1;1
230724;4-14-3;;;10472403;A;[B]0.488[D]0.976[C]12.529;;1;1
230724;4-14-4;;;9026502;A;[B]1.058[D]2.034[C]24.325;;1;1
230724;4-14-5;;;7514550;C;[KX]26.033[D]1.22[T]6.671[I]1.302;;1;1
230724;4-14-6;;;6067877;C;[KX]28.474[B]1.546[D]1.383[C]18.061;;1;1
230724;4-14-7;;;3304833;C;[KX]5.532[B]4.474[T]21.152[I]0.407;;1;1
230724;4-15-1;;;14346987;A;[B]0.081[C]0.651[AN]0.244;;1;1
230724;4-15-2;;;12049117;A;[D]0.569[C]4.637[L]0.325;;1;1
230724;4-15-3;;;10603216;A;[D]1.383[C]10.657[L]1.708;;1;1
230724;4-15-4;;;9026757;A;[B]0.976[D]2.197[C]23.43;;1;1
230724;4-15-5;;;7382957;C;[KX]29.694[B]0.976[D]1.22[C]9.518;;1;1
230724;4-15-6;;;5936032;C;[KX]24.65[D]1.464[T]12.61[L]10.007;;1;1
230724;4-17-1;;;13625314;A;[D]0.325[C]1.058[AN]0.732;;1;1
230724;4-17-2;;;12507345;A;[D]1.058[C]3.01[L]1.464;;1;1
230724;4-17-3;;;10865092;A;[B]0.814[D]2.359[C]9.518;;1;1
230724;4-17-4;;;8958635;A;[B]2.359[D]6.183[C]24.406;;1;1
230724;4-17-5;;;7644834;C;[KX]27.254[D]2.847[C]9.112[I]0.569;;1;1
230724;4-17-6;;;5803659;C;[KX]28.718[B]1.383[D]5.451[C]23.105;;1;1
230724;4-17-7;;;3171940;C;[KX]2.441[D]11.959[T]73.463[I]4.8;;1;1
230724;4-19-1;;;14019554;A;[D]0.244[C]0.163[AN]1.302;;1;1
230724;4-19-2;;;12637645;A;[D]1.22[C]2.359[L]2.603;;1;1
230724;4-19-3;;;11061438;A;[B]0.895[D]3.417[C]8.542;;1;1
230724;4-19-4;;;9089702;A;[B]2.847[D]8.054[C]21.884;;1;1
230724;4-19-5;;;7445386;C;[KX]16.678[D]4.068[C]4.068[I]1.302;;1;1
230724;4-19-6;;;5736312;C;[KX]8.135[B]1.953[D]6.346[C]15.457;;1;1
230724;4-19-7;;;3564888;C;[KX]8.461[D]11.796[I]5.613[AN]62.968;;1;1
230724;4-20-1;;;14215650;A;[D]0.325[C]0.976;;1;1
230724;4-20-2;;;12769485;A;[B]0.569[D]1.139[C]2.847;;1;1
230724;4-20-3;;;11258045;A;[B]1.302[D]2.603[C]7.241;;1;1
230724;4-20-4;;;9220256;A;[B]3.58[D]9.356[C]20.745;;1;1
230724;4-20-5;;;7576198;C;[KX]18.63[D]4.8[T]4.556[I]1.464;;1;1
230724;4-20-6;;;5604209;C;[KX]16.434[D]9.925[C]14.4[I]1.627;;1;1
230724;4-20-7;;;3368018;C;[KX]5.613[D]18.63[C]39.457[AN]20.42;;1;1
230724;4-2-1;;;14081513;A;[C]0.651[I]0.325[RN]0.651;;1;1
230724;4-2-2;;;12370391;A;[F]0.488[I]2.197[RN]0.325;;1;1
230724;4-2-3;;;10791369;A;[B]1.627[F]3.58[V]0.651;;1;1
230724;4-23-1;;;14280923;A;[B]0.081[D]0.488[T]0.651;;1;1
230724;4-23-2;;;12965833;A;[D]1.708[C]1.79[I]0.569;;1;1
230724;4-23-3;;;11125683;A;[B]1.79[D]3.824[C]7.078;;1;1
230724;4-23-4;;;9285013;A;[B]4.312[D]11.878[C]18.142;;1;1
230724;4-23-5;;;7444097;C;[KX]16.352[B]1.708[D]3.417[C]4.8;;1;1
230724;4-23-6;;;5602659;C;[KX]19.85[D]17.328[C]17.328[I]2.115;;1;1
230724;4-23-7;;;3562047;C;[KX]1.383[B]3.824[D]20.501[T]28.311;;1;1
230724;4-2-4;;;9541568;A;[B]2.441[F]6.834[V]1.546;;1;1
230724;4-24-1;;;14083288;A;[D]0.651[T]0.732[I]0.163;;1;1
230724;4-24-2;;;12440257;A;[B]0.895[D]2.278[C]3.336;;1;1
230724;4-24-3;;;11191216;A;[B]1.953[D]4.149[C]6.834;;1;1
230724;4-24-4;;;9416083;A;[B]4.474[D]13.098[C]16.759;;1;1
230724;4-24-5;;;7706491;C;[KX]16.678[D]4.637[T]1.871[L]6.346;;1;1
230724;4-24-6;;;5667934;C;[KX]20.176[B]2.847[D]16.108[C]17.41;;1;1
230724;4-2-5;;;7305135;C;[KX]18.305[B]1.058[C]4.149[RN]11.308;;1;1
230724;4-2-6;;;6382492;C;[KX]12.203[F]2.685[V]5.451[E]1.79;;1;1
230724;4-26-1;;;14871521;A;[B]0.081[D]0.244[T]0.244;;1;1
230724;4-26-2;;;14083283;A;[D]0.814[C]0.814[L]0.488;;1;1
230724;4-26-3;;;11320740;A;[B]3.254[D]5.451[C]4.881;;1;1
230724;4-26-4;;;9939848;A;[B]6.346[D]15.62[C]10.495;;1;1
230724;4-26-5;;;7769447;C;[KX]18.549[D]8.624[C]0.895[L]9.6;;1;1
230724;4-26-6;;;5926979;C;[KX]6.915[B]4.149[D]12.529[T]2.197;;1;1
230724;4-26-7;;;3887651;C;[B]3.01[D]76.717[C]8.705;;1;1
230724;4-2-7;;;4211054;C;[KX]2.847[V]24.081[E]0.407[I]12.691;;1;1
230724;4-27-1;;;14411223;A;[B]0.163[D]0.651[C]0.569;;1;1
230724;4-27-2;;;13423808;A;[B]1.464[D]1.302[AN]1.302;;1;1
230724;4-27-3;;;11516829;A;[B]3.905[D]7.159[C]3.905;;1;1
230724;4-27-4;;;9938045;A;[B]9.356[D]20.989[C]8.379;;1;1
230724;4-27-5;;;8293472;C;[KX]16.189[D]6.183[E]1.708[L]8.135;;1;1
230724;4-27-6;;;6517058;C;[KX]8.868[D]16.271[E]1.871[I]3.336;;1;1
230724;4-27-7;;;4542500;C;[KX]3.091[B]7.81[D]59.633;;1;1
230724;4-29-1;;;15067611;A;[B]0.163[D]0.325[C]0.081;;1;1
230724;4-29-2;;;14212038;A;[B]0.407[D]1.464[I]0.407;;1;1
230724;4-29-3;;;12764575;A;[B]2.847[D]7.322[C]0.569;;1;1
230724;4-29-4;;;11053696;A;[B]9.763[D]17.328[C]1.546;;1;1
230724;4-29-5;;;9277020;C;[KX]22.372[B]3.661[D]7.647[E]1.953;;1;1
230724;4-29-6;;;7106108;C;[KX]17.166[B]7.322[D]20.827[E]6.346;;1;1
230724;4-30-1;;;15330271;A;[D]0.244[E]0.081[I]0.081;;1;1
230724;4-30-2;;;14277315;A;[B]0.895[D]1.383[L]0.407;;1;1
230724;4-30-3;;;12631965;A;[B]4.393[D]6.102[C]0.325;;1;1
230724;4-30-4;;;10986874;A;[B]11.634[D]19.362[C]0.244;;1;1
230724;4-30-5;;;9538907;C;[KX]18.467[B]2.929[D]4.637[E]3.254;;1;1
230724;4-30-6;;;7499577;C;[KX]15.132[B]5.451[D]13.586[E]10.088;;1;1
230724;4-30-7;;;5527817;C;[KX]2.766[D]43.443[E]33.03[I]1.058;;1;1
230724;4-33-1;;;14605775;A;[B]0.163[E]0.976[L]1.383;;1;1
230724;4-33-2;;;13683383;A;[B]2.603[D]0.814[E]0.895;;1;1
230724;4-33-3;;;13155485;A;[B]3.824[D]2.034[E]4.393;;1;1
230724;4-33-4;;;11510653;A;[B]10.901[D]7.647[E]9.763;;1;1
230724;4-33-5;;;9930331;C;[KX]18.305[B]3.01[D]1.22[E]7.078;;1;1
230724;4-33-6;;;8153403;C;[KX]6.834[D]0.325[E]17.166[I]2.115;;1;1
230724;4-35-1;;;14802899;A;[E]0.895[L]0.976[RN]0.163;;1;1
230724;4-35-2;;;14143940;A;[B]1.546[E]0.976[L]0.569;;1;1
230724;4-35-3;;;12891549;A;[B]4.8[E]6.102[RN]0.732;;1;1
230724;4-35-4;;;11114878;A;[B]15.945[E]14.644;;1;1
230724;4-35-5;;;9863004;C;[KX]17.898[B]3.254[V]0.732[E]8.542;;1;1
230724;4-35-6;;;8020028;C;[KX]12.854[E]29.694[I]1.953[RN]4.8;;1;1
230724;4-37-1;;;15328215;A;[E]0.732[L]0.081[RN]0.325;;1;1
230724;4-37-2;;;13748413;A;[B]2.603[V]0.244[E]0.895;;1;1
230724;4-37-3;;;12562589;A;[B]6.102[V]1.546[E]4.719;;1;1
230724;4-37-4;;;10981503;A;[B]15.213[V]8.135[E]13.83;;1;1
230724;4-37-5;;;9467232;C;[KX]16.271[B]3.254[V]3.336[E]6.996;;1;1
230724;4-37-6;;;7624511;C;[KX]9.356[B]1.383[E]23.186[RN]9.6;;1;1
230724;4-39-1;;;14735828;A;[B]0.407[E]0.651[RN]0.814;;1;1
230724;4-39-2;;;13551038;A;[B]2.847[V]1.139[E]0.732;;1;1
230724;4-39-3;;;12496289;A;[B]6.508[V]3.254[E]3.742;;1;1
230724;4-39-4;;;10915716;A;[B]15.701[V]12.854[E]11.227;;1;1
230724;4-39-5;;;9204066;C;[KX]15.864[V]5.695[E]10.088[I]1.79;;1;1
230724;4-39-6;;;7624011;C;[KX]9.844[B]4.149[V]11.39[E]12.04;;1;1
230724;4-40-1;;;15197405;A;[B]0.325[V]0.244[E]0.163;;1;1
230724;4-40-2;;;13747903;A;[B]2.685[V]0.976[E]0.732;;1;1
230724;4-40-3;;;12627623;A;[B]5.288[V]4.637[E]2.441;;1;1
230724;4-40-4;;;11047306;A;[B]14.806[V]11.715[E]6.834;;1;1
230724;4-40-5;;;9336434;C;[KX]22.454[B]1.627[E]6.996[RN]8.379;;1;1
230724;4-40-6;;;7558224;C;[KX]10.983[B]4.149[V]13.423[E]9.518;;1;1
230724;4-40-7;;;5978420;C;[KX]4.556[V]52.799[E]41.247;;1;1
230724;4-4-1;;;14278631;A;[C]0.325[I]0.407[RN]0.325;;1;1
230724;4-41-1;;;15000287;A;[E]0.325[I]0.244[RN]0.325;;1;1
230724;4-41-2;;;13813958;A;[B]2.278[V]0.976[RN]0.488;;1;1
230724;4-41-3;;;12298921;A;[B]6.752[V]5.695[E]0.732;;1;1
230724;4-41-4;;;10915723;A;[B]15.295[V]14.969[E]5.207;;1;1
230724;4-41-5;;;9269868;C;[KX]11.552[B]2.603[V]4.474[E]3.824;;1;1
230724;4-41-6;;;7361365;C;[KX]16.678[B]6.264[V]27.904[E]12.203;;1;1
230724;4-4-2;;;12766172;A;[F]0.163[C]0.569[I]1.871;;1;1
230724;4-4-3;;;11055049;A;[B]2.115[F]2.766[C]0.895;;1;1
230724;4-43-1;;;14472916;A;[B]0.976[V]0.651[L]0.163;;1;1
230724;4-43-2;;;13879239;A;[B]2.034[V]1.708[E]0.081;;1;1
230724;4-43-3;;;12693937;A;[B]5.125[V]4.719[E]0.325;;1;1
230724;4-43-4;;;10915988;A;[V]18.549[E]13.505[I]7.485;;1;1
230724;4-43-5;;;9401723;C;[KX]12.203[B]2.522[V]4.8[E]1.79;;1;1
230724;4-43-6;;;7558751;C;[KX]12.04[B]4.556[V]16.678[E]4.881;;1;1
230724;4-43-7;;;5650755;C;[KX]3.824[V]63.294[E]17.654;;1;1
230724;4-4-4;;;8818865;A;[B]5.858[F]7.891[C]4.068;;1;1
230724;4-4-5;;;7043490;C;[KX]14.481[V]0.488[I]5.613;;1;1
230724;4-4-6;;;5267339;C;[KX]16.189[T]1.708[F]4.393[L]18.549;;1;1
230724;4-4-7;;;3358826;C;[KX]0.325[B]4.719[F]8.949[V]1.546;;1;1
230724;4-47-1;;;15000036;A;[F]0.081[V]0.488[E]0.163;;1;1
230724;4-47-2;;;13617873;A;[B]1.22[F]0.325[V]1.058;;1;1
230724;4-47-3;;;11971521;A;[B]2.603[F]1.22[V]6.671;;1;1
230724;4-47-4;;;10063272;A;[B]3.58[V]19.769[I]10.169;;1;1
230724;4-47-5;;;8549266;C;[KX]19.525[F]1.302[V]6.915[E]3.254;;1;1
230724;4-47-6;;;6312048;C;[KX]7.485[B]3.824[V]15.051[I]2.034;;1;1
230724;4-48-1;;;14473954;A;[F]0.244[V]0.732[E]0.244;;1;1
230724;4-48-2;;;13026256;A;[B]1.464[F]0.569[RN]2.115;;1;1
230724;4-48-3;;;11775940;A;[B]1.22[V]4.149[I]4.556;;1;1
230724;4-48-4;;;10065071;A;[B]6.02[F]4.312[V]9.193;;1;1
230724;4-48-5;;;8222358;C;[KX]18.549[B]2.685[F]0.976[V]5.125;;1;1
230724;4-48-6;;;5919611;C;[KX]9.112[V]16.271[L]18.874[RN]1.139;;1;1
230724;4-48-7;;;3880029;C;[B]4.068[F]1.627[V]93.639;;1;1
230724;4-49-1;;;14672098;A;[F]0.163[E]0.244[RN]0.081;;1;1
230724;4-49-2;;;13617877;A;[B]0.895[I]0.488[RN]2.197;;1;1
230724;4-49-3;;;11775681;A;[B]2.929[F]1.464[V]3.742;;1;1
230724;4-49-4;;;10260654;A;[F]4.719[V]14.644[E]5.939;;1;1
230724;4-49-5;;;8484755;C;[KX]18.386[B]2.197[V]5.695[I]1.871;;1;1
230724;4-49-6;;;6181745;C;[KX]8.054[B]2.359[V]15.051[L]10.576;;1;1
230724;4-49-7;;;4141913;C;[KX]0.163[V]36.284[E]6.671[RN]30.101;;1;1
230724;4-50-1;;;14670817;A;[V]0.895[L]1.22;;1;1
230724;4-50-2;;;13158099;A;[B]0.651[I]1.464[RN]1.871;;1;1
230724;4-50-3;;;11448002;A;[B]0.651[V]2.685[I]5.939;;1;1
230724;4-50-4;;;9671085;A;[B]6.671[F]5.288[V]6.834;;1;1
230724;4-50-5;;;7762839;C;[KX]12.691[B]2.034[I]1.302[RN]5.695;;1;1
230724;4-50-6;;;5657981;C;[KX]17.898[B]5.288[F]4.393[V]17.003;;1;1
230724;4-50-7;;;3552605;C;[F]5.451[V]49.382[E]7.322;;1;1
230724;4-6-1;;;13885676;A;[B]0.081[C]1.22[RN]0.651;;1;1
230724;4-6-2;;;12766683;A;[B]1.383[F]1.058[C]2.359;;1;1
230724;4-6-3;;;10793673;A;[B]2.197[F]2.034[C]4.149;;1;1
230724;4-6-4;;;8887483;A;[B]4.474[F]4.637[C]12.935;;1;1
230724;4-6-5;;;6913442;C;[KX]12.935[B]1.546[F]1.058[C]2.441;;1;1
230724;4-6-6;;;5137038;C;[KX]16.189[T]1.708[F]4.393[L]18.549;;1;1
230724;4-6-7;;;3229556;C;[KX]4.637[B]5.858[T]21.966[F]11.959;;1;1
230724;4-7-1;;;13886445;A;[F]0.081[C]1.058[I]0.081;;1;1
230724;4-7-2;;;12438489;A;[C]1.627[I]2.197;;1;1
230724;4-7-3;;;10794956;A;[B]1.871[F]1.708[C]5.695;;1;1
230724;4-7-4;;;8822714;A;[B]4.963[F]3.824[C]17.084;;1;1
230724;4-7-5;;;6784171;C;[KX]12.935[B]1.546[F]1.058[C]2.441;;1;1
230724;4-7-6;;;5072272;C;[KX]10.169[T]6.183[F]0.488[I]8.542;;1;1
230724;4-7-7;;;3296633;C;[KX]1.383[C]31.24[I]11.064;;1;1
230724;4-9-1;;;13425892;A;[C]1.22[I]0.407[L]0.569;;1;1
230724;4-9-2;;;12768475;A;[B]0.569[C]2.115[I]0.651;;1;1
230724;4-9-3;;;10665162;A;[B]2.441[F]0.569[C]8.705;;1;1
230724;4-9-4;;;8890558;A;[B]4.312[F]1.627[C]20.501;;1;1
230724;4-9-5;;;7049388;C;[KX]24.325[B]1.953[F]0.732[C]7.322;;1;1
230724;4-9-6;;;4813204;C;[KX]12.366[B]1.383[C]17.328[I]3.905;;1;1
230724;5-10-1;;;14214375;A;[C]0.569[I]0.163[L]0.651;;1;1
230724;5-10-2;;;12701396;A;[B]1.22[F]0.244[C]2.115;;1;1
230724;5-10-3;;;10598081;A;[B]3.661[F]0.814[C]7.485;;1;1
230724;5-10-4;;;8294813;A;[B]14.4[F]3.091[C]20.745;;1;1
230724;5-10-5;;;5993868;C;[KX]14.4[B]4.149[F]1.058[C]6.671;;1;1
230724;5-10-6;;;4086124;C;[KX]7.566[B]8.135[T]22.21[F]2.441;;1;1
230724;5-10-7;;;4280153;C;[KX]3.58[B]14.318[F]1.871[C]13.505;;1;1
230724;5-1-1;;;13685727;A;[B]0.488[C]1.058[RN]2.034;;1;1
230724;5-11-1;;;14279654;A;[C]0.488[L]0.895[RN]0.163;;1;1
230724;5-11-2;;;13162201;A;[B]0.976[T]1.627[RN]0.569;;1;1
230724;5-11-3;;;10794689;A;[B]3.661[F]0.895[C]6.671;;1;1
230724;5-11-4;;;8361892;A;[B]11.552[F]2.197[C]23.755;;1;1
230724;5-11-5;;;6257290;C;[KX]10.576[B]3.336[C]5.858[RN]1.871;;1;1
230724;5-11-6;;;4349037;C;[KX]9.6[B]6.264[C]24.162[I]4.474;;1;1
230724;5-11-7;;;4280409;C;[KX]3.58[B]14.318[F]1.871[C]13.505;;1;1
230724;5-1-2;;;13290452;A;[B]0.569[I]1.708[RN]0.325;;1;1
230724;5-12-1;;;14543081;A;[I]0.244[AN]0.569;;1;1
230724;5-12-2;;;12306891;A;[B]2.115[F]0.163[C]2.685;;1;1
230724;5-12-3;;;11254719;A;[B]3.417[C]4.963[I]1.302;;1;1
230724;5-12-4;;;10003880;A;[B]9.437[F]1.22[C]8.135;;1;1
230724;5-12-5;;;7964556;C;[KX]13.017[B]3.01[T]1.139[I]0.732;;1;1
230724;5-12-6;;;5464936;C;[KX]7.566[B]7.403[T]3.091[F]0.488;;1;1
230724;5-12-7;;;4609371;C;[KX]3.905[B]8.868[T]6.346[I]3.824;;1;1
230724;5-1-3;;;10987703;A;[B]2.929[F]3.173[E]2.197;;1;1
230724;5-13-1;;;14214888;A;[I]0.244[AN]0.895;;1;1
230724;5-13-2;;;12767698;A;[B]0.976[C]2.034[L]1.464;;1;1
230724;5-13-3;;;10401215;A;[B]3.824[F]0.651[C]8.868;;1;1
230724;5-13-4;;;8559783;A;[B]10.576[F]1.464[C]22.698;;1;1
230724;5-13-5;;;6718611;C;[KX]15.539[B]3.091[F]0.244[C]6.183;;1;1
230724;5-13-6;;;4679802;C;[KX]18.467[B]10.901[F]1.139[C]41.816;;1;1
230724;5-1-4;;;8488346;A;[B]15.051[F]10.007[C]0.488;;1;1
230724;5-14-1;;;13951975;A;[I]0.407[L]0.163[AN]1.139;;1;1
230724;5-14-2;;;12505301;A;[B]0.488[C]2.603[L]3.336;;1;1
230724;5-14-3;;;11124934;A;[B]2.441[C]6.59[I]0.895;;1;1
230724;5-14-4;;;8692396;A;[B]8.705[F]0.569[C]25.464;;1;1
230724;5-14-5;;;6653331;C;[KX]15.539[B]3.091[F]0.244[C]6.183;;1;1
230724;5-14-6;;;4942972;C;[KX]9.6[D]0.732[C]11.227[L]21.559;;1;1
230724;5-14-7;;;4215643;C;[KX]4.149[B]4.556[T]4.149[L]23.755;;1;1
230724;5-1-5;;;6316922;C;[KX]14.4[B]4.23[I]5.044[RN]7.159;;1;1
230724;5-15-1;;;14279393;A;[C]0.325[L]1.546;;1;1
230724;5-15-2;;;12766156;A;[B]0.569[C]0.651[L]6.02;;1;1
230724;5-15-3;;;10990516;A;[B]6.02[F]0.569[C]5.044;;1;1
230724;5-15-4;;;9739420;A;[B]13.505[C]7.241[I]3.498;;1;1
230724;5-15-5;;;7963267;C;[KX]13.912[B]4.149[C]1.139[I]0.407;;1;1
230724;5-15-6;;;5792612;C;[KX]8.379[B]7.891[C]2.441[I]1.139;;1;1
230724;5-15-7;;;3884615;C;[KX]1.22[B]13.017[T]3.661[I]1.302;;1;1
230724;5-1-6;;;4211550;C;[KX]4.963[B]9.437[F]5.044[V]12.529;;1;1
230724;5-16-1;;;14150121;A;[D]0.081[C]0.976;;1;1
230724;5-16-2;;;12703703;A;[B]0.732[D]0.244[C]2.766;;1;1
230724;5-16-3;;;10534079;A;[B]3.254[D]0.732[C]10.332;;1;1
230724;5-16-4;;;8759213;A;[B]7.322[D]1.139[C]24.894;;1;1
230724;5-16-5;;;6917268;C;[KX]17.084[B]3.173[T]6.346[I]0.163;;1;1
230724;5-16-6;;;5008242;C;[KX]9.356[D]2.034[T]5.613[L]22.942;;1;1
230724;5-1-7;;;3618903;C;[F]6.264[V]31.24[E]10.576;;1;1
230724;5-17-1;;;13492701;A;[D]0.325[C]1.464[L]0.651;;1;1
230724;5-17-2;;;12768979;A;[B]0.814[D]0.407[C]2.685;;1;1
230724;5-17-3;;;10599609;A;[B]3.173[D]1.708[C]9.763;;1;1
230724;5-17-4;;;8561310;A;[B]9.112[D]4.556[C]26.928;;1;1
230724;5-17-5;;;6916231;C;[KX]19.688[D]2.197[T]3.173[L]13.83;;1;1
230724;5-17-6;;;4481889;C;[KX]3.661[B]5.288[D]2.278[C]12.366;;1;1
230724;5-17-7;;;4806739;C;[KX]6.346[B]12.447[D]3.498[C]12.122;;1;1
230724;5-18-1;;;14477794;A;[D]0.163[L]0.488[AN]0.651;;1;1
230724;5-18-2;;;12636105;A;[B]1.546[D]0.488[C]2.441;;1;1
230724;5-18-3;;;10861489;A;[B]3.742[D]2.441[C]7.485;;1;1
230724;5-18-4;;;8297362;A;[B]11.634[D]8.298[C]29.694;;1;1
230724;5-18-5;;;6521207;C;[KX]13.83[D]3.58[C]3.498[L]12.203;;1;1
230724;5-18-6;;;3955541;C;[KX]6.264[D]10.901[C]32.054[L]18.386;;1;1
230724;5-18-7;;;4479829;C;[KX]6.671[D]13.261[T]4.881[I]9.112;;1;1
230724;5-19-1;;;14281187;A;[D]0.163[L]0.569[AN]0.895;;1;1
230724;5-19-2;;;12701896;A;[D]0.976[L]5.451[AN]1.464;;1;1
230724;5-19-3;;;10335659;A;[B]5.044[D]3.091[C]10.251;;1;1
230724;5-19-4;;;8428174;A;[B]13.342[D]8.949[C]26.521;;1;1
230724;5-19-5;;;6258034;C;[KX]12.203[D]4.23[C]4.068[L]12.773;;1;1
230724;5-19-6;;;3953998;C;[KX]4.312[B]10.983[D]4.963[T]13.017;;1;1
230724;5-19-7;;;4544079;C;[KX]5.288[B]11.308[D]2.603[T]6.102;;1;1
230724;5-20-1;;;13752276;A;[B]0.081[D]0.244[L]3.986;;1;1
230724;5-20-2;;;12173758;A;[B]0.651[D]0.895[L]11.634;;1;1
230724;5-20-3;;;11384242;A;[B]6.671[C]3.824[I]0.325;;1;1
230724;5-20-4;;;9672849;A;[B]18.793[C]6.834[I]0.976;;1;1
230724;5-20-5;;;8093562;C;[KX]12.935[B]4.881[D]0.244[T]0.651;;1;1
230724;5-20-6;;;5725784;C;[KX]8.868[B]11.634[D]0.488[C]2.685;;1;1
230724;5-20-7;;;4278853;C;[KX]1.79[B]8.054[D]1.953[L]15.051;;1;1
230724;5-2-1;;;13883874;A;[C]0.244[I]1.058;;1;1
230724;5-21-1;;;14017240;A;[D]0.569[C]0.814[L]0.732;;1;1
230724;5-21-2;;;12898504;A;[D]1.058[C]0.895[L]4.881;;1;1
230724;5-21-3;;;10663594;A;[B]4.881[D]3.091[C]8.054;;1;1
230724;5-21-4;;;8296329;A;[B]14.481[D]10.82[C]26.766;;1;1
230724;5-21-5;;;6059878;C;[KX]12.366[B]5.288[D]4.149[T]5.207;;1;1
230724;5-21-6;;;3625284;C;[KX]1.464[B]9.6[D]7.647[T]10.576;;1;1
230724;5-21-7;;;4609358;C;[KX]6.346[B]12.447[D]3.498[C]12.122;;1;1
230724;5-2-2;;;13159122;A;[B]0.651[I]1.953;;1;1
230724;5-22-1;;;14477535;A;[D]0.325[I]0.163[AN]0.651;;1;1
230724;5-22-2;;;12898502;A;[B]1.627[D]0.732[C]1.871;;1;1
230724;5-22-3;;;10202786;A;[B]7.078[D]3.742[C]10.169;;1;1
230724;5-22-4;;;8361350;A;[B]15.701[D]12.284[C]26.115;;1;1
230724;5-22-6;;;3690817;C;[KX]1.464[D]17.735[T]9.763[L]34.25;;1;1
230724;5-22-7;;;3558459;C;[KX]1.627[B]12.122[D]15.864[T]11.39;;1;1
230724;5-2-3;;;10200256;A;[B]3.254[F]4.068[C]1.708;;1;1
230724;5-23-1;;;14477278;A;[D]0.407[T]0.407[I]0.163;;1;1
230724;5-23-2;;;12832195;A;[B]1.953[D]1.058[C]1.953;;1;1
230724;5-23-3;;;10794664;A;[B]5.532[D]3.417[C]7.241;;1;1
230724;5-23-4;;;8492675;A;[B]16.027[D]14.644[C]23.511;;1;1
230724;5-23-5;;;6256227;C;[KX]9.925[B]4.719[D]4.23[C]4.8;;1;1
230724;5-2-4;;;8687020;A;[B]7.322[F]8.868[C]2.685;;1;1
230724;5-24-1;;;14543072;A;[D]0.325[C]0.488[L]0.244;;1;1
230724;5-24-2;;;13227464;A;[D]1.708[C]1.058[I]0.895;;1;1
230724;5-24-3;;;10859941;A;[B]5.369[D]3.58[C]6.671;;1;1
230724;5-24-4;;;8755077;A;[B]16.108[D]11.471[C]19.85;;1;1
230724;5-24-5;;;6321504;C;[KX]8.542[B]4.393[D]4.068[C]3.742;;1;1
230724;5-24-6;;;3822137;C;[KX]1.139[B]8.135[D]15.376[T]6.915;;1;1
230724;5-24-7;;;4016702;C;[KX]1.79[B]3.01[D]17.898[I]8.135;;1;1
230724;5-2-5;;;7174296;C;[KX]14.481[V]0.488[I]5.613;;1;1
230724;5-25-1;;;14542557;A;[D]0.407[T]0.325[I]0.244;;1;1
230724;5-25-2;;;13161414;A;[B]1.708[D]0.569[AN]1.953;;1;1
230724;5-25-3;;;10925217;A;[B]5.776[D]4.637[C]5.858;;1;1
230724;5-25-4;;;8623488;A;[B]17.084[D]14.644[C]20.42;;1;1
230724;5-25-5;;;6124121;C;[KX]11.064[B]5.613[D]7.078[C]5.451;;1;1
230724;5-25-6;;;4083768;C;[KX]2.197[B]10.007[D]16.108[T]5.288;;1;1
230724;5-25-7;;;4476480;C;[KX]4.23[B]14.725[D]6.915[C]6.102;;1;1
230724;5-2-6;;;6055300;C;[KX]9.6[B]3.742[F]1.953[RN]1.22;;1;1
230724;5-26-1;;;14805727;A;[D]0.325[C]0.244[I]0.081;;1;1
230724;5-26-2;;;13358278;A;[D]1.22[L]4.312[AN]0.325;;1;1
230724;5-26-3;;;11187616;A;[B]5.776[D]4.474[C]4.556;;1;1
230724;5-26-4;;;9082751;A;[B]16.84[D]15.945[C]14.4;;1;1
230724;5-26-5;;;6714458;C;[KX]13.261[B]6.183[D]6.834[C]3.173;;1;1
230724;5-26-6;;;4609335;C;[KX]3.336[B]9.274[D]20.339[C]5.125;;1;1
230724;5-26-7;;;5002051;C;[KX]5.776[B]13.423[D]7.159[C]3.336;;1;1
230724;5-2-7;;;3753053;C;[KX]1.058[B]6.834[F]3.498[L]5.044;;1;1
230724;5-27-1;;;14345432;A;[D]0.651[I]0.325[AN]0.488;;1;1
230724;5-27-2;;;13357764;A;[B]1.546[D]1.22[C]1.22;;1;1
230724;5-27-3;;;11713444;A;[B]4.719[D]4.719[C]2.847;;1;1
230724;5-27-4;;;9279099;A;[B]19.444[D]17.247[C]10.332;;1;1
230724;5-27-5;;;7239770;C;[KX]14.644[B]6.346[D]7.322[C]1.546;;1;1
230724;5-27-6;;;5002800;C;[KX]6.671[B]10.983[D]36.935[C]2.197;;1;1
230724;5-27-7;;;5462086;C;[KX]7.485[B]11.715[D]6.915[C]1.22;;1;1
230724;5-29-1;;;13817809;A;[B]1.383[I]0.163[AN]0.814;;1;1
230724;5-29-2;;;11975602;A;[B]5.695[D]0.569[C]2.115;;1;1
230724;5-29-3;;;11383207;A;[B]8.298[D]0.651[C]3.01;;1;1
230724;5-29-4;;;10132112;A;[B]19.037[D]0.976[C]4.474;;1;1
230724;5-29-5;;;8289908;C;[KX]17.247[B]6.264[D]0.651[C]0.244;;1;1
230724;5-29-6;;;5856081;C;[KX]6.915[B]10.576[D]1.953[C]0.569;;1;1
230724;5-29-7;;;4145722;C;[KX]2.522[B]21.315[D]3.254[T]0.895;;1;1
230724;5-3-1;;;14411242;A;[C]0.569[L]0.407[RN]0.325;;1;1
230724;5-31-1;;;15198172;A;[D]0.163[E]0.325[I]0.163;;1;1
230724;5-31-2;;;13947588;A;[B]1.546[D]0.895[I]0.244;;1;1
230724;5-31-3;;;11776153;A;[B]8.379[D]4.393[C]0.732;;1;1
230724;5-31-4;;;10328189;A;[B]20.501[D]11.146[C]0.732;;1;1
230724;5-31-5;;;7762513;C;[KX]12.203[B]5.695[D]3.742[E]3.905;;1;1
230724;5-31-6;;;6051381;C;[KX]8.461[B]9.763[D]8.542[E]15.376;;1;1
230724;5-31-7;;;5657408;C;[KX]7.729[B]13.017[D]4.474[E]4.556;;1;1
230724;5-3-2;;;13093845;A;[B]0.488[C]0.244[I]1.871;;1;1
230724;5-3-3;;;10529210;A;[B]4.637[F]2.603[C]2.766;;1;1
230724;5-3-4;;;8423584;A;[B]12.366[F]8.624[C]5.776;;1;1
230724;5-34-1;;;15000797;A;[E]0.407[L]0.651[RN]0.244;;1;1
230724;5-34-2;;;13486783;A;[B]2.603[D]0.814[I]0.325;;1;1
230724;5-34-3;;;11840665;A;[B]10.007[D]1.871[E]1.708;;1;1
230724;5-34-4;;;10063478;A;[B]26.603[D]6.834[E]6.996;;1;1
230724;5-34-5;;;7957585;C;[KX]8.379[B]4.719[V]0.244[E]6.264;;1;1
230724;5-34-6;;;5260852;C;[KX]6.346[B]14.888[V]1.22[E]28.474;;1;1
230724;5-34-7;;;5590591;C;[KX]7.241[B]13.342[V]0.325[E]11.959;;1;1
230724;5-3-6;;;3818591;C;[KX]1.627[B]7.81[F]3.661[V]0.732;;1;1
230724;5-36-1;;;15065301;A;[V]0.163[E]0.814[I]0.244;;1;1
230724;5-36-2;;;13289148;A;[B]2.603[E]0.895[L]2.197;;1;1
230724;5-36-3;;;11577242;A;[B]11.878[V]0.163[E]1.383;;1;1
230724;5-36-4;;;9338992;A;[B]39.782[V]2.197[E]12.773;;1;1
230724;5-36-5;;;7298635;C;[KX]11.064[B]5.532[E]12.203[RN]5.207;;1;1
230724;5-3-7;;;4738391;C;[KX]2.603[B]6.59[V]2.603[I]6.996;;1;1
230724;5-37-1;;;14936549;A;[B]0.244[AN]0.325[RN]0.081;;1;1
230724;5-37-2;;;14277589;A;[D]0.244[E]0.488[I]0.732;;1;1
230724;5-37-3;;;13026493;A;[B]3.986[C]0.569;;1;1
230724;5-37-4;;;10064776;A;[B]20.176[E]2.522[L]10.657;;1;1
230724;5-37-5;;;7433313;C;[KX]10.739[B]6.996[V]0.325[E]1.708;;1;1
230724;5-37-6;;;6182990;C;[KX]9.03[B]11.471[V]0.976[E]3.58;;1;1
230724;5-37-7;;;3158573;C;[B]68.093[F]0.244;;1;1
230724;5-38-1;;;15131351;A;[V]0.244[E]0.651[L]0.569;;1;1
230724;5-38-2;;;13748673;A;[B]2.603[V]0.488[E]0.407;;1;1
230724;5-38-3;;;11510938;A;[B]12.203[V]1.953[E]0.895;;1;1
230724;5-38-4;;;9272435;A;[B]38.887[V]13.993[E]7.973;;1;1
230724;5-38-5;;;6969165;C;[KX]10.82[B]4.719[E]12.691[RN]10.251;;1;1
230724;5-38-7;;;4931639;C;[KX]4.312[B]15.051[V]12.122[E]18.711;;1;1
230724;5-39-1;;;15064277;A;[E]0.976[I]0.081[RN]0.814;;1;1
230724;5-39-2;;;13222334;A;[B]3.336[V]1.058[L]0.895;;1;1
230724;5-39-3;;;11444892;A;[B]12.366[V]3.742[I]0.163;;1;1
230724;5-39-4;;;9404024;A;[B]35.796[V]16.596[E]5.207;;1;1
230724;5-39-5;;;6903892;C;[KX]8.135[B]6.834[V]6.508[E]4.23;;1;1
230724;5-39-6;;;4535600;C;[B]9.274[V]24.406[E]22.779;;1;1
230724;5-39-7;;;4800574;C;[KX]4.393[B]15.701[V]12.773[E]4.637;;1;1
230724;5-40-1;;;14541280;A;[B]0.407[F]0.081[C]0.163;;1;1
230724;5-40-2;;;13617346;A;[B]2.603[E]0.407[RN]0.814;;1;1
230724;5-40-3;;;11378844;A;[B]12.447[F]0.081[V]4.556;;1;1
230724;5-40-4;;;9009527;A;[B]42.467[V]19.85[I]0.895;;1;1
230724;5-40-5;;;6969173;C;[KX]8.298[V]10.169[E]9.112[L]9.925;;1;1
230724;5-40-6;;;5194045;C;[KX]5.044[B]12.366[V]17.491[E]11.634;;1;1
230724;5-40-7;;;5656393;C;[KX]9.03[B]14.806[V]5.532[E]3.498;;1;1
230724;5-4-1;;;14081765;A;[F]0.163[C]0.407[L]1.302;;1;1
230724;5-41-1;;;14145492;A;[B]0.895[L]1.546[RN]0.407;;1;1
230724;5-41-2;;;13552069;A;[B]2.522[C]0.081[RN]0.814;;1;1
230724;5-41-3;;;11181724;A;[B]12.447[F]0.325[V]5.451;;1;1
230724;5-41-4;;;9535873;A;[B]31.972[V]18.711[I]0.976;;1;1
230724;5-41-5;;;7364193;C;[KX]10.495[F]1.383[V]6.834[E]10.007;;1;1
230724;5-41-6;;;5192509;C;[KX]3.336[B]6.834[V]33.274[E]12.529;;1;1
230724;5-41-7;;;4931394;C;[KX]5.288[B]15.783[V]22.372[E]3.254;;1;1
230724;5-4-2;;;13358046;A;[C]0.569[I]1.383[RN]0.081;;1;1
230724;5-42-1;;;14210514;A;[B]1.302[F]0.081[RN]0.244;;1;1
230724;5-42-2;;;13354180;A;[B]2.278[V]1.383[L]1.953;;1;1
230724;5-42-3;;;11576484;A;[B]8.949[V]5.695[I]1.22;;1;1
230724;5-42-4;;;9273991;A;[B]24.894[V]14.644[I]7.647;;1;1
230724;5-42-5;;;7758694;C;[KX]10.251[B]5.369[V]6.02[E]2.115;;1;1
230724;5-42-6;;;4668223;C;[KX]2.034[B]1.139[E]18.223[RN]35.714;;1;1
230724;5-42-7;;;5590607;C;[KX]7.891[B]14.562[V]5.776[E]0.163;;1;1
230724;5-4-3;;;9477298;A;[B]6.915[F]4.149[C]6.508;;1;1
230724;5-43-1;;;14079192;A;[E]0.407[L]2.115[RN]1.302;;1;1
230724;5-43-2;;;13683404;A;[B]1.302[V]1.22[L]1.871;;1;1
230724;5-43-3;;;11774378;A;[F]2.197[V]3.498[E]7.566;;1;1
230724;5-43-4;;;9404809;A;[B]21.966[V]19.037[I]6.752;;1;1
230724;5-43-5;;;7364971;C;[KX]7.485[B]5.451[V]5.044;;1;1
230724;5-43-6;;;5128007;C;[KX]7.403[B]13.993[V]37.179[E]2.685;;1;1
230724;5-43-7;;;5459280;C;[KX]4.393[B]10.413[V]3.173[RN]1.79;;1;1
230724;5-4-4;;;6846874;A;[B]14.725[F]16.271[C]27.01;;1;1
230724;5-4-5;;;5267584;C;[KX]8.135[B]1.79[F]2.441[L]8.705[AN]1.546;;1;1
230724;5-45-2;;;13552846;A;[B]1.22[V]0.488[I]0.895;;1;1
230724;5-45-3;;;11840177;A;[V]5.288[E]3.986[I]4.556;;1;1
230724;5-45-4;;;9668499;A;[B]17.003[F]3.091[V]14.318;;1;1
230724;5-45-5;;;7760498;C;[KX]9.437[B]5.288[V]3.498;;1;1
230724;5-45-6;;;5589073;C;[KX]5.044[B]9.925[V]12.61;;1;1
230724;5-4-6;;;4278107;C;[KX]3.01[B]5.695[V]4.719[I]11.39;;1;1
230724;5-46-1;;;15065824;A;[B]0.325[V]0.325[L]0.081;;1;1
230724;5-46-2;;;13618129;A;[B]1.302[F]0.325[V]0.814;;1;1
230724;5-46-3;;;11643571;A;[B]5.532[F]1.22[V]3.173;;1;1
230724;5-46-4;;;9603222;A;[B]15.539[F]3.498[V]13.261;;1;1
230724;5-46-5;;;7826296;C;[KX]15.457[B]5.695[F]0.325[V]5.369;;1;1
230724;5-46-6;;;5457745;C;[KX]3.417[B]9.03[V]9.925[RN]0.814;;1;1
230724;5-4-7;;;4541527;C;[KX]3.417[B]8.217[I]5.532;;1;1
230724;5-48-1;;;14802654;A;[B]0.407[V]0.488[I]0.163;;1;1
230724;5-48-2;;;13618641;A;[B]0.814[L]2.522[RN]1.22;;1;1
230724;5-48-3;;;11644344;A;[B]4.556[F]1.383[V]2.441;;1;1
230724;5-48-4;;;9407130;A;[B]13.912[F]4.637[V]8.949;;1;1
230724;5-48-5;;;7498621;C;[KX]10.332[B]4.149[L]0.732[RN]5.288;;1;1
230724;5-48-6;;;5195867;C;[KX]8.217[B]10.007[F]1.708[V]17.898;;1;1
230724;5-48-7;;;5066070;C;[KX]6.508[B]11.471[F]1.383[V]3.824;;1;1
230724;5-50-1;;;14935528;A;[I]0.244[RN]0.244;;1;1
230724;5-50-2;;;13487572;A;[B]0.732[I]1.22[RN]0.732;;1;1
230724;5-50-3;;;11185080;A;[B]3.173[F]2.766[E]1.953;;1;1
230724;5-50-4;;;9144731;A;[B]14.237[F]6.102[V]5.695;;1;1
230724;5-50-5;;;6513278;C;[KX]14.4[B]4.23[I]5.044[RN]7.159;;1;1
230724;5-50-6;;;4605278;C;[KX]6.752[B]6.346[V]20.094[I]10.576;;1;1
230724;5-5-1;;;14213613;A;[C]0.651[I]0.081[RN]0.732;;1;1
230724;5-5-2;;;12568272;A;[B]0.732[C]0.732[I]2.197;;1;1
230724;5-5-3;;;10332088;A;[B]1.953[C]2.847[I]8.542;;1;1
230724;5-5-4;;;7174538;A;[B]28.23[F]10.657[C]24.406;;1;1
230724;5-5-5;;;4412007;C;[KX]6.346[F]1.627[C]0.163[L]38.806;;1;1
230724;5-5-6;;;3555925;C;[B]6.996[T]1.22[I]9.356;;1;1
230724;5-5-7;;;3620424;C;[KX]0.651[B]14.725[F]2.441[C]0.244;;1;1
230724;5-6-1;;;14411241;A;[I]0.325[AN]0.569[RN]0.081;;1;1
230724;5-6-2;;;12832983;A;[B]0.732[C]1.708[I]0.814;;1;1
230724;5-6-3;;;10267064;A;[B]5.288[F]2.115[C]5.613;;1;1
230724;5-6-4;;;7964827;A;[B]15.539[F]6.346[C]19.037;;1;1
230724;5-6-5;;;5728383;C;[KX]14.725[B]3.254[C]3.254[I]8.135;;1;1
230724;5-6-6;;;3425371;C;[B]8.461[T]2.603[F]3.173;;1;1
230724;5-6-7;;;4476247;C;[KX]3.661[B]10.901[F]1.708[C]2.034;;1;1
210615;5-9-1;;;13425379;A;[F]0.163[C]0.976[L]1.627;;1;1
210615;5-9-2;;;12897746;A;[B]0.976[C]1.139[I]1.058;;1;1
210615;5-9-3;;;10136245;A;[B]5.939[F]1.464[C]8.135;;1;1
210615;5-9-4;;;8032159;A;[B]13.912[F]3.905[C]24.488;;1;1
210615;5-9-5;;;5729667;C;[KX]8.217[B]3.986[F]0.976[C]3.742;;1;1
210615;5-9-6;;;3624547;C;[KX]4.312[B]10.169[T]29.288[F]4.881;;1;1
210615;5-9-7;;;3950930;C;[KX]3.417[B]22.291[F]4.474[C]25.138;;1;1
