2309011832;[Default];K1 Фарбитекс Профи Эм рад экст Ambiance;;;;;[lt]0.9;1;1
210615;1011P;;;11795455;A;[T]0.244[AN]6.508;;1;1
210615;1012T;;;9106431;A;[L]0.163[AN]25.871;;1;1
210615;1013D;;;4646399;C;[KX]43.85[D]0.081[T]2.034[AN]52.392;;1;1
210615;1014T;;;8122623;A;[L]0.325[AN]36.528;;1;1
210615;1015P;;;11598335;A;[T]0.244[I]0.081[AN]9.274;;1;1
210615;101A;;;4299387;C;[KX]11.39[B]4.068[D]7.729[AN]72.649;;1;1
210615;1021P;;;12253438;A;[T]0.569[L]0.569[AN]6.264;;1;1
210615;1022T;;;8646655;A;[I]0.163[AN]31.565;;1;1
210615;1023D;;;5693434;C;[KX]45.152[D]0.244[C]3.498[AN]45.884;;1;1
210615;1024T;;;9104122;A;[D]0.407[T]9.925[AN]12.122;;1;1
210615;1025P;;;11859195;A;[B]0.163[C]0.895[AN]6.671;;1;1
210615;102A;;;4360552;C;[KX]3.661[D]10.007[L]18.711[AN]54.507;;1;1
210615;1031P;;;11925759;A;[B]0.081[T]1.058[AN]6.346;;1;1
210615;1032T;;;8645628;A;[B]0.244[T]2.929[AN]26.196;;1;1
210615;1033D;;;5034734;C;[KX]39.375[D]0.244[I]0.814[AN]55.646;;1;1
210615;1034T;;;9431032;A;[D]0.325[C]4.963[AN]16.434;;1;1
210615;1035P;;;12252410;A;[B]0.244[T]1.383[AN]4.474;;1;1
210615;103A;;;4486481;C;[KX]5.695[B]2.278[D]14.644[T]19.281;;1;1
210615;1041P;;;11728111;A;[D]0.651[T]2.603[AN]4.393;;1;1
210615;1042T;;;9826545;A;[D]0.732[T]4.312[AN]13.098;;1;1
210615;1043D;;;5757400;C;[KX]41.816[B]0.407[D]0.732[AN]48.731;;1;1
210615;1044T;;;8710375;A;[D]1.22[T]7.322[AN]20.501;;1;1
210615;1045P;;;12383726;A;[D]0.569[C]1.383[AN]4.881;;1;1
210615;104A;;;4480823;C;[KX]1.464[B]2.359[D]66.548[C]19.525;;1;1
210615;1051P;;;12122609;A;[D]0.488[T]1.058[AN]6.183;;1;1
210615;1052T;;;10155239;A;[D]0.895[C]0.407[AN]18.061;;1;1
210615;1053D;;;6086859;C;[KX]44.013[D]2.115[C]0.814[AN]47.104;;1;1
210615;1054T;;;9037274;A;[D]2.278[T]7.485[AN]17.898;;1;1
210615;1055P;;;12055783;A;[D]0.895[T]2.441[AN]4.312;;1;1
210615;1061P;;;11924971;A;[D]0.651[C]0.976[AN]6.427;;1;1
210615;1062T;;;9825500;A;[D]1.708[C]1.627[AN]18.386;;1;1
210615;1063D;;;5886650;C;[KX]41.247[D]3.661[C]3.336[AN]43.199;;1;1
210615;1064T;;;9430226;A;[D]2.278[C]2.685[AN]20.339;;1;1
210615;1065P;;;12121318;A;[D]0.976[T]2.603[AN]3.417;;1;1
210615;1071P;;;12974823;A;[D]0.732[C]0.244[AN]4.556;;1;1
210615;1072T;;;9890514;A;[D]2.278[C]1.546[AN]17.328;;1;1
210615;1073D;;;6148782;C;[KX]37.342[D]3.742[L]1.302[AN]41.816;;1;1
210615;1074T;;;9887951;A;[D]2.847[C]5.207[AN]12.366;;1;1
210615;1075P;;;12449510;A;[D]0.814[C]0.895[AN]4.719;;1;1
210615;1081P;;;13171431;A;[D]0.732[C]0.325[AN]3.824;;1;1
210615;1082T;;;10021830;A;[D]3.498[T]1.22[AN]17.247;;1;1
210615;1083D;;;6279579;C;[KX]41.409[D]7.159[L]0.569[AN]45.884;;1;1
210615;1084T;;;10084806;A;[D]3.824[C]3.824[AN]14.562;;1;1
210615;1091P;;;13236701;A;[D]1.058[L]0.163[AN]3.824;;1;1
210615;1092T;;;10086327;A;[D]5.532[T]1.22[AN]16.678;;1;1
210615;1093D;;;6605191;C;[KX]32.216[D]10.413[C]0.895[AN]29.288;;1;1
210615;1094T;;;10083512;A;[D]5.613[C]4.637[AN]11.552;;1;1
210615;1095P;;;12644049;A;[D]2.034[C]1.546[AN]3.417;;1;1
210615;1101P;;;13433309;A;[D]1.058[L]0.081[AN]3.417;;1;1
210615;1102T;;;10544819;A;[D]5.776[C]0.976[AN]14.156;;1;1
210615;1103D;;;6866816;C;[KX]32.46[D]10.576[C]0.814[AN]28.718;;1;1
210615;1104T;;;10410419;A;[D]6.671[C]5.939[AN]8.217;;1;1
210615;1105P;;;12906450;A;[D]2.115[C]1.708[AN]2.359;;1;1
210615;1111P;;;13234642;A;[D]1.79[L]1.139[AN]3.986;;1;1
210615;1112T;;;11067812;A;[D]8.135[L]1.302[AN]11.227;;1;1
210615;1113D;;;7388012;C;[KX]41.328[D]23.918[T]4.556[AN]21.233;;1;1
210615;1114T;;;10014884;A;[D]11.064[C]8.705[AN]7.241;;1;1
210615;1115P;;;12445638;A;[D]3.661[C]3.58[AN]1.302;;1;1
210615;111A;;;7836455;C;[KX]12.203[D]33.762[L]4.23;;1;1
210615;1121P;;;14086858;A;[D]2.359[L]0.732[AN]1.953;;1;1
210615;1122T;;;11722394;A;[D]11.878[C]1.871[AN]5.613;;1;1
210615;1123D;;;8173663;C;[KX]18.711[D]15.701[T]3.905[AN]0.814;;1;1
210615;1124T;;;11391901;A;[B]1.953[D]8.705[AN]8.949;;1;1
210615;1125P;;;13232060;A;[B]0.814[D]3.498[AN]3.498;;1;1
210615;112A;;;7506485;C;[KX]11.471[B]2.359[D]30.182[C]0.976;;1;1
210615;1131P;;;15070915;A;[B]0.244[D]3.091[AN]0.814;;1;1
210615;1132T;;;12902028;A;[D]14.4[L]1.708[AN]2.197;;1;1
210615;1133D;;;9811532;C;[KX]20.339[D]16.678[L]2.115[AN]1.302;;1;1
210615;1134T;;;12243343;A;[B]1.139[D]14.4[C]2.929;;1;1
210615;1135P;;;13821104;A;[B]0.651[D]5.288[C]1.139;;1;1
210615;113A;;;7570487;C;[KX]15.457[B]3.254[D]40.189[L]2.278;;1;1
210615;1141P;;;15135926;A;[D]4.23[L]0.325[AN]0.244;;1;1
210615;1142T;;;13361014;A;[D]19.85[I]0.081[AN]0.569;;1;1
210615;1143D;;;10271255;C;[KX]29.532[D]31.891[E]1.22;;1;1
210615;1144T;;;12505470;A;[B]1.546[D]18.793[AN]2.034;;1;1
210615;1145P;;;14543530;A;[B]0.488[D]5.695[AN]0.569;;1;1
210615;114A;;;6977086;C;[KX]12.366[B]6.834[D]30.508[T]2.278;;1;1
210615;1151P;;;15462837;A;[B]0.163[D]3.661[E]0.407;;1;1
210615;1152T;;;13883253;A;[D]15.376[E]4.149[L]0.569;;1;1
210615;1153D;;;10858265;C;[KX]21.396[D]18.956[E]6.834[L]0.325;;1;1
210615;1154T;;;13160059;A;[D]15.701[E]3.58[L]3.336;;1;1
210615;1155P;;;14541732;A;[D]5.695[E]1.139[L]1.383;;1;1
210615;1161P;;;15724208;A;[B]0.163[D]3.254[E]1.139;;1;1
210615;1162T;;;14013553;A;[B]0.163[D]14.156[E]6.834;;1;1
210615;1163D;;;11184398;C;[KX]16.759[D]13.179[E]9.356[L]0.325;;1;1
210615;1164T;;;13092730;A;[D]13.586[E]6.508[L]4.474;;1;1
210615;1165P;;;14737829;A;[D]4.719[E]2.197[L]1.708;;1;1
210615;1171P;;;15788209;A;[D]2.115[E]2.197[L]0.325;;1;1
210615;1172T;;;14536051;A;[D]9.193[E]11.39[L]0.569;;1;1
210615;1173D;;;11772438;C;[KX]19.281[D]9.437[E]15.457;;1;1
210615;1174T;;;13352055;A;[B]2.766[D]9.03[E]11.552;;1;1
210615;1175P;;;15063717;A;[B]0.814[D]2.847[E]3.336;;1;1
210615;1181P;;;15984302;A;[B]0.163[D]1.627[E]2.847;;1;1
210615;1182T;;;14665838;A;[D]6.915[E]15.132[L]0.325;;1;1
210615;1183D;;;12033048;C;[KX]17.003[D]7.729[E]18.711;;1;1
210615;1184T;;;13416821;A;[B]2.929[D]7.566[E]15.132;;1;1
210615;1185P;;;14865825;A;[B]1.22[D]2.441[E]4.068;;1;1
210615;1191P;;;16180139;A;[B]0.163[D]1.058[E]3.742;;1;1
210615;1192T;;;14860904;A;[D]5.288[E]21.152[L]0.244;;1;1
210615;1193D;;;12358930;C;[KX]19.281[D]5.369[E]26.44;;1;1
210615;1194T;;;13022575;A;[B]3.742[D]9.6[E]16.596;;1;1
210615;1195P;;;14865311;A;[B]1.383[D]2.522[E]4.8;;1;1
210615;11A;;;3988988;C;[KX]30.671[L]0.651[AN]67.28;;1;1
210615;1201P;;;15917746;A;[D]0.732[E]3.824[I]0.244;;1;1
210615;1202T;;;14860915;A;[B]0.651[D]3.254[E]18.386;;1;1
210615;1203D;;;12293155;C;[KX]30.101[B]0.325[D]6.752[E]37.423;;1;1
210615;1204T;;;13283696;A;[B]4.149[D]5.207[E]20.989;;1;1
210615;1205P;;;15062175;A;[B]1.139[D]1.627[E]5.613;;1;1
210615;1211P;;;15851957;A;[B]0.569[D]0.569[E]3.01;;1;1
210615;1212T;;;14664571;A;[B]1.139[D]2.766[E]16.027;;1;1
210615;1213D;;;12030511;C;[KX]35.389[B]1.383[D]6.346[E]40.596;;1;1
210615;1214T;;;13612923;A;[B]3.336[D]3.336[E]17.328;;1;1
210615;1215P;;;15062441;A;[B]1.302[D]1.139[E]4.149;;1;1
210615;121A;;;8420919;C;[KX]30.101[B]8.298[D]36.528[E]20.339;;1;1
210615;1221P;;;15918266;A;[B]0.569[D]0.651[E]2.847;;1;1
210615;1222T;;;14729599;A;[B]1.383[D]1.708[E]16.271;;1;1
210615;1223D;;;12030268;C;[KX]25.464[B]1.464[D]3.173[E]26.44;;1;1
210615;1224T;;;13021314;A;[B]5.939[D]1.79[E]14.725;;1;1
210615;1225P;;;14799274;A;[B]2.034[D]0.814[E]4.556;;1;1
210615;122A;;;9469738;C;[KX]17.166[B]2.359[D]13.179[E]26.847;;1;1
210615;1231P;;;15983547;A;[B]0.569[D]0.407[E]2.685;;1;1
210615;1232T;;;14532484;A;[B]2.034[D]0.651[E]15.864;;1;1
210615;1233D;;;11701832;C;[KX]14.156[B]1.546[D]0.163[E]14.074;;1;1
210615;1234T;;;12364417;A;[B]4.8[E]18.305[L]5.532;;1;1
210615;1235P;;;14405034;A;[D]0.244[E]6.264[I]1.302;;1;1
210615;123A;;;8943411;C;[KX]17.491[B]4.556[D]10.739[E]27.742;;1;1
210615;1241P;;;15260600;A;[E]4.23[L]1.953[RN]0.407;;1;1
210615;1242T;;;13152641;A;[B]3.417[E]18.305[L]3.58;;1;1
210615;1243D;;;10059595;C;[KX]17.491[B]4.8[D]1.139[E]19.362;;1;1
210615;1244T;;;12101248;A;[B]9.437[D]1.383[E]14.888;;1;1
210615;1245P;;;14076073;A;[F]0.569[E]7.729[L]1.383;;1;1
210615;124A;;;8610856;C;[KX]6.996[B]3.01[D]1.627[E]26.847;;1;1
210615;12A;;;4772333;C;[KX]27.986[B]0.407[C]1.79[AN]44.663;;1;1
210615;131A;;;4280662;C;[KX]8.949[B]21.722[T]14.156[I]7.078;;1;1
210615;132A;;;4219768;C;[KX]5.288[B]11.878[F]2.034[C]53.612;;1;1
210615;133A;;;4877450;C;[KX]10.739[B]6.264[T]14.318[F]3.01;;1;1
210615;134A;;;4480375;C;[KX]7.973[B]9.518[F]4.637[C]18.142;;1;1
210615;13A;;;4246216;C;[KX]26.033[D]1.953[C]4.637[AN]63.294;;1;1
210615;141A;;;3951973;C;[F]2.359[C]7.973[L]44.826;;1;1
210615;142A;;;4085122;C;[KX]7.322[B]5.695[T]7.729[F]8.217;;1;1
210615;143A;;;4148852;C;[KX]9.763[B]10.82[F]15.051[E]0.163;;1;1
210615;144A;;;4739954;C;[KX]6.427[B]7.485[F]6.264;;1;1
210615;14A;;;4180687;C;[KX]23.023[D]0.976[L]2.115[AN]61.341;;1;1
210615;151A;;;4082006;C;[KX]9.681[B]46.128[F]14.888[C]28.881;;1;1
210615;152A;;;4344936;C;[KX]9.763[B]8.949[V]8.786[I]30.996;;1;1
210615;153A;;;4014169;C;[KX]3.254[B]12.203[F]5.288[V]60.121;;1;1
210615;154A;;;4603984;C;[KX]6.508[B]14.237[F]1.871[V]44.257;;1;1
210615;161A;;;4343354;C;[KX]9.356[B]46.697[D]26.033[C]4.881;;1;1
210615;162A;;;6052410;C;[KX]8.135[B]11.227[D]18.549[E]10.007;;1;1
210615;171A;;;4353937;C;[KX]6.671[B]4.068[T]14.156[F]1.627;;1;1
210615;172A;;;3701418;C;[KX]8.949[B]1.22[C]67.361[I]1.627;;1;1
210615;173A;;;3890312;C;[KX]7.81[B]5.776[T]15.539[F]5.532;;1;1
210615;174A;;;4354480;C;[KX]10.169[T]9.274[F]1.22[I]4.637;;1;1
210615;181A;;;4211303;C;[KX]2.847[F]6.671[V]58.412[E]6.996;;1;1
210615;182A;;;4211830;C;[KX]8.135[B]7.078[F]11.796[V]65.327;;1;1
210615;183A;;;4147829;C;[KX]7.729[F]20.339[V]40.596[E]12.854;;1;1
210615;184A;;;4083857;C;[KX]8.135[F]13.668[E]0.488[I]5.451;;1;1
210615;192A;;;6309999;C;[KX]10.983[B]5.369[V]66.141[RN]4.068;;1;1
210615;193A;;;5849433;C;[KX]5.451[B]3.254[V]66.873[E]6.02;;1;1
210615;194A;;;7688778;C;[KX]14.806[B]3.661[V]27.091[E]25.383;;1;1
210615;2011P;;;12581374;A;[T]0.244[AN]3.661;;1;1
210615;2012P;;;13365234;A;[L]1.627[AN]3.01;;1;1
210615;2013P;;;14085101;A;[B]0.488[C]1.383[L]0.569;;1;1
210615;201A;;;7623723;C;[KX]7.81[B]4.474[E]54.426[RN]0.732;;1;1
210615;2021P;;;13106173;A;[T]0.325[L]0.407[AN]3.824;;1;1
210615;2022P;;;13630203;A;[T]0.163[L]0.569[AN]2.929;;1;1
210615;2023P;;;14219513;A;[C]0.081[L]0.814[AN]1.871;;1;1
210615;202A;;;8082479;C;[KX]10.576[B]2.766[V]6.508[E]69.802;;1;1
210615;2031P;;;13565181;A;[C]0.081[L]0.325[AN]3.01;;1;1
210615;2032P;;;13695226;A;[C]0.081[L]0.651[AN]2.685;;1;1
210615;2033P;;;13956601;A;[T]0.569[L]0.976[AN]1.383;;1;1
210615;203A;;;7163970;C;[KX]11.39[V]22.779[E]43.443[I]2.359;;1;1
210615;2041P;;;13565174;A;[D]0.163[L]0.325[AN]3.336;;1;1
210615;2042P;;;13630710;A;[D]0.163[L]0.407[AN]3.254;;1;1
210615;2043P;;;13761276;A;[C]0.325[L]0.569[AN]2.522;;1;1
210615;204A;;;7034192;C;[KX]8.461[F]1.708[V]16.515[E]25.708;;1;1
210615;2051P;;;13303024;A;[D]0.488[C]0.325[AN]3.417;;1;1
210615;2052P;;;13237235;A;[D]0.407[T]1.302[AN]2.034;;1;1
210615;2053P;;;13366775;A;[B]0.244[I]0.081[AN]3.824;;1;1
210615;2061P;;;13368302;A;[D]0.407[I]0.081[AN]3.742;;1;1
210615;2062P;;;13695731;A;[D]0.244[I]0.163[AN]3.091;;1;1
210615;2063P;;;13433081;A;[B]0.081[L]0.407[AN]3.498;;1;1
210615;2071P;;;13499374;A;[D]0.325[L]0.244[AN]3.173;;1;1
210615;2072P;;;13694960;A;[B]0.244[D]0.163[AN]3.01;;1;1
210615;2073P;;;13892080;A;[D]0.325[L]0.732[AN]2.522;;1;1
210615;2081P;;;13696233;A;[D]0.651[L]0.325[AN]3.091;;1;1
210615;2082P;;;13826026;A;[D]0.488[L]0.814[AN]2.766;;1;1
210615;2083P;;;14220016;A;[D]0.407[C]0.895[AN]0.895;;1;1
210615;2091P;;;13694429;A;[D]0.976[L]0.732[AN]2.685;;1;1
210615;2092P;;;14286317;A;[B]0.081[D]0.407[AN]2.034;;1;1
210615;2093P;;;14351339;A;[B]0.163[D]0.325[AN]1.871;;1;1
210615;2101P;;;13891552;A;[D]0.976[L]0.651[AN]2.603;;1;1
210615;2102P;;;13958117;A;[D]0.732[L]0.325[AN]2.441;;1;1
210615;2103P;;;14285286;A;[D]0.732[I]0.163[AN]1.953;;1;1
210615;2111P;;;13628117;A;[D]1.383[L]1.139[AN]3.173;;1;1
210615;2112P;;;13957344;A;[D]0.814[L]0.407[AN]2.522;;1;1
210615;2113P;;;14678501;A;[D]0.651[L]0.569[AN]1.464;;1;1
210615;211A;;;3249360;C;[KX]16.271[T]49.057[L]6.264[RN]1.22;;1;1
210615;2121P;;;14217678;A;[D]1.871[L]0.814[AN]1.708;;1;1
210615;2122P;;;14153173;A;[D]1.464[L]0.651[AN]2.197;;1;1
210615;2123P;;;14283485;A;[D]0.895[L]1.139[AN]1.546;;1;1
210615;212A;;;4291511;C;[KX]9.763[B]0.569[F]2.359[C]44.257;;1;1
210615;2131P;;;14741699;A;[B]0.488[D]2.603[AN]0.895;;1;1
210615;2132P;;;15136204;A;[D]1.953[L]0.732[AN]0.407;;1;1
210615;2133P;;;14938843;A;[D]0.976[L]1.22[AN]0.569;;1;1
210615;213A;;;4292810;C;[KX]12.203[T]17.247[F]2.441[L]4.149;;1;1
210615;2141P;;;15201216;A;[B]0.244[D]2.847[AN]0.488;;1;1
210615;2142P;;;15332813;A;[D]2.034[T]0.325[L]0.569;;1;1
210615;2143P;;;15003090;A;[B]0.814[D]1.058[AN]0.569;;1;1
210615;214A;;;4224201;C;[KX]14.644[T]24.569[F]5.695[I]0.651;;1;1
210615;2151P;;;15331003;A;[D]3.091[E]0.407[L]0.976;;1;1
210615;2152P;;;15527620;A;[D]2.115[E]0.488[L]0.976;;1;1
210615;2153P;;;15593167;A;[D]1.139[E]0.569[L]1.22;;1;1
210615;2161P;;;15461564;A;[D]2.197[E]0.976[L]0.895;;1;1
210615;2162P;;;15659204;A;[D]1.953[E]0.407[L]0.814;;1;1
210615;2163P;;;16052683;A;[D]1.058[E]0.814[L]0.569;;1;1
210615;2171P;;;15787964;A;[D]1.302[E]1.953[I]0.244;;1;1
210615;2172P;;;15788739;A;[D]1.058[E]1.464[L]0.814;;1;1
210615;2173P;;;15855046;A;[D]1.058[E]1.139[L]0.814;;1;1
210615;2181P;;;15590328;A;[D]0.814[E]3.01[L]1.302;;1;1
210615;2182P;;;15853247;A;[D]0.651[E]2.441[L]0.976;;1;1
210615;2183P;;;16250057;A;[D]1.058[E]1.058[L]0.244;;1;1
210615;2191P;;;15327673;A;[D]1.22[E]2.441[I]0.488;;1;1
210615;2192P;;;15853504;A;[D]0.488[E]2.278[L]1.058;;1;1
210615;2193P;;;16314307;A;[D]0.814[E]1.546[L]0.244;;1;1
210615;21A;;;4113301;C;[KX]16.434[D]6.834[L]0.732[AN]70.615;;1;1
210615;2201P;;;15196092;A;[B]0.976[D]1.058[E]1.79;;1;1
210615;2202P;;;16116675;A;[B]0.325[D]0.895[E]1.546;;1;1
210615;2203P;;;16575938;A;[B]0.163[D]0.569[E]2.278;;1;1
210615;2211P;;;15655869;A;[B]0.814[D]0.814[E]2.034;;1;1
210615;2212P;;;15852992;A;[D]0.407[E]2.522[I]0.325;;1;1
210615;2213P;;;15853250;A;[D]0.325[E]2.441[L]1.139;;1;1
210615;221A;;;4015234;C;[KX]5.125[F]16.271[V]62.155[E]3.905;;1;1
210615;2221P;;;14998204;A;[B]1.546[D]0.488[E]2.115;;1;1
210615;2222P;;;15392703;A;[B]0.976[D]0.488[E]1.953;;1;1
210615;2223P;;;15722183;A;[B]0.814[D]0.569[E]1.302;;1;1
210615;222A;;;4016530;C;[KX]7.973[B]0.407[F]21.315[V]44.663;;1;1
210615;2231P;;;15195328;A;[D]0.163[E]3.091[I]0.732;;1;1
210615;2232P;;;15459015;A;[B]0.488[E]2.034[L]1.139;;1;1
210615;2233P;;;15722447;A;[F]0.081[E]1.708[L]0.814;;1;1
210615;2241P;;;14997949;A;[B]1.627[D]0.163[E]2.197;;1;1
210615;2242P;;;14670020;A;[B]2.034[D]0.325[E]1.139;;1;1
210615;2243P;;;15000016;A;[B]0.976[E]1.058[L]1.139;;1;1
210615;22A;;;4242309;C;[KX]16.271[D]7.485[L]0.732[AN]61.992;;1;1
210615;231A;;;5259410;C;[KX]7.078[V]58.25[L]5.044[RN]28.149;;1;1
210615;233A;;;7820394;C;[KX]11.634[B]3.091[V]34.169[E]5.044;;1;1
210615;234A;;;9132118;C;[KX]11.634[V]21.884[E]15.864[L]0.651;;1;1
210615;23A;;;4370039;C;[KX]10.007[B]0.895[D]9.03[AN]51.579;;1;1
210615;241A;;;9460244;C;[KX]8.054[D]1.058[E]90.466;;1;1
210615;242A;;;8671781;C;[KX]7.566[V]5.532[E]75.497[I]0.569;;1;1
210615;244A;;;7426110;C;[KX]13.017[B]5.288[V]22.128[E]37.748;;1;1
210615;251A;;;1885439;C;[KX]22.372[T]23.349[L]1.058[AN]51.009;;1;1
210615;252A;;;767231;C;[KX]6.508[T]39.375[C]4.637[AN]40.108;;1;1
210615;253A;;;2133743;C;[KX]13.423[T]73.87[F]1.464[L]0.814;;1;1
210615;254A;;;3110883;C;[KX]18.223[T]68.175[F]2.847[RN]9.356;;1;1
210615;264A;;;3890649;C;[KX]15.864[T]31.647[F]1.302[RN]45.884;;1;1
210615;271A;;;4996775;C;[KX]8.705[V]42.386[I]0.976[RN]47.429;;1;1
210615;272A;;;6965682;C;[KX]15.864[V]69.232[RN]12.203;;1;1
210615;273A;;;9001602;C;[KX]9.925[V]25.708[E]3.905[L]0.732;;1;1
210615;274A;;;10118244;C;[KX]15.295[V]22.942[E]14.481;;1;1
210615;281A;;;11235085;C;[KX]9.356[D]1.22[E]43.85;;1;1
210615;282A;;;10840360;C;[KX]11.959[B]0.163[V]3.01[E]58.494;;1;1
210615;283A;;;10840635;C;[KX]14.644[V]8.949[E]34.901[L]0.325;;1;1
210615;284A;;;9328959;C;[KX]11.39[V]16.678[E]37.342;;1;1
210615;3011P;;;12967651;A;[B]1.058[C]2.929[RN]0.244;;1;1
210615;3012T;;;10140871;A;[B]3.58[C]11.471[I]0.895;;1;1
210615;3013D;;;6655127;C;[KX]21.559[B]6.264[C]17.817[AN]1.22;;1;1
210615;3014T;;;9220282;A;[B]6.264[F]0.244[C]17.247;;1;1
210615;3015P;;;11719384;A;[B]1.708[C]4.881[I]0.325;;1;1
210615;3021P;;;13233907;A;[T]0.569[L]1.708[AN]2.522;;1;1
210615;3022T;;;9685204;A;[B]2.359[C]10.007[AN]7.891;;1;1
210615;3023D;;;6790056;C;[KX]31.077[D]1.383[T]11.796[L]17.084;;1;1
210615;3024T;;;10472147;A;[B]2.522[C]8.298[AN]3.417;;1;1
210615;3025P;;;12443620;A;[L]4.963[AN]4.312;;1;1
210615;3031P;;;13102580;A;[T]0.651[L]1.871[AN]2.847;;1;1
210615;3032T;;;10080734;A;[B]1.627[C]7.322[AN]9.112;;1;1
210615;3033D;;;6530742;C;[KX]21.396[D]1.953[T]11.39[I]2.115;;1;1
210615;3034T;;;9816276;A;[B]2.522[C]10.901[AN]5.207;;1;1
210615;3035P;;;12247528;A;[T]0.976[L]4.149[AN]3.58;;1;1
210615;3041P;;;12776441;A;[C]0.732[L]1.058[AN]4.23;;1;1
210615;3042T;;;9427435;A;[D]0.732[C]10.983[AN]8.868;;1;1
210615;3043D;;;5747919;C;[KX]28.881[D]0.407[I]2.522[AN]37.748;;1;1
210615;3044T;;;9293790;A;[B]1.627[C]8.461[AN]13.586;;1;1
210615;3045P;;;12184050;A;[C]0.895[L]2.115[AN]5.288;;1;1
210615;3051P;;;12841201;A;[B]0.488[T]0.976[AN]3.498;;1;1
210615;3052T;;;9559267;A;[B]1.302[T]3.742[AN]18.142;;1;1
210615;3053D;;;6009280;C;[KX]13.017[B]0.814[D]0.407[T]10.169;;1;1
210615;3054T;;;9820129;A;[D]0.569[I]1.708[AN]19.2;;1;1
210615;3055P;;;11987695;A;[D]0.244[I]0.732[AN]6.915;;1;1
210615;3061P;;;12120050;A;[B]0.407[T]0.895[AN]5.532;;1;1
210615;3062T;;;9430253;A;[B]0.814[C]0.895[AN]23.593;;1;1
210615;3063D;;;5681849;C;[KX]31.565[D]0.976[L]11.227[AN]45.477;;1;1
210615;3064T;;;9490388;A;[B]2.278[C]4.312[AN]18.467;;1;1
210615;3065P;;;12183789;A;[B]0.325[L]2.115[AN]6.02;;1;1
210615;3071P;;;13170158;A;[B]0.407[D]0.163[AN]4.556;;1;1
210615;3072T;;;9886683;A;[D]1.139[I]1.383[AN]18.956;;1;1
210615;3073D;;;6010036;C;[KX]23.593[B]2.766[D]0.407[AN]29.857;;1;1
210615;3074T;;;9686480;A;[B]2.929[T]2.197[AN]16.922;;1;1
210615;3075P;;;12314854;A;[B]1.058[C]0.081[AN]6.427;;1;1
210615;3081P;;;12973033;A;[D]0.569[I]0.325[AN]4.393;;1;1
210615;3082T;;;9559249;A;[D]2.685[C]7.241[AN]13.261;;1;1
210615;3083D;;;5944743;C;[KX]36.121[D]4.068[L]9.844[AN]48.324;;1;1
210615;3084T;;;9621450;A;[D]2.359[I]2.278[AN]21.071;;1;1
210615;3085P;;;12446949;A;[D]0.732[I]0.651[AN]5.776;;1;1
210615;3091P;;;13432035;A;[D]0.976[C]1.546[AN]1.383;;1;1
210615;3092T;;;10213569;A;[D]5.044[T]5.695[C]6.102;;1;1
210615;3093D;;;6467220;C;[KX]26.928[B]1.058[D]6.996[T]14.725;;1;1
210615;3094T;;;9949622;A;[D]7.241[T]5.613[C]7.973;;1;1
210615;3095P;;;12314832;A;[D]2.034[I]0.651[AN]6.02;;1;1
210615;3101P;;;13300186;A;[D]1.22[L]1.22[AN]3.661;;1;1
210615;3102T;;;10212020;A;[B]2.278[D]3.824[AN]17.166;;1;1
210615;3103D;;;6333312;C;[KX]31.891[D]15.051[C]20.176[AN]9.763;;1;1
210615;3104T;;;10011818;A;[B]1.546[D]8.542[C]13.668;;1;1
210615;3105P;;;12509129;A;[B]1.627[D]1.464[AN]5.695;;1;1
210615;3111P;;;13823190;A;[D]1.627[I]0.732[AN]2.359;;1;1
210615;3112T;;;10734252;A;[B]1.546[D]8.054[C]10.251;;1;1
210615;3113D;;;7117431;C;[KX]14.888[B]2.522[D]6.671[T]5.858;;1;1
210615;3114T;;;10535334;A;[B]3.091[D]7.159[C]9.193;;1;1
210615;3115P;;;12770502;A;[B]1.953[D]1.546[AN]4.393;;1;1
210615;3121P;;;14019280;A;[D]1.871[I]0.651[AN]1.546;;1;1
210615;3122T;;;10929829;A;[B]2.197[D]8.135[C]8.135;;1;1
210615;3123D;;;7378544;C;[KX]11.634[B]2.034[D]7.403[C]5.613;;1;1
210615;3124T;;;10862240;A;[B]3.824[D]7.729[C]7.729;;1;1
210615;3125P;;;13098437;A;[B]1.708[D]1.464[AN]3.336;;1;1
210615;3131P;;;14411209;A;[B]1.139[D]1.546[AN]0.895;;1;1
210615;3132T;;;11583897;A;[B]4.23[D]9.112[C]3.824;;1;1
210615;3133D;;;7900513;C;[KX]15.051[D]13.668[T]0.488[I]3.336;;1;1
210615;3134T;;;11385752;A;[B]5.613[D]8.786[C]3.742;;1;1
210615;3135P;;;13358776;A;[B]2.115[D]3.091[C]1.302;;1;1
210615;3141P;;;14542277;A;[B]0.976[D]2.034[C]0.488;;1;1
210615;3142T;;;11779474;A;[B]5.776[D]11.064[C]2.522;;1;1
210615;3143D;;;8161627;C;[KX]15.864[B]2.115[D]15.376[I]2.522;;1;1
210615;3144T;;;11318928;A;[B]6.915[D]10.007[C]2.847;;1;1
210615;3145P;;;13292208;A;[D]3.986[E]0.651[L]6.02;;1;1
210615;3151P;;;14935743;A;[D]1.79[E]1.302[L]1.953;;1;1
210615;3152T;;;12172683;A;[D]12.203[E]4.068[I]3.173;;1;1
210615;3153D;;;8817234;C;[KX]20.257[B]5.451[D]15.051[E]2.441;;1;1
210615;3154T;;;11974795;A;[D]11.552[E]5.451[I]4.068;;1;1
210615;3155P;;;13948593;A;[B]2.441[D]3.58[AN]0.244;;1;1
210615;3161P;;;15394487;A;[D]1.953[E]1.871[L]1.058;;1;1
210615;3162T;;;13288322;A;[D]9.6[E]7.81[I]1.383;;1;1
210615;3163D;;;9998914;C;[KX]29.694[D]12.691[E]19.118[L]7.159;;1;1
210615;3164T;;;12433025;A;[B]5.939[D]10.251[E]5.207;;1;1
210615;3165P;;;14276268;A;[D]2.847[E]2.847[I]1.058;;1;1
210615;3171P;;;15197110;A;[D]1.464[E]2.359[L]1.464;;1;1
210615;3172T;;;12827259;A;[D]9.356[E]12.284[I]2.197;;1;1
210615;3173D;;;9471551;C;[KX]30.915[B]6.59[D]17.817[E]19.769;;1;1
210615;3174T;;;11906424;A;[B]7.566[D]11.227[E]8.054;;1;1
210615;3175P;;;14012068;A;[D]2.929[E]4.556[I]1.383;;1;1
210615;3181P;;;15261875;A;[D]0.976[E]3.254[L]1.546;;1;1
210615;3182T;;;13286009;A;[D]6.508[E]14.644[I]1.627;;1;1
210615;3183D;;;10127676;C;[KX]16.271[B]2.359[D]6.915[E]14.481;;1;1
210615;3184T;;;12563067;A;[D]6.915[E]16.434[I]3.091;;1;1
210615;3185P;;;14471588;A;[B]1.79[D]2.522[E]3.254;;1;1
210615;3191P;;;15786418;A;[D]0.895[E]3.661[L]1.058;;1;1
210615;3192T;;;13547895;A;[D]4.149[E]19.932[L]5.451;;1;1
210615;3193D;;;10257974;C;[KX]23.186[B]3.254[D]8.542[E]25.952;;1;1
210615;3194T;;;12759161;A;[D]5.207[E]20.257[I]3.01;;1;1
210615;3195P;;;14471331;A;[D]0.976[E]6.427[L]3.498;;1;1
210615;31A;;;7970358;C;[KX]12.773[D]24.406[L]3.173[AN]2.359;;1;1
210615;3201P;;;15786162;A;[D]0.569[E]3.986[L]0.976;;1;1
210615;3202T;;;14007414;A;[D]4.474[E]19.606[I]1.058;;1;1
210615;3203D;;;11111477;C;[KX]29.694[D]5.776[E]38.562[L]4.068;;1;1
210615;3204T;;;13021819;A;[B]5.207[D]4.963[E]16.922;;1;1
210615;3205P;;;14733990;A;[D]0.488[E]6.427[L]2.847;;1;1
210615;3211P;;;15457458;A;[B]0.895[D]0.814[E]3.417;;1;1
210615;3212T;;;13809781;A;[B]2.685[D]5.288[E]18.223;;1;1
210615;3213D;;;10519860;C;[KX]19.362[B]2.359[D]5.288[E]24.569;;1;1
210615;3214T;;;13415800;A;[B]3.742[D]4.312[E]16.922;;1;1
210615;3215P;;;14733731;A;[D]1.22[E]6.346[I]0.814;;1;1
210615;3221P;;;15260598;A;[E]4.556[L]2.278;;1;1
210615;3222T;;;12956028;A;[E]24.162[L]10.332;;1;1
210615;3223D;;;9731396;C;[KX]20.094[B]5.939[D]3.986[E]24.406;;1;1
210615;3224T;;;12035450;A;[B]9.925[D]4.474[E]15.701;;1;1
210615;3225P;;;14207655;A;[B]0.895[E]6.671[L]3.661;;1;1
210615;3231P;;;14931896;A;[V]0.325[E]4.149[L]2.603;;1;1
210615;3232T;;;12628109;A;[B]5.613[E]11.878[L]3.336;;1;1
210615;3233D;;;9206614;C;[KX]17.247[B]7.485[D]1.464[E]12.122;;1;1
210615;3234T;;;11773320;A;[B]9.274[E]12.773[L]6.834;;1;1
210615;3235P;;;14011056;A;[B]2.441[E]4.149[L]2.685;;1;1
210615;3241P;;;14209728;A;[B]1.708[E]2.034[L]1.871;;1;1
210615;3242T;;;11379597;A;[B]10.657[E]8.786[L]5.613;;1;1
210615;3243D;;;7958104;C;[KX]12.366[B]7.729[E]7.566[L]1.627;;1;1
210615;3244T;;;10590857;A;[B]13.586[E]8.135[L]10.901;;1;1
210615;3245P;;;12959920;A;[B]3.986[E]2.441[L]4.312;;1;1
210615;32A;;;8363036;C;[KX]13.505[D]35.552[L]1.79[AN]0.244;;1;1
210615;33A;;;8755462;C;[KX]13.83[B]0.814[D]31.159[E]3.498;;1;1
210615;34A;;;9016576;C;[KX]13.423[B]0.325[D]28.881[E]10.495;;1;1
210615;4011P;;;13754338;A;[B]0.244[T]0.244[L]4.719;;1;1
210615;4012T;;;11188929;A;[B]3.742[C]3.661[I]2.766;;1;1
210615;4013D;;;7505040;C;[KX]17.247[B]5.288[F]0.895[C]3.58;;1;1
210615;4014T;;;10334135;A;[B]5.695[C]5.776[I]4.068;;1;1
210615;4015P;;;13030359;A;[B]2.034[F]0.325[C]1.708;;1;1
210615;4021P;;;13688803;A;[B]0.163[T]0.569[L]4.474;;1;1
210615;4022T;;;10861766;A;[C]3.336[L]20.176;;1;1
210615;4023D;;;7309463;C;[KX]18.711[B]3.986[T]3.986[I]2.522;;1;1
210615;4024T;;;9809853;A;[B]6.02[F]1.22[C]10.007;;1;1
210615;4025P;;;12571353;A;[B]1.708[C]3.498[RN]1.22;;1;1
210615;4031P;;;14018540;A;[B]0.569[C]1.464[RN]0.407;;1;1
210615;4032T;;;11257297;A;[B]2.115[C]5.776[I]1.708;;1;1
210615;4033D;;;7048093;C;[KX]20.583[B]4.719[F]0.732[C]9.763;;1;1
210615;4034T;;;9810882;A;[B]5.125[F]1.139[C]10.739;;1;1
210615;4035P;;;12835298;A;[B]1.22[C]3.173[RN]1.058;;1;1
210615;4041P;;;12705769;A;[T]2.522[L]4.556;;1;1
210615;4042T;;;9419212;A;[B]2.685[C]15.701[I]2.278;;1;1
210615;4043D;;;5932959;C;[KX]12.61[B]3.254[C]17.328[I]1.302;;1;1
210615;4044T;;;9352130;A;[B]4.474[C]15.783[I]1.953;;1;1
210615;4045P;;;12244957;A;[B]1.627[C]4.719;;1;1
210615;4051P;;;12376555;A;[D]0.163[C]3.173[I]1.627;;1;1
210615;4052T;;;9089486;A;[B]0.976[C]15.457[I]5.532;;1;1
210615;4053D;;;5537442;C;[KX]23.593[F]2.115[C]32.867[L]21.966;;1;1
210615;4054T;;;8825283;A;[B]2.034[C]16.922[I]6.671;;1;1
210615;4055P;;;11586781;A;[B]1.546[F]0.651[C]4.719;;1;1
210615;4061P;;;12375529;A;[B]0.814[F]0.569[C]3.254;;1;1
210615;4062T;;;9087947;A;[B]0.407[C]13.586[I]8.135;;1;1
210615;4063D;;;5733024;C;[KX]10.901[B]3.01[T]6.346[F]1.79;;1;1
210615;4064T;;;8232118;A;[B]7.159[F]3.417[C]21.152;;1;1
210615;4065P;;;11191252;A;[B]1.302[C]5.288[I]2.847;;1;1
210615;4071P;;;11981038;A;[T]2.766[F]0.569[I]1.546;;1;1
210615;4072T;;;8363715;A;[B]4.149[F]4.556[C]16.922;;1;1
210615;4073D;;;5139861;C;[KX]10.983[B]3.986[F]3.661[C]15.457;;1;1
210615;4074T;;;8362162;A;[B]8.217[F]4.556[C]16.84;;1;1
210615;4075P;;;10927055;A;[B]2.847[F]1.627[C]4.393;;1;1
210615;4081P;;;11585768;A;[C]4.068[I]2.197[RN]2.197;;1;1
210615;4082T;;;8033988;A;[B]3.824[F]7.403[C]15.539;;1;1
210615;4083D;;;5073048;C;[KX]8.705[B]3.01[T]4.149[F]3.661;;1;1
210615;4084T;;;8426935;A;[B]6.752[F]6.102[C]10.739;;1;1
210615;4085P;;;11321304;A;[C]2.115[I]4.963[L]0.732;;1;1
210615;4091P;;;11520238;A;[T]3.905[F]1.139[I]1.383;;1;1
210615;4092T;;;7903692;A;[F]5.695[C]17.573[L]10.332;;1;1
210615;4093D;;;4811422;C;[KX]11.471[F]1.708[C]13.179[I]8.054;;1;1
210615;4094T;;;7902655;A;[F]1.546[C]17.003[I]14.074;;1;1
210615;4095P;;;10664920;A;[B]1.79[F]1.871[C]5.532;;1;1
210615;4101P;;;11715560;A;[F]1.302[C]1.139[I]1.708;;1;1
210615;4102T;;;8295109;A;[B]2.522[F]8.868[C]7.485;;1;1
210615;4103D;;;5203355;C;[KX]8.135[F]1.546[C]0.976[I]7.647;;1;1
210615;4104T;;;8360893;A;[F]3.091[C]5.613[I]14.318;;1;1
210615;4105P;;;10531026;A;[F]1.546[C]1.302[I]5.532;;1;1
210615;4111P;;;11517151;A;[F]2.115[C]0.081[L]4.556;;1;1
210615;4112T;;;7899320;A;[B]4.8[F]11.227[C]3.986;;1;1
210615;4113D;;;4938636;C;[KX]7.078[F]3.742[L]17.898[RN]3.091;;1;1
210615;4114T;;;8161970;A;[B]6.59[F]10.251[C]3.173;;1;1
210615;4115P;;;10529993;A;[B]3.417[F]3.091[C]1.302;;1;1
210615;4121P;;;11779286;A;[B]1.058[F]1.302[I]1.953;;1;1
210615;4122T;;;8424622;A;[B]0.976[F]1.22[I]23.267;;1;1
210615;4123D;;;5793162;C;[KX]10.169[B]4.393[F]4.474[E]0.325;;1;1
210615;4124T;;;7964070;A;[B]11.471[F]10.82[C]3.417;;1;1
210615;4125P;;;10792390;A;[B]0.569[V]0.488[I]9.112;;1;1
210615;4131P;;;12371675;A;[F]0.814[L]7.159[RN]0.569;;1;1
210615;4132T;;;8753839;A;[B]8.298[F]6.59[C]4.312;;1;1
210615;4133D;;;5793672;C;[KX]8.705[B]4.23[F]2.929[C]2.278;;1;1
210615;4134T;;;8819110;A;[B]11.959[F]5.613[C]5.207;;1;1
210615;4135P;;;11713482;A;[B]1.79[C]0.651[I]4.719;;1;1
210615;4141P;;;12305368;A;[F]0.814[V]1.058[L]7.81;;1;1
210615;4142T;;;8884912;A;[F]3.254[E]3.336[I]14.237;;1;1
210615;4143D;;;5661314;C;[KX]7.973[V]1.22[E]2.359[I]8.542;;1;1
210615;4144T;;;8621221;A;[F]4.8[E]6.996[I]13.017;;1;1
210615;4145P;;;11252681;A;[F]0.976[V]2.115[L]15.457;;1;1
210615;4151P;;;12370128;A;[F]0.244[V]2.441[L]10.332;;1;1
210615;4152T;;;8751781;A;[B]10.983[F]7.647[V]3.824;;1;1
210615;4153D;;;5594233;C;[KX]7.485[B]3.336[V]4.23[I]6.834;;1;1
210615;4154T;;;8553885;A;[B]14.237[F]7.81[V]5.288;;1;1
210615;4155P;;;11251394;A;[F]0.325[V]5.125[L]20.176;;1;1
210615;4161P;;;13026771;A;[B]1.139[V]1.79[I]2.359;;1;1
210615;4162T;;;9736875;A;[B]4.963[V]9.925[I]11.878;;1;1
210615;4163D;;;6184313;C;[KX]12.447[B]4.881[V]10.251[I]6.752;;1;1
210615;4164T;;;9605277;A;[B]11.064[V]7.403[I]9.763;;1;1
210615;4165P;;;12171203;A;[B]4.149[F]1.139[V]1.708;;1;1
210615;4171P;;;12501197;A;[E]1.22[I]3.742[RN]1.546;;1;1
210615;4172T;;;9343138;A;[B]7.647[V]5.695[I]14.888;;1;1
210615;4173D;;;6053746;C;[KX]7.403[B]6.752[F]1.708[V]3.173;;1;1
210615;4174T;;;9145242;A;[B]11.471[V]5.125[I]14.156;;1;1
210615;4175P;;;12105664;A;[B]3.254[V]1.708[I]3.254;;1;1
210615;4181P;;;12502222;A;[B]1.464[E]0.244[I]3.417;;1;1
210615;4182T;;;8949662;A;[B]15.539[F]5.451[C]1.953;;1;1
210615;4183D;;;5594478;C;[KX]8.949[B]8.624[F]2.441;;1;1
210615;4184T;;;8752022;A;[B]22.942[F]5.776[C]1.953;;1;1
210615;4185P;;;11449533;A;[B]4.556[I]5.288;;1;1
210615;4191P;;;12435914;A;[B]2.522[V]0.325[I]3.173;;1;1
210615;4192T;;;9080730;A;[B]14.888[F]1.464[I]10.169;;1;1
210615;4193D;;;5856873;C;[KX]7.322[B]10.82[F]1.953[V]0.163;;1;1
210615;4194T;;;9145746;A;[B]24.081[F]3.661[C]1.79;;1;1
210615;4195P;;;11777725;A;[B]4.312[I]4.068;;1;1
210615;41A;;;9274880;C;[KX]7.729[D]20.989[E]20.827;;1;1
210615;4201P;;;13026756;A;[V]0.488[E]3.173[I]3.498;;1;1
210615;4202T;;;9671057;A;[F]5.939[E]18.874[L]8.542;;1;1
210615;4203D;;;6382180;C;[KX]10.169[B]10.332[V]1.139[I]3.661;;1;1
210615;4204T;;;9342347;A;[B]25.708[C]0.569[I]6.752;;1;1
210615;4205P;;;12368565;A;[B]7.729[F]0.325[C]0.407;;1;1
210615;4211P;;;13881543;A;[B]4.068[AN]0.163;;1;1
210615;4212T;;;10788757;A;[B]15.213[E]2.278[I]2.115;;1;1
210615;4213D;;;7301728;C;[KX]16.271[B]17.654[V]0.976[E]1.627;;1;1
210615;4214T;;;10460048;A;[B]23.511[C]1.139;;1;1
210615;4215P;;;13157304;A;[B]5.044[E]0.814[L]2.197;;1;1
210615;4221P;;;13618372;A;[B]4.312[C]0.244[I]0.163;;1;1
210615;4222T;;;10657429;A;[B]19.525[AN]1.79;;1;1
210615;4223D;;;7039072;C;[KX]10.901[B]14.4[D]0.488[E]0.569;;1;1
210615;4224T;;;10065035;A;[B]27.172[T]1.22;;1;1
210615;4225P;;;12697268;A;[B]6.915[E]0.163[L]1.79;;1;1
210615;4231P;;;13882313;A;[B]2.929[D]0.407[L]1.871;;1;1
210615;4232T;;;10790039;A;[B]16.352[D]1.383[C]1.871;;1;1
210615;4233D;;;7237218;C;[KX]11.715[B]12.61[D]2.034[C]0.732;;1;1
210615;4234T;;;10461331;A;[B]19.525[D]1.79[C]2.441;;1;1
210615;4235P;;;12698552;A;[B]3.824[D]1.871[I]1.871;;1;1
210615;4241P;;;13685448;A;[B]2.522[D]0.488[L]2.766;;1;1
210615;4242T;;;10659481;A;[B]14.318[D]1.708[C]3.336;;1;1
210615;4243D;;;7172195;C;[KX]11.959[B]8.379[D]2.441[L]4.312;;1;1
210615;4244T;;;9345172;A;[B]20.908[C]8.949[L]1.464;;1;1
210615;4245P;;;12107963;A;[B]2.603[D]0.895[L]11.634;;1;1
210615;42A;;;10587136;C;[KX]10.739[D]10.82[E]22.616;;1;1
210615;43A;;;10980352;C;[KX]11.064[D]8.054[E]24.081;;1;1
210615;44A;;;11702272;C;[KX]11.959[D]6.183[E]22.779[L]0.163;;1;1
210615;5011P;;;12115179;A;[T]3.01[L]3.336[RN]0.244;;1;1
210615;5012T;;;9946588;A;[B]1.79[T]10.251[F]0.732;;1;1
210615;5013D;;;6134719;C;[KX]19.688[B]1.953[T]11.796[RN]2.359;;1;1
210615;5014T;;;9487842;A;[D]0.488[C]14.318[I]1.464;;1;1
210615;5015P;;;12970231;A;[B]0.325[T]2.603[F]0.163;;1;1
210615;5021P;;;11853554;A;[C]4.963[I]0.325[L]1.871;;1;1
210615;5022T;;;9289947;A;[C]16.922[I]0.814[L]6.834;;1;1
210615;5023D;;;6202317;C;[KX]30.426[B]0.651[C]35.308[I]1.22;;1;1
210615;5024T;;;9554410;A;[C]16.108[L]2.929[RN]0.488;;1;1
210615;5025P;;;12511225;A;[C]3.824[I]0.244[L]0.732;;1;1
210615;5031P;;;11525621;A;[C]6.02[I]0.325[L]0.976;;1;1
210615;5032T;;;8962271;A;[B]0.732[C]19.932[I]1.464;;1;1
210615;5033D;;;5613532;C;[KX]26.277[T]1.383[C]25.952[L]2.278;;1;1
210615;5034T;;;8374001;A;[F]0.163[C]26.521[L]0.651;;1;1
210615;5035P;;;11920892;A;[C]5.125[L]0.163[RN]0.244;;1;1
210615;5041P;;;11524598;A;[F]0.081[C]7.078[I]0.814;;1;1
210615;5042T;;;8698853;A;[T]18.549[F]1.383[L]5.532;;1;1
210615;5043D;;;5084629;C;[KX]27.254[C]41.247[L]1.302[RN]3.417;;1;1
210615;5044T;;;8831731;A;[C]22.779[I]0.407[RN]2.197;;1;1
210615;5045P;;;12248317;A;[C]4.963[L]0.325[RN]0.651;;1;1
210615;5051P;;;10866425;A;[T]6.346[F]1.139[L]0.081;;1;1
210615;5052T;;;7581417;A;[T]13.83[F]2.847[C]18.061;;1;1
210615;5053D;;;4884948;C;[KX]32.216[T]30.915[F]3.417[I]2.115;;1;1
210615;5054T;;;8239344;A;[T]8.217[F]1.871[C]15.457;;1;1
210615;5055P;;;11919356;A;[C]4.637[AN]0.976[RN]1.546;;1;1
210615;5061P;;;10601976;A;[T]5.939[F]1.546[I]0.081;;1;1
210615;5062T;;;7711212;A;[T]23.837[F]4.393[C]0.976;;1;1
210615;5063D;;;5014229;C;[KX]23.186[T]18.63[F]4.068[I]0.895;;1;1
210615;5064T;;;8499952;A;[T]17.573[F]3.173[I]0.081;;1;1
210615;5065P;;;11851516;A;[T]2.929[F]0.895[AN]1.139;;1;1
210615;5071P;;;10732533;A;[F]0.976[C]7.403[RN]2.685;;1;1
210615;5072T;;;7576543;A;[T]9.844[F]7.078[C]12.61;;1;1
210615;5073D;;;5011143;C;[KX]18.061[F]4.8[C]16.515[I]0.325;;1;1
210615;5074T;;;8562663;A;[T]7.81[F]4.719[C]6.02;;1;1
210615;5075P;;;11981305;A;[T]2.441[F]1.22[L]0.244;;1;1
210615;5081P;;;10335978;A;[F]2.766[C]3.824[L]0.325;;1;1
210615;5082T;;;7507924;A;[F]10.576[C]16.759;;1;1
210615;5083D;;;5271484;C;[KX]16.678[B]0.407[F]6.752[C]7.403;;1;1
210615;5084T;;;8626142;A;[F]6.346[C]9.681[L]0.244;;1;1
210615;5085P;;;11979765;A;[F]1.383[C]2.197[L]0.244;;1;1
210615;5091P;;;10793950;A;[F]2.278[C]1.546[I]2.847;;1;1
210615;5092T;;;8031682;A;[F]7.647[C]3.742[I]10.088;;1;1
210615;5093D;;;5005994;C;[KX]10.576[B]1.058[F]7.485[C]1.302;;1;1
210615;5094T;;;8097744;A;[B]0.488[F]10.983[C]5.532;;1;1
210615;5095P;;;11517934;A;[F]2.359[L]1.058[AN]1.79;;1;1
210615;5101P;;;10069717;A;[F]4.312[V]0.976[L]6.427;;1;1
210615;5102T;;;7175601;A;[B]5.207[F]17.735[C]3.01;;1;1
210615;5103D;;;4413090;C;[KX]8.624[B]0.976[F]9.193[V]0.569;;1;1
210615;5104T;;;7373255;A;[F]16.352[C]0.976[I]2.115;;1;1
210615;5105P;;;10859239;A;[B]0.244[F]3.498[C]0.407;;1;1
210615;5111P;;;11251928;A;[F]1.464[V]3.417[I]3.661;;1;1
210615;5112T;;;8619962;A;[F]4.23[V]11.552[I]12.691;;1;1
210615;5113D;;;5331880;C;[KX]11.064[B]0.895[F]6.752[V]9.112;;1;1
210615;5114T;;;8752079;A;[B]0.407[F]9.356[V]9.356;;1;1
210615;5115P;;;12041197;A;[F]1.953[V]1.871[L]0.488;;1;1
210615;5121P;;;12171483;A;[B]1.302[F]1.708[V]3.254;;1;1
210615;5122T;;;9868223;A;[F]6.102[V]10.739[E]3.905;;1;1
210615;5123D;;;6579638;C;[KX]16.678[F]4.8[V]12.203[E]0.976;;1;1
210615;5124T;;;9934294;A;[F]5.288[V]12.773[E]0.488;;1;1
210615;5125P;;;13223920;A;[F]1.22[V]2.359[E]0.163;;1;1
210615;5131P;;;12828128;A;[B]0.732[F]1.302[V]4.068;;1;1
210615;5132T;;;10393540;A;[F]4.637[V]13.505[E]3.091;;1;1
210615;5133D;;;7037869;C;[KX]17.166[F]3.824[V]20.257[E]1.22;;1;1
210615;5134T;;;10459604;A;[F]4.068[V]13.83[E]0.732;;1;1
210615;5135P;;;13617906;A;[F]0.895[V]2.766[E]0.081;;1;1
210615;5141P;;;13288164;A;[F]0.488[V]4.881[L]3.417;;1;1
210615;5142T;;;11115978;A;[F]0.488[V]15.376[I]5.695;;1;1
210615;5143D;;;8613294;C;[KX]18.711[B]0.407[V]19.606[I]2.685;;1;1
210615;5144T;;;11903443;A;[F]1.79[V]16.678[E]1.139;;1;1
210615;5145P;;;14734321;A;[B]0.163[F]0.325[V]3.01;;1;1
210615;5151P;;;14338012;A;[B]0.732[V]5.044[L]2.034;;1;1
210615;5152T;;;11902393;A;[V]17.328[E]3.254[I]3.824;;1;1
210615;5153D;;;9202593;C;[KX]17.491[B]1.79[V]20.827[I]0.651;;1;1
210615;5155P;;;14799082;A;[F]0.325[V]3.498[E]0.488;;1;1
210615;5161P;;;14271955;A;[B]1.79[V]5.288[L]0.651;;1;1
210615;5162T;;;12098733;A;[B]7.241[V]16.271[E]0.244;;1;1
210615;5163D;;;9792398;C;[KX]14.806[B]1.79[V]16.271[E]1.79;;1;1
210615;5164T;;;13149377;A;[B]2.929[V]17.084[E]0.488;;1;1
210615;5165P;;;14995936;A;[V]3.58[E]0.569[L]1.708;;1;1
210615;5171P;;;14469584;A;[E]2.441[L]0.325[RN]6.02;;1;1
210615;5172T;;;12691119;A;[B]5.776[V]11.471[E]1.464;;1;1
210615;5173D;;;9728386;C;[KX]20.745[B]3.254[V]18.142[E]3.661;;1;1
210615;5174T;;;13085108;A;[B]3.986[V]12.447[E]1.871;;1;1
210615;5175P;;;15456481;A;[V]2.603[E]0.651[L]1.139;;1;1
210615;5181P;;;14403523;A;[B]2.359[V]3.173[E]1.302;;1;1
210615;5182T;;;12954535;A;[B]5.939[V]7.891[E]3.661;;1;1
210615;5183D;;;10713724;C;[KX]21.559[F]0.569[V]11.39[E]8.786;;1;1
210615;5184T;;;13676719;A;[B]3.091[V]8.786[E]3.986;;1;1
210615;5185P;;;15391448;A;[V]1.953[E]1.139[L]1.302;;1;1
210615;5191P;;;14274505;A;[V]1.302[E]2.278[I]1.383;;1;1
210615;5192T;;;12166816;A;[V]9.193[E]8.461[L]12.203;;1;1
210615;5193D;;;10451560;C;[KX]14.156[B]2.197[V]5.858[E]7.973;;1;1
210615;5194T;;;13151643;A;[V]6.102[E]10.983[I]2.522;;1;1
210615;5195P;;;14602178;A;[V]2.197[E]2.929[L]3.01;;1;1
210615;51A;;;4229531;C;[KX]14.644[D]1.22[T]28.474[L]22.779[AN]23.186;;1;1
210615;5201P;;;14995646;A;[V]2.034[E]3.661[L]2.278;;1;1
210615;5202T;;;13414553;A;[E]13.261[L]2.847[RN]8.705;;1;1
210615;5203D;;;11107167;C;[KX]23.755[B]1.708[V]9.193[E]17.328;;1;1
210615;5204T;;;14266251;A;[B]1.871[V]5.695[E]16.678;;1;1
210615;5205P;;;15851209;A;[B]0.569[V]0.976[E]2.034;;1;1
210615;5211P;;;14206643;A;[B]2.685[V]1.464[E]2.766;;1;1
210615;5212T;;;12362893;A;[B]7.81[V]5.044[E]10.657;;1;1
210615;5213D;;;9991516;C;[KX]18.223[B]3.417[V]6.915[E]14.644;;1;1
210615;5214T;;;13281671;A;[B]4.312[V]5.451[E]16.108;;1;1
210615;5215P;;;15391174;A;[B]0.976[V]1.058[E]1.953;;1;1
210615;5221P;;;14404019;A;[B]2.603[V]1.058[E]3.58;;1;1
210615;5222T;;;12691596;A;[B]7.485[V]3.905[E]12.61;;1;1
210615;5223D;;;9860698;C;[KX]17.166[F]1.058[V]5.288[E]20.257;;1;1
210615;5224T;;;13151374;A;[B]5.369[V]3.986[E]11.552;;1;1
210615;5225P;;;15259585;A;[E]3.417[L]1.139[RN]1.627;;1;1
210615;5231P;;;14075568;A;[B]3.417[V]0.976[E]3.417;;1;1
210615;5232T;;;12166025;A;[B]9.437[V]2.847[E]11.878;;1;1
210615;5234T;;;12822925;A;[B]6.752[V]3.742[E]12.447;;1;1
210615;5235P;;;15194048;A;[B]1.383[V]0.651[E]2.603;;1;1
210615;5241P;;;14601138;A;[B]2.115[V]0.976[E]4.149;;1;1
210615;5242T;;;13085837;A;[B]5.858[V]3.417[E]13.342;;1;1
210615;5243D;;;10648662;C;[KX]19.932[V]5.776[E]22.779[I]1.546;;1;1
210615;5244T;;;13676685;A;[B]3.417[V]3.824[E]13.668;;1;1
210615;5245P;;;15719363;A;[B]0.488[E]2.929[RN]1.22;;1;1
210615;52A;;;3583173;C;[KX]10.739[B]1.546[C]9.112[AN]70.859;;1;1
210615;53A;;;3649983;C;[KX]10.983[D]1.953[C]12.61[AN]61.585;;1;1
210615;54A;;;4429714;C;[KX]10.983[B]4.963[D]1.058[AN]59.307;;1;1
210615;6011P;;;13824506;A;[T]0.732[I]0.407[AN]1.22;;1;1
210615;6012P;;;13497852;A;[T]1.383[L]0.651[AN]1.058;;1;1
210615;6013P;;;12844031;A;[T]0.407[L]0.325[AN]4.149;;1;1
210615;6021P;;;13627643;A;[T]1.383[I]0.407[AN]0.488;;1;1
210615;6022P;;;13234943;A;[T]1.22[C]1.464[L]0.163;;1;1
210615;6023P;;;12383231;A;[T]3.58[L]0.488[AN]0.976;;1;1
210615;6031P;;;13168638;A;[T]0.651[C]1.953[RN]0.163;;1;1
210615;6032P;;;12316671;A;[T]1.953[C]1.953;;1;1
210615;6033P;;;11726335;A;[T]2.603[C]1.627[AN]1.302;;1;1
210615;6041P;;;13430783;A;[T]2.278[L]0.325[RN]0.488;;1;1
210615;6042P;;;12708863;A;[T]0.976[F]0.244[AN]3.336;;1;1
210615;6043P;;;12118783;A;[T]4.393[L]0.163[RN]0.407;;1;1
210615;6051P;;;13233407;A;[T]2.603[L]0.244[RN]0.814;;1;1
210615;6052P;;;12642559;A;[T]1.546[C]2.278[RN]0.651;;1;1
210615;6053P;;;12316159;A;[T]2.441[C]1.953[RN]0.163;;1;1
210615;6061P;;;13165822;A;[T]0.244[C]2.603[RN]1.464;;1;1
210615;6062P;;;12575743;A;[T]3.58[L]0.325[RN]1.383;;1;1
210615;6063P;;;12184319;A;[T]3.254[F]0.163[C]0.814;;1;1
210615;6071P;;;13164284;A;[T]0.732[F]0.651[C]0.569;;1;1
210615;6072P;;;12641278;A;[T]0.814[C]2.929[RN]1.464;;1;1
210615;6073P;;;12314879;A;[T]3.498[F]0.244;;1;1
210615;6081P;;;13163258;A;[T]2.115[L]0.569[RN]2.603;;1;1
210615;6082P;;;12442877;A;[T]0.569[C]3.091[RN]1.953;;1;1
210615;6083P;;;12117247;A;[T]3.986[L]0.163[RN]1.139;;1;1
210615;6091P;;;13096440;A;[T]0.651[F]0.976[L]0.325;;1;1
210615;6092P;;;13359353;A;[B]0.081[F]0.895[AN]0.814;;1;1
210615;6093P;;;13359867;A;[F]0.488[C]1.139[RN]1.302;;1;1
210615;6101P;;;13357303;A;[F]0.976[L]0.244[RN]1.139;;1;1
210615;6102P;;;13883128;A;[T]0.814[I]0.407[RN]3.091;;1;1
210615;6103P;;;13950715;A;[F]0.732[L]0.081[AN]0.081;;1;1
210615;6111P;;;14013430;A;[F]0.651[V]1.627[I]0.163;;1;1
210615;6112P;;;14672122;A;[T]0.407[L]0.651[RN]2.278;;1;1
210615;6113P;;;14014715;A;[F]0.569[RN]1.79;;1;1
210615;6121P;;;14078454;A;[F]0.569[V]2.115[I]0.163;;1;1
210615;6122P;;;14539768;A;[C]0.244[I]0.407[RN]2.522;;1;1
210615;6123P;;;14539258;A;[I]0.325[AN]0.325[RN]3.498;;1;1
210615;6131P;;;14539512;A;[F]0.407[V]1.302[L]0.081;;1;1
210615;6132P;;;15064826;A;[V]0.163[I]0.244[RN]2.278;;1;1
210615;6133P;;;14604281;A;[V]0.244[I]0.407[RN]3.01;;1;1
210615;6141P;;;14867446;A;[V]1.139[I]0.488[RN]1.302;;1;1
210615;6142P;;;15130617;A;[B]0.163[C]0.081[RN]2.847;;1;1
210615;6143P;;;15261947;A;[B]0.081[AN]0.081[RN]2.603;;1;1
210615;6151P;;;15590130;A;[V]1.546[L]1.058;;1;1
210615;6152P;;;15523832;A;[V]1.058[I]0.244[RN]0.976;;1;1
210615;6153P;;;14997494;A;[V]1.546[I]0.325[RN]1.546;;1;1
210615;6161P;;;15985393;A;[B]0.244[V]0.976[L]0.488;;1;1
210615;6162P;;;15654638;A;[B]0.244[V]1.79[I]0.244;;1;1
210615;6163P;;;15259632;A;[V]2.603[I]0.163[L]0.732;;1;1
210615;6171P;;;16049899;A;[V]1.22[E]0.325[L]0.814;;1;1
210615;6172P;;;15786213;A;[V]0.163[E]0.732[RN]1.79;;1;1
210615;6173P;;;15523301;A;[V]1.871[E]0.569[L]1.058;;1;1
210615;6181P;;;16050406;A;[V]0.814[E]0.569[I]0.244;;1;1
210615;6182P;;;15786208;A;[V]1.464[E]0.732[L]0.814;;1;1
210615;6183P;;;15653595;A;[V]1.953[E]1.058[I]0.325;;1;1
210615;6191P;;;15129552;A;[V]0.814[E]1.708[I]0.651;;1;1
210615;6192P;;;15655122;A;[B]0.814[V]0.814[E]0.976;;1;1
210615;6193P;;;15653839;A;[V]1.546[E]1.79[L]1.058;;1;1
210615;61A;;;4427856;C;[KX]7.322[D]28.881[I]1.627[AN]58.087;;1;1
210615;6201P;;;16247255;A;[F]0.081[V]0.488[E]1.383;;1;1
210615;6202P;;;15983825;A;[E]1.546[L]0.407[RN]0.814;;1;1
210615;6203P;;;15851467;A;[V]0.895[E]2.034[I]0.244;;1;1
210615;6211P;;;15918291;A;[V]0.651[E]1.464[L]0.895;;1;1
210615;6212P;;;15983568;A;[V]0.895[E]1.79[L]0.895;;1;1
210615;6213P;;;16048328;A;[B]0.488[V]0.732[E]2.034;;1;1
210615;6221P;;;15853010;A;[E]1.708[L]0.569[RN]0.814;;1;1
210615;6222P;;;16114635;A;[V]0.732[E]2.115[L]0.732;;1;1
210615;6223P;;;16114118;A;[B]0.163[E]2.685[RN]0.895;;1;1
210615;6231P;;;15721680;A;[B]0.569[E]1.383[RN]0.651;;1;1
210615;6232P;;;15983302;A;[B]0.651[V]0.407[E]2.115;;1;1
210615;6233P;;;16179902;A;[E]3.417[L]0.732[RN]0.407;;1;1
210615;6241P;;;16181459;A;[E]1.627[L]0.325[RN]0.732;;1;1
210615;6242P;;;16114883;A;[E]2.685[L]0.325[RN]0.488;;1;1
210615;6243P;;;16311738;A;[E]3.742[L]0.814;;1;1
210615;62A;;;5020469;C;[KX]9.763[D]40.921[T]0.407[AN]34.901;;1;1
210615;63A;;;5475635;C;[KX]8.705[D]36.528[T]5.369[AN]6.102;;1;1
210615;64A;;;4946728;C;[KX]5.695[D]71.429[C]4.637[AN]15.457;;1;1
210615;7011P;;;11663103;A;[C]0.814[L]0.163[AN]7.078;;1;1
210615;7012T;;;8514047;A;[T]5.369[L]0.325[AN]21.233;;1;1
210615;7013D;;;3725311;C;[KX]37.748[T]6.834[L]0.163[AN]54.426;;1;1
210615;7014T;;;8645375;A;[T]4.474[L]0.081[AN]19.688;;1;1
210615;7015P;;;12253439;A;[T]1.79[AN]3.254;;1;1
210615;7021P;;;11005183;A;[T]3.742[C]1.79[AN]2.603;;1;1
210615;7022T;;;7920383;A;[D]0.163[T]21.884[C]4.393;;1;1
210615;7023D;;;3655679;C;[KX]44.094[T]28.311[L]0.244[AN]23.023;;1;1
210615;7024T;;;7855615;A;[T]15.051[L]0.244[AN]9.193;;1;1
210615;7025P;;;11858687;A;[T]3.58[L]0.081[AN]1.627;;1;1
210615;7031P;;;10675967;A;[T]8.624[L]0.244[RN]0.081;;1;1
210615;7032T;;;7853311;A;[T]22.942[C]7.729[L]0.163;;1;1
210615;7033D;;;3194111;C;[KX]44.257[T]48.324[C]1.708;;1;1
210615;7034T;;;7328511;A;[T]25.627[C]2.278;;1;1
210615;7035P;;;11529215;A;[T]5.776[RN]0.081;;1;1
210615;7041P;;;10871551;A;[T]6.183[C]2.359[RN]0.651;;1;1
210615;7042T;;;7590142;A;[T]18.305[C]14.644;;1;1
210615;7043D;;;3519743;C;[KX]43.199[T]50.521[F]0.488;;1;1
210615;7044T;;;7393279;A;[T]26.033[RN]0.814;;1;1
210615;7045P;;;10806015;A;[T]7.566[RN]0.569;;1;1
210615;7051P;;;10871807;A;[T]8.217[F]0.163[I]0.163;;1;1
210615;7052T;;;7786239;A;[T]20.013[C]6.915[RN]0.814;;1;1
210615;7053D;;;3911679;C;[KX]39.375[T]48.487[F]0.569[RN]1.058;;1;1
210615;7054T;;;7654399;A;[T]26.847[C]0.407[RN]1.871;;1;1
210615;7055P;;;11659007;A;[T]5.613[RN]0.732;;1;1
210615;7061P;;;10805247;A;[T]8.379[L]0.407[RN]1.058;;1;1
210615;7062T;;;7718908;A;[T]21.233[F]0.651[C]8.786;;1;1
210615;7063D;;;4499967;C;[KX]39.375[T]40.758[L]0.325[RN]4.881;;1;1
210615;7064T;;;7981567;A;[T]22.454[RN]2.603;;1;1
210615;7065P;;;10804991;A;[T]7.973[L]0.081[RN]1.139;;1;1
210615;7071P;;;11001343;A;[T]7.159[F]0.325[RN]0.325;;1;1
210615;7072T;;;7979515;A;[T]22.861[F]1.383[C]3.173;;1;1
210615;7073D;;;4627706;C;[KX]44.175[T]45.07[L]0.407[RN]9.356;;1;1
210615;7074T;;;8110591;A;[T]25.057[RN]4.881;;1;1
210615;7075P;;;11854847;A;[T]5.044[RN]1.139;;1;1
210615;7081P;;;10934783;A;[T]8.217[L]0.163[RN]2.197;;1;1
210615;7082T;;;8108028;A;[T]25.627[F]1.139[RN]5.532;;1;1
210615;7083D;;;5280239;C;[KX]43.443[T]37.748[L]1.302[RN]15.295;;1;1
210615;7084T;;;9356542;A;[T]14.562[F]0.814[RN]2.929;;1;1
210615;7085P;;;12312831;A;[T]4.149[L]0.081[RN]1.871;;1;1
210615;7091P;;;12242169;A;[T]3.173[I]0.407[RN]5.125;;1;1
210615;7092T;;;9939691;A;[T]5.288[F]3.173[RN]7.891;;1;1
210615;7093D;;;6191078;C;[KX]32.786[T]21.559[L]0.244[RN]34.901;;1;1
210615;7094T;;;9874425;A;[T]10.901[RN]20.176;;1;1
210615;7095P;;;13359358;A;[T]1.627[C]0.488[RN]3.824;;1;1
210615;7101P;;;13095417;A;[B]0.163[T]2.034[RN]4.881;;1;1
210615;7102T;;;10396902;A;[B]0.163[F]3.661[RN]9.193;;1;1
210615;7103D;;;6976993;C;[KX]34.901[T]5.858[C]4.474[RN]47.267;;1;1
210615;7104T;;;10594295;A;[T]5.695[RN]22.616;;1;1
210615;7105P;;;13554941;A;[T]0.976[C]0.325[RN]4.556;;1;1
210615;7111P;;;13224439;A;[B]0.163[C]1.302[RN]6.915;;1;1
210615;7112T;;;10658791;A;[F]3.01[V]3.173[RN]8.054;;1;1
210615;7113D;;;7106786;C;[KX]17.084[T]4.068[L]0.651[RN]21.966;;1;1
210615;7114T;;;10790134;A;[T]2.929[C]1.22[RN]23.511;;1;1
210615;7115P;;;13948157;A;[AN]1.139[RN]4.8;;1;1
210615;7121P;;;13814520;A;[T]0.163[I]0.569[RN]6.671;;1;1
210615;7122T;;;11577061;A;[B]0.732[C]1.627[RN]25.301;;1;1
210615;7123D;;;8221408;C;[KX]36.528[F]0.814[V]3.173[RN]42.386;;1;1
210615;7124T;;;11839478;A;[T]1.058[RN]24.162;;1;1
210615;7125P;;;14406908;A;[C]0.407[RN]5.044;;1;1
210615;7131P;;;13813749;A;[T]0.163[L]1.058[RN]7.729;;1;1
210615;7132T;;;11511011;A;[V]1.79[I]2.115[RN]19.444;;1;1
210615;7133D;;;8286428;C;[KX]40.189[V]4.719[L]0.407[RN]51.579;;1;1
210615;7134T;;;11904498;A;[F]0.407[V]1.546[RN]21.396;;1;1
210615;7135P;;;14472443;A;[C]0.244[I]0.163[RN]4.881;;1;1
210615;7141P;;;13550317;A;[B]0.081[F]0.814[V]4.474;;1;1
210615;7142T;;;11377880;A;[B]0.569[F]2.441[V]16.678;;1;1
210615;7143D;;;8547798;C;[KX]41.491[F]0.407[V]17.003[RN]40.27;;1;1
210615;7144T;;;12298222;A;[F]0.488[V]4.8[RN]15.701;;1;1
210615;7145P;;;14669050;A;[B]0.081[AN]0.163[RN]4.556;;1;1
210615;7151P;;;14206960;A;[V]2.929[I]0.651[RN]2.685;;1;1
210615;7152T;;;12429023;A;[F]1.302[V]14.156[E]0.407;;1;1
210615;7153D;;;9268428;C;[KX]28.881[F]1.139[V]30.02;;1;1
210615;7154T;;;12756714;A;[V]8.461[L]0.569[RN]11.308;;1;1
210615;7155P;;;14930935;A;[V]1.627[L]0.407[RN]2.685;;1;1
210615;7161P;;;14534890;A;[B]0.407[V]3.336[RN]3.091;;1;1
210615;7162T;;;13018586;A;[B]0.732[F]0.569[V]17.573;;1;1
210615;7163D;;;10251718;C;[KX]18.142[F]0.244[V]20.664[E]0.244;;1;1
210615;7164T;;;13543395;A;[V]17.328[I]0.407[RN]1.627;;1;1
210615;7165P;;;15455477;A;[V]3.01[L]0.244[RN]0.976;;1;1
210615;7171P;;;15323865;A;[V]3.498[E]0.976[L]1.139;;1;1
210615;7172T;;;13676474;A;[B]2.603[V]11.146[E]2.278;;1;1
210615;7173D;;;11434900;C;[KX]10.576[V]8.949[E]2.685;;1;1
210615;7174T;;;14201284;A;[V]12.122[E]3.01[I]0.488;;1;1
210615;7175P;;;15719913;A;[V]2.359[E]0.325[L]0.814;;1;1
210615;7181P;;;15059920;A;[B]0.976[V]4.068[E]1.139;;1;1
210615;7182T;;;13412522;A;[B]2.685[V]12.854[E]4.963;;1;1
210615;7183D;;;11039614;C;[KX]25.464[V]22.698[E]9.681[L]0.488;;1;1
210615;7184T;;;14199986;A;[B]0.814[V]12.854[E]4.963;;1;1
210615;7185P;;;15587288;A;[V]2.766[E]1.058[L]0.651;;1;1
210615;7191P;;;14928831;A;[B]1.383[V]2.685[E]2.278;;1;1
210615;7192T;;;13478297;A;[B]3.498[V]9.03[E]9.844;;1;1
210615;7193D;;;11499367;C;[KX]10.332[V]6.915[E]7.485;;1;1
210615;7194T;;;14331291;A;[B]1.22[V]9.925[E]10.657;;1;1
210615;7195P;;;15915725;A;[V]2.034[E]2.115[L]0.732;;1;1
210615;71A;;;5864483;C;[KX]6.508[D]37.911[T]3.417[L]1.708;;1;1
210615;7201P;;;15454651;A;[E]4.637[RN]3.091;;1;1
210615;7202T;;;13807509;A;[B]2.766[V]7.078[E]11.634;;1;1
210615;7203D;;;11828061;C;[KX]24.569[V]12.61[E]20.339[L]0.407;;1;1
210615;7204T;;;14594710;A;[B]0.814[V]7.647[E]12.529;;1;1
210615;7205P;;;15850442;A;[V]1.627[E]2.441[L]0.814;;1;1
210615;7211P;;;15389368;A;[B]0.895[V]1.546[E]3.986;;1;1
210615;7212T;;;13873038;A;[B]2.603[V]5.125[E]13.912;;1;1
210615;7213D;;;12091224;C;[KX]22.128[V]8.298[E]21.884[I]0.244;;1;1
210615;7214T;;;14726030;A;[B]0.651[V]6.02[E]14.806;;1;1
210615;7215P;;;15916228;A;[V]1.139[E]2.847[L]0.569;;1;1
210615;7221P;;;15651507;A;[E]5.695[L]0.081[RN]2.278;;1;1
210615;7222T;;;14267274;A;[B]0.163[E]18.467[RN]6.02;;1;1
210615;7223D;;;12419917;C;[KX]13.83[V]4.8[E]15.701;;1;1
210615;7224T;;;14989189;A;[B]0.651[V]4.23[E]17.898;;1;1
210615;7225P;;;16113343;A;[B]0.081[E]3.742[RN]1.22;;1;1
210615;7231P;;;15783337;A;[V]0.651[E]6.508[L]1.058;;1;1
210615;7232T;;;14399104;A;[B]2.278[V]1.464[E]20.094;;1;1
210615;7233D;;;13142330;C;[KX]15.295[V]1.708[E]21.396[RN]0.651;;1;1
210615;7234T;;;15317628;A;[V]2.441[E]22.128[L]0.732;;1;1
210615;7235P;;;16245176;A;[E]4.23[L]0.325[RN]0.407;;1;1
210615;7241P;;;15981220;A;[B]0.569[D]0.488[E]5.939;;1;1
210615;7242T;;;14727796;A;[B]1.383[D]0.814[E]22.21;;1;1
210615;7243D;;;13800999;C;[KX]20.745[D]0.814[E]26.684[L]0.163;;1;1
210615;7244T;;;15384431;A;[B]0.163[D]1.383[E]21.966;;1;1
210615;7245P;;;16179630;A;[B]0.325[D]0.569[E]4.556;;1;1
210615;72A;;;6258185;C;[KX]7.322[D]58.575[L]2.115[AN]3.254;;1;1
210615;73A;;;7898880;C;[KX]9.763[D]44.826[E]11.634[L]0.244;;1;1
210615;74A;;;7763991;C;[KX]9.763[B]1.79[D]22.779[E]14.481;;1;1
210615;81A;;;8945408;C;[KX]9.193[D]23.105[E]29.694;;1;1
210615;83A;;;8746760;C;[KX]10.576[B]0.976[D]14.888[E]25.708;;1;1
210615;84A;;;9468416;C;[KX]11.39[D]14.237[E]36.528;;1;1
210615;91A;;;4486530;C;[KX]9.112[B]5.695[T]15.62[RN]0.651;;1;1
210615;92A;;;5413791;C;[KX]16.027[D]1.22[L]14.4[AN]28.637;;1;1
210615;93A;;;5736837;C;[KX]8.949[D]3.01[T]9.6[L]9.437;;1;1
210615;94A;;;5666661;C;[KX]6.427[B]4.068[D]6.59[C]10.983;;1;1
210615;OW1 1P;;;15006459;A;[T]0.488[L]0.081;;1;1
210615;OW1 2P;;;14612987;A;[I]0.244[AN]1.302;;1;1
210615;OW10 1P;;;15858924;A;[B]0.163[D]0.244[AN]0.407;;1;1
210615;OW10 2P;;;15398369;A;[B]0.325[D]0.488[AN]0.651;;1;1
210615;OW11 1P;;;16252644;A;[D]0.651[L]0.163[AN]0.244;;1;1
210615;OW11 2P;;;16316894;A;[D]0.651[E]0.163[L]0.407;;1;1
210615;OW12 1P;;;16251366;A;[D]0.325[E]0.163[L]0.407;;1;1
210615;OW12 2P;;;16053206;A;[D]0.651[E]0.569[L]0.814;;1;1
210615;OW13 1P;;;15400958;A;[AN]0.732;;1;1
210615;OW13 2P;;;14284021;A;[B]0.244[C]0.651[AN]0.895;;1;1
210615;OW14 1P;;;15464948;A;[D]0.163[T]0.325[I]0.163;;1;1
210615;OW14 2P;;;14873321;A;[B]0.569[D]0.081[AN]1.058;;1;1
210615;OW15 1P;;;15662582;A;[D]0.163[L]0.244[AN]0.407;;1;1
210615;OW15 2P;;;14610919;A;[D]0.488[T]0.651[L]1.302;;1;1
210615;OW16 1P;;;16449522;A;[D]0.244[T]0.081;;1;1
210615;OW16 2P;;;15201765;A;[D]0.569[C]0.488[L]0.732;;1;1
210615;OW17 1P;;;16383983;A;[D]0.325[AN]0.163;;1;1
210615;OW17 2P;;;15595498;A;[D]0.488[I]0.244[AN]0.325;;1;1
210615;OW18 1P;;;16645872;A;[D]0.081[E]0.081;;1;1
210615;OW18 2P;;;16645091;A;[D]0.081[E]0.488;;1;1
210615;OW19 1P;;;15596792;A;[B]0.163[C]0.081[AN]0.488;;1;1
210615;OW19 2P;;;14807792;A;[D]0.163[C]0.488[L]1.464;;1;1
210615;OW2 1P;;;15663101;A;[AN]0.814;;1;1
210615;OW2 2P;;;14089212;A;[L]0.407[AN]2.197;;1;1
210615;OW20 1P;;;15990782;A;[C]0.163[AN]0.081;;1;1
210615;OW20 2P;;;14284281;A;[B]0.163[T]1.302[I]0.081;;1;1
210615;OW21 1P;;;16252667;A;[B]0.081[T]0.163;;1;1
210615;OW21 2P;;;15727353;A;[L]0.732[AN]0.325;;1;1
210615;OW22 1P;;;16055802;A;[L]0.325[AN]0.163;;1;1
210615;OW22 2P;;;15267062;A;[T]0.244[L]1.22[RN]0.081;;1;1
210615;OW23 1P;;;16120822;A;[D]0.081[L]0.732;;1;1
210615;OW23 2P;;;15528945;A;[B]0.325[F]0.081[AN]0.244;;1;1
210615;OW24 1P;;;15791342;A;[D]0.244[C]0.163[I]0.244;;1;1
210615;OW24 2P;;;15527655;A;[B]0.488[L]0.651[AN]0.081;;1;1
210615;OW25 1P;;;14612219;A;[T]0.488[I]0.244[AN]0.488;;1;1
210615;OW25 2P;;;14021628;A;[B]0.081[F]0.081[C]1.627;;1;1
210615;OW26 1P;;;15268347;A;[I]0.163[AN]0.732[RN]0.081;;1;1
210615;OW26 2P;;;14808314;A;[T]0.732[L]0.569[RN]0.163;;1;1
210615;OW27 1P;;;15989754;A;[L]0.244[AN]0.325[RN]0.163;;1;1
210615;OW27 2P;;;15266808;A;[T]0.163[F]0.081[L]0.976;;1;1
210615;OW28 1P;;;16185849;A;[L]0.651[RN]0.081;;1;1
210615;OW28 2P;;;15462388;A;[B]0.325[T]0.407[RN]0.651;;1;1
210615;OW29 1P;;;16251384;A;[E]0.081[I]0.163[RN]0.081;;1;1
210615;OW29 2P;;;15855598;A;[E]0.244[I]0.325[RN]0.244;;1;1
210615;OW3 1P;;;15204080;A;[D]0.325[C]0.407[AN]0.569;;1;1
210615;OW3 2P;;;14351080;A;[B]0.163[D]0.407[AN]2.034;;1;1
210615;OW30 1P;;;16118763;A;[B]0.407[V]0.081[E]0.081;;1;1
210615;OW30 2P;;;16117734;A;[V]0.244[E]0.569[I]0.244;;1;1
210615;OW31 1P;;;15138558;A;[T]0.488[AN]0.325;;1;1
210615;OW31 2P;;;14219775;A;[T]0.895[C]0.488;;1;1
210615;OW32 1P;;;15268347;A;[C]0.569[L]0.488;;1;1
210615;OW32 2P;;;14479865;A;[I]0.407[AN]1.302[RN]0.163;;1;1
210615;OW33 1P;;;15267836;A;[L]0.244[AN]0.814[RN]0.325;;1;1
210615;OW33 2P;;;14412273;A;[L]1.79[AN]0.976[RN]0.569;;1;1
210615;OW34 1P;;;15135479;A;[C]0.407[L]0.895[RN]0.163;;1;1
210615;OW34 2P;;;15331832;A;[B]0.163[T]0.244[F]0.163;;1;1
210615;OW35 1P;;;16317434;A;[L]0.163[AN]0.081[RN]0.163;;1;1
210615;OW35 2P;;;15527150;A;[V]0.163[E]0.244[I]0.569;;1;1
210615;OW36 1P;;;16382962;A;[B]0.325[AN]0.081;;1;1
210615;OW36 2P;;;16381162;A;[V]0.244[E]0.407[L]0.488;;1;1
210615;OW37 1P;;;15007486;A;[T]0.407[AN]0.488;;1;1
210615;OW37 2P;;;14023423;A;[AN]2.359[RN]0.244;;1;1
210615;OW38 1P;;;15465469;A;[C]0.407[I]0.081[AN]0.081;;1;1
210615;OW38 2P;;;15005438;A;[C]0.732[I]0.081[RN]0.244;;1;1
210615;OW39 1P;;;15201787;A;[F]0.081[C]0.407[I]0.081;;1;1
210615;OW39 2P;;;14806779;A;[L]0.325[AN]0.976[RN]1.139;;1;1
210615;OW4 1P;;;15399397;A;[D]0.569[T]0.407[I]0.081;;1;1
210615;OW4 2P;;;14938582;A;[B]0.325[D]1.139[T]0.488;;1;1
210615;OW40 1P;;;16119805;A;[AN]0.244[RN]0.569;;1;1
210615;OW40 2P;;;15660026;A;[B]0.081[F]0.163[RN]0.163;;1;1
210615;OW41 1P;;;16317694;A;[AN]0.081[RN]0.244;;1;1
210615;OW41 2P;;;15922937;A;[I]0.325;;1;1
210615;OW42 1P;;;16579817;A;[B]0.163[D]0.325;;1;1
210615;OW42 2P;;;16051417;A;[E]1.22[L]0.814[RN]0.325;;1;1
210615;OW5 1P;;;16383979;A;[D]0.407[C]0.081;;1;1
210615;OW5 2P;;;16317661;A;[D]0.488[E]0.163;;1;1
210615;OW6 1P;;;16448734;A;[D]0.569[E]0.163[L]0.081;;1;1
210615;OW6 2P;;;15724756;A;[B]0.569[D]0.895[AN]0.163;;1;1
210615;OW7 1P;;;14351097;A;[B]0.163[AN]1.953[RN]0.081;;1;1
210615;OW7 2P;;;13826553;A;[D]0.081[I]0.163[AN]2.685;;1;1
210615;OW8 1P;;;14809838;A;[D]0.325[I]0.163[AN]1.139;;1;1
210615;OW8 2P;;;14283493;A;[D]0.651[I]0.325[AN]1.546;;1;1
210615;OW9 1P;;;14939878;A;[B]0.244[D]0.407[AN]1.058;;1;1
210615;OW9 2P;;;14676699;A;[D]0.976[L]1.22[AN]0.814;;1;1
