2309011838;[Default];U2-1 Олеколор ВДК Моющаяся вес Spirit 1050;;;;;[lt]1.44;1;1
230825;1-10-1;;;13625580;A;[L]0.325[AN]1.139[RN]0.081;;1;1
230825;1-10-2;;;11264497;A;[C]1.627[AN]3.336;;1;1
230825;1-10-3;;;9689079;A;[C]0.081[T]7.891[L]0.325;;1;1
230825;1-10-4;;;8179448;A;[T]10.576[AN]4.23[F]0.081;;1;1
230825;1-10-5;;;6473207;C;[KX]75.1963077[T]11.1138462[AN]31.3403077[RN]1.30215385;;1;1
230825;1-10-6;;;3585008;C;[KX]31.04[T]25.6332308[AN]61.3784615[F]0.50092308;;1;1
230825;1-10-7;;;2073321;C;[KX]9.01169231[T]31.6406154[AN]80.2030769[F]1.10153846;;1;1
230825;1-1-1;;;14672879;A;[C]0.081[RN]0.325[F]0.081;;1;1
230825;1-11-1;;;13560043;A;[B]0.081[C]0.325[AN]0.895;;1;1
230825;1-11-2;;;11658482;A;[C]1.22[L]0.081[AN]3.498;;1;1
230825;1-11-3;;;9296373;A;[C]1.953[T]2.522[AN]8.542;;1;1
230825;1-11-4;;;6540534;A;[B]0.163[T]16.84[AN]19.769;;1;1
230825;1-11-5;;;6474229;C;[KX]68.7876923[T]5.40676923[AN]43.3550769[RN]1.50153846;;1;1
230825;1-11-6;;;3847923;C;[KX]34.144[T]25.9335385[AN]55.3710769[F]0.50092308;;1;1
230825;1-11-7;;;1549289;C;[KX]5.808[T]38.0492308[AN]76.7987692[F]0.80123077;;1;1
230825;1-1-2;;;13291244;A;[T]0.407[I]0.325[RN]2.359;;1;1
230825;1-12-1;;;13692141;A;[B]0.081[C]0.081[AN]1.22;;1;1
230825;1-12-2;;;11528182;A;[T]1.546[AN]2.685;;1;1
230825;1-12-3;;;9757433;A;[T]3.336[AN]7.891;;1;1
230825;1-12-4;;;7394551;A;[T]8.705[L]0.325[AN]20.42;;1;1
230825;1-12-5;;;6802927;C;[KX]69.6898462[T]7.51015385[I]0.50092308[AN]34.7446154;;1;1
230825;1-12-6;;;2082037;C;[T]3.00430769[AN]49.4633846[RN]0.30030769;;1;1
230825;1-12-7;;;504561;C;[KX]2.50338462[T]42.4541538[L]1.20123077[AN]76.3975385;;1;1
230825;1-1-3;;;11187179;A;[C]2.522[L]0.163[RN]10.332;;1;1
230825;1-1-4;;;9344231;A;[T]5.288[RN]28.474;;1;1
230825;1-1-5;;;7634914;C;[KX]55.4707692[T]12.416[RN]50.064;;1;1
230825;1-15-1;;;14281702;A;[C]0.488[D]0.163;;1;1
230825;1-15-2;;;12315369;A;[C]0.163[D]0.163[AN]3.091;;1;1
230825;1-15-4;;;10019820;A;[B]0.163[C]0.163[AN]11.471;;1;1
230825;1-15-5;;;7265770;C;[KX]69.3883077[C]0.60061538[D]0.30030769[AN]37.0473846;;1;1
230825;1-15-6;;;4837868;C;[KX]40.4516923[L]1.10153846[AN]67.4867692;;1;1
230825;1-15-7;;;4571614;C;[KX]27.4350769[T]2.00246154[L]3.104[AN]62.08;;1;1
230825;1-1-6;;;5856975;C;[KX]20.8270769[T]11.8153846[RN]82.0049231;;1;1
230825;1-16-1;;;13954537;A;[D]0.081[AN]0.976;;1;1
230825;1-16-2;;;13430244;A;[D]0.244[AN]1.708;;1;1
230825;1-16-3;;;11921892;A;[D]0.244[AN]4.149;;1;1
230825;1-16-4;;;9954534;A;[L]0.081[D]0.325[AN]11.796;;1;1
230825;1-16-5;;;7067355;C;[KX]53.9692308[T]3.104[D]0.90092308[AN]30.3384615;;1;1
230825;1-16-6;;;3326925;C;[KX]15.52[T]7.70953846[D]1.60246154[AN]64.6830769;;1;1
230825;1-16-7;;;1947325;C;[KX]2.50338462[T]13.6172308[D]2.60307692[AN]82.8061538;;1;1
230825;1-17-1;;;14872810;A;[T]0.081[D]0.081[AN]0.163;;1;1
230825;1-17-2;;;13626856;A;[C]0.081[D]0.163[AN]1.302;;1;1
230825;1-17-3;;;12249565;A;[D]0.488[AN]3.254;;1;1
230825;1-17-4;;;10084818;A;[C]0.163[D]1.302[AN]10.495;;1;1
230825;1-17-5;;;7328196;C;[KX]48.6621538[B]0.30030769[D]1.90276923[AN]29.7378462;;1;1
230825;1-17-6;;;4440753;C;[KX]18.1230769[C]1.00184615[D]3.40430769[AN]59.4756923;;1;1
230825;1-17-7;;;2600605;C;[C]4.00492308[D]6.208[AN]111.142154;;1;1
230825;1-19-1;;;13494489;A;[L]0.163[D]0.569[AN]1.22;;1;1
230825;1-19-2;;;12443857;A;[T]1.953[D]1.302;;1;1
230825;1-19-3;;;11395273;A;[C]0.244[D]1.79[AN]5.044;;1;1
230825;1-19-4;;;9558207;A;[B]0.163[D]2.929[AN]13.342;;1;1
230825;1-19-5;;;6406813;C;[KX]27.2344615[T]1.90276923[D]6.00738462[AN]27.6356923;;1;1
230825;1-19-6;;;4502928;C;[KX]13.9175385[C]1.30215385[D]8.31015385[AN]56.3716923;;1;1
230825;1-19-7;;;3188608;C;[T]4.70646154[D]11.2147692[AN]72.0923077;;1;1
230825;1-21-1;;;13560278;A;[C]0.163[D]0.814[AN]1.058;;1;1
230825;1-21-2;;;12706254;A;[I]0.163[D]1.22[AN]2.115;;1;1
230825;1-21-3;;;11657670;A;[C]0.163[D]2.034[AN]4.312;;1;1
230825;1-21-4;;;9754294;A;[C]0.732[D]4.474[AN]11.39;;1;1
230825;1-21-5;;;6930836;C;[KX]27.936[T]1.20123077[D]7.40923077[AN]23.2295385;;1;1
230825;1-21-6;;;4763261;C;[KX]12.416[C]1.60246154[D]13.0166154[AN]51.2652308;;1;1
230825;1-21-7;;;3775854;C;[T]6.70892308[D]16.0209231[AN]47.1606154;;1;1
230825;1-24-1;;;14345948;A;[L]0.651[D]0.407[AN]0.325;;1;1
230825;1-24-2;;;14150350;A;[D]1.302[AN]0.732;;1;1
230825;1-24-3;;;11853236;A;[L]0.163[D]4.23[AN]3.742;;1;1
230825;1-24-4;;;9882002;A;[C]1.464[D]14.4[AN]9.03;;1;1
230825;1-24-5;;;8107886;C;[KX]26.4344615[L]1.20123077[D]17.0215385[AN]12.7163077;;1;1
230825;1-24-6;;;6793304;C;[KX]17.8227692[I]0.30030769[D]27.0350769[AN]20.4258462;;1;1
230825;1-24-7;;;5543235;C;[KX]6.70892308[L]1.60246154[D]38.0492308[AN]24.4307692;;1;1
230825;1-26-1;;;15199968;A;[C]0.081[D]0.325;;1;1
230825;1-26-2;;;14411719;A;[C]0.163[D]1.627;;1;1
230825;1-26-3;;;13426600;A;[T]0.325[D]5.207;;1;1
230825;1-26-4;;;11782526;A;[B]0.488[T]0.407[D]17.654;;1;1
230825;1-26-5;;;10270811;C;[KX]24.2313846[C]1.10153846[D]17.9224615;;1;1
230825;1-26-6;;;9152315;C;[KX]22.2289231[C]1.10153846[L]0.30030769[D]34.6449231;;1;1
230825;1-26-7;;;8165666;C;[KX]11.4141538[C]0.80123077[L]0.30030769[D]42.2535385;;1;1
230825;1-28-1;;;15067101;A;[E]0.244[L]0.325[D]0.081;;1;1
230825;1-28-2;;;15066566;A;[E]0.651[D]0.895;;1;1
230825;1-28-3;;;14278305;A;[E]1.383[D]4.556;;1;1
230825;1-28-4;;;13356672;A;[E]4.637[D]10.413;;1;1
230825;1-28-5;;;11777349;C;[KX]72.192[E]14.5181538[D]30.8393846;;1;1
230825;1-28-6;;;10659109;C;[KX]55.5716923[E]19.9249231[D]41.9532308;;1;1
230825;1-28-7;;;9343245;C;[KX]35.3452308[E]29.9384615[D]52.6670769;;1;1
230825;1-30-1;;;15330524;A;[E]0.081[D]0.325;;1;1
230825;1-30-2;;;14672065;A;[E]0.814[L]0.325[D]1.058;;1;1
230825;1-30-3;;;14801311;A;[E]3.173[D]2.766;;1;1
230825;1-30-4;;;13813621;A;[E]9.6[D]8.298;;1;1
230825;1-30-5;;;13417821;C;[KX]90.0147692[E]17.4227692[D]11.8153846;;1;1
230825;1-30-6;;;11181879;C;[KX]60.1772308[B]0.50092308[E]31.8412308[D]24.832;;1;1
230825;1-30-7;;;10719502;C;[E]12.5156923[D]5.808;;1;1
230825;1-3-1;;;14739183;A;[C]0.081[AN]0.081[RN]0.325;;1;1
230825;1-3-2;;;13159660;A;[T]0.081[RN]1.464[F]0.325;;1;1
230825;1-32-1;;;15526872;A;[E]0.244[D]0.244;;1;1
230825;1-32-2;;;14999489;A;[B]0.081[E]1.139[D]0.569;;1;1
230825;1-32-3;;;14865309;A;[E]4.719[D]1.546;;1;1
230825;1-32-4;;;14467960;A;[E]13.505[D]3.661;;1;1
230825;1-32-5;;;13149761;C;[KX]68.8886154[E]40.8529231[D]8.31015385;;1;1
230825;1-32-7;;;10650637;C;[KX]30.7396923[E]66.2843077[D]16.6215385;;1;1
230825;1-3-3;;;10662895;A;[T]3.661[RN]8.624;;1;1
230825;1-33-1;;;15395027;A;[E]0.488[L]0.081[D]0.244;;1;1
230825;1-33-2;;;14998457;A;[E]1.871[L]0.081[D]0.569;;1;1
230825;1-33-3;;;15324062;A;[E]5.451[D]0.732;;1;1
230825;1-33-4;;;14730632;A;[E]10.495[D]1.302;;1;1
230825;1-33-5;;;13807698;C;[KX]80.0024615[E]32.5415385[D]5.70707692;;1;1
230825;1-3-4;;;8624618;A;[T]9.681[RN]21.884;;1;1
230825;1-34-1;;;15328978;A;[E]0.569[L]0.081[D]0.163;;1;1
230825;1-34-2;;;14866363;A;[E]2.278[L]0.488;;1;1
230825;1-34-3;;;14863264;A;[B]0.081[E]6.02[I]0.081;;1;1
230825;1-34-4;;;14267508;A;[E]19.2[L]0.407;;1;1
230825;1-34-5;;;13146182;C;[KX]40.1513846[B]0.30030769[V]0.60061538[E]35.0449231;;1;1
230825;1-34-6;;;12618539;C;[KX]26.9341538[E]47.1606154;;1;1
230825;1-34-7;;;10974216;C;[KX]8.61046154[E]55.0707692[D]1.20123077;;1;1
230825;1-3-5;;;7047394;C;[KX]62.1796923[T]22.8295385[RN]34.8443077;;1;1
230825;1-3-6;;;4022224;C;[KX]10.7138462[T]37.5483077[RN]60.3778462;;1;1
230825;1-36-1;;;15328986;A;[E]0.407[L]0.163[RN]0.081;;1;1
230825;1-36-2;;;14800065;A;[B]0.244[E]1.871[RN]0.488;;1;1
230825;1-36-3;;;14663583;A;[V]1.871[E]6.915;;1;1
230825;1-36-4;;;13542272;A;[V]6.264[E]18.711;;1;1
230825;1-36-5;;;12552282;C;[KX]57.1729231[V]11.2147692[E]37.648;;1;1
230825;1-38-1;;;14997708;A;[B]0.163[V]0.569[E]1.058;;1;1
230825;1-38-2;;;15258565;A;[V]0.976[E]1.708;;1;1
230825;1-38-3;;;14333603;A;[V]3.742[E]6.264;;1;1
230825;1-40-1;;;15392985;A;[V]0.488[E]0.488;;1;1
230825;1-40-2;;;14862787;A;[V]2.197[E]1.871;;1;1
230825;1-40-3;;;14268851;A;[V]4.474[E]3.58;;1;1
230825;1-42-1;;;14867678;A;[B]0.244[V]0.651[E]0.163;;1;1
230825;1-42-2;;;14865364;A;[V]1.383[E]0.651[L]0.081;;1;1
230825;1-42-3;;;14531785;A;[V]5.207[E]1.627;;1;1
230825;1-43-1;;;15131876;A;[V]0.244[E]0.163[I]0.081;;1;1
230825;1-43-2;;;14930903;A;[V]1.383[E]0.569[RN]0.081;;1;1
230825;1-43-3;;;14006215;A;[V]5.776[E]1.383;;1;1
230825;1-45-1;;;15462126;A;[V]0.081[L]0.081;;1;1
230825;1-45-2;;;15130343;A;[V]0.569[E]0.081[RN]0.163;;1;1
230825;1-45-3;;;14402778;A;[V]3.498[E]0.325;;1;1
230825;1-45-4;;;13610455;A;[V]10.169[E]0.325;;1;1
230825;1-45-5;;;12225995;C;[KX]79.9027692[V]31.5409231[E]0.30030769;;1;1
230825;1-47-1;;;14868965;A;[E]0.163[I]0.081[RN]0.488;;1;1
230825;1-47-2;;;15132140;A;[V]0.163[L]0.081[RN]0.244;;1;1
230825;1-47-3;;;14010083;A;[V]2.929[L]0.081[F]0.081;;1;1
230825;1-47-4;;;12954074;A;[V]10.495[F]0.081;;1;1
230825;1-47-5;;;10385859;C;[KX]61.7796923[V]38.5489231[L]1.50153846[RN]7.51015385;;1;1
230825;1-47-6;;;9201073;C;[KX]38.5489231[V]61.6787692[E]0.50092308[F]0.30030769;;1;1
230825;1-47-7;;;7490207;C;[KX]10.9144615[V]71.5913846[E]0.50092308[L]0.30030769;;1;1
230825;1-48-1;;;15198444;A;[V]0.163[I]0.081;;1;1
230825;1-48-2;;;14671846;A;[V]0.407[L]0.651;;1;1
230825;1-48-3;;;12760288;A;[V]5.125[RN]1.302[F]0.325;;1;1
230825;1-48-4;;;11771864;A;[V]9.274[L]1.546[RN]6.834;;1;1
230825;1-48-5;;;9993418;C;[KX]69.1889231[V]33.0424615[RN]14.2178462[F]0.90092308;;1;1
230825;1-48-6;;;8676798;C;[KX]44.1563077[V]47.0596923[I]0.30030769[RN]27.4350769;;1;1
230825;1-48-7;;;6966700;C;[KX]18.1230769[V]62.88[E]0.30030769[RN]34.544;;1;1
230825;1-50-1;;;15329005;A;[V]0.325[L]0.081;;1;1
230825;1-50-2;;;14078956;A;[V]0.163[RN]1.464[F]0.081;;1;1
230825;1-50-3;;;12236778;A;[V]0.244[RN]6.183[F]0.325;;1;1
230825;1-50-4;;;10328285;A;[V]2.441[RN]17.41[F]1.139;;1;1
230825;1-50-5;;;8879319;C;[KX]63.1803077[C]1.50153846[L]0.20061538[RN]53.8695385;;1;1
230825;1-50-6;;;7825869;C;[KX]41.8535385[V]1.10153846[L]0.50092308[RN]73.4941538;;1;1
230825;1-50-7;;;6773433;C;[KX]18.4233846[B]0.50092308[V]4.70646154[RN]70.7901538;;1;1
230825;1-5-1;;;14739434;A;[C]0.081[L]0.325[RN]0.163;;1;1
230825;1-5-2;;;12899310;A;[T]0.814[RN]0.814[F]0.244;;1;1
230825;1-5-3;;;11716847;A;[T]2.359[AN]0.081[RN]3.173;;1;1
230825;1-5-4;;;10270190;A;[T]5.451[RN]7.647;;1;1
230825;1-5-5;;;8102636;C;[KX]82.8061538[T]18.7236923[RN]16.5206154;;1;1
230825;1-5-6;;;5669095;C;[KX]41.3526154[T]35.0449231[RN]36.9476923;;1;1
230825;1-5-7;;;4616664;C;[KX]27.1347692[T]46.56[RN]45.2578462;;1;1
230825;1-7-1;;;14149616;A;[AN]0.569[RN]0.081[F]0.081;;1;1
230825;1-7-2;;;12572651;A;[B]0.081[C]1.627[RN]0.814;;1;1
230825;1-7-3;;;10995956;A;[T]3.742[RN]2.603;;1;1
230825;1-7-4;;;9484786;A;[T]8.298[RN]5.369;;1;1
230825;1-7-5;;;6793201;C;[KX]74.6953846[T]34.6449231[RN]10.3126154;;1;1
230825;1-7-6;;;3377383;C;[KX]19.4252308[T]62.3803077[AN]17.6221538[RN]15.8203077;;1;1
230825;1-7-7;;;2389979;C;[T]40.752[AN]57.4732308[RN]23.2295385;;1;1
230825;1-8-1;;;13952752;A;[C]0.651[I]0.081[RN]0.081;;1;1
230825;1-8-2;;;12902641;A;[T]1.302[L]0.163[F]0.081;;1;1
230825;1-8-3;;;10867443;A;[T]4.149[RN]0.163[F]0.244;;1;1
230825;1-8-4;;;9159408;A;[T]2.034[AN]12.529[RN]4.068;;1;1
230825;1-8-5;;;6992368;C;[KX]80.0024615[C]4.80615385[T]29.7378462[RN]5.50646154;;1;1
230825;1-8-6;;;3841262;C;[KX]31.8412308[C]4.30523077[T]62.9809231[RN]6.00738462;;1;1
230825;1-8-7;;;2132704;C;[KX]5.10646154[T]76.7987692[RN]1.70215385[F]1.60246154;;1;1
230825;2-15-1;;;14086128;A;[T]0.163[AN]0.651;;1;1
230825;2-15-2;;;13035753;A;[I]0.081[D]0.081[AN]1.871;;1;1
230825;2-15-3;;;11396077;A;[C]0.407[L]0.407[AN]4.637;;1;1
230825;2-15-4;;;10280936;A;[C]1.546[D]0.244[AN]7.159;;1;1
230825;2-15-5;;;7588569;C;[KX]46.2596923[B]0.70030769[I]0.4[AN]24.6313846;;1;1
230825;2-15-6;;;5158860;C;[KX]27.6356923[B]1.50153846[C]4.40615385[AN]50.4652308;;1;1
230825;2-15-7;;;2268611;C;[KX]5.40676923[B]2.40369231[T]35.6455385[AN]59.8769231;;1;1
230825;2-18-1;;;13888225;A;[C]0.325[D]0.325[AN]0.488;;1;1
230825;2-18-2;;;13232605;A;[C]0.163[D]0.488[AN]1.546;;1;1
230825;2-18-3;;;12509652;A;[L]0.895[D]0.814[AN]2.522;;1;1
230825;2-18-4;;;10474686;A;[C]2.197[D]3.498[AN]5.532;;1;1
230825;2-18-5;;;6995881;C;[KX]22.8295385[I]0.60061538[D]3.60492308[AN]20.6264615;;1;1
230825;2-18-6;;;4432782;C;[KX]2.60307692[C]7.81046154[D]6.90830769[AN]30.2387692;;1;1
230825;2-18-7;;;2921086;C;[T]38.4492308[D]14.7187692[AN]32.1415385;;1;1
230825;2-20-1;;;13430245;A;[D]0.163[AN]1.627;;1;1
230825;2-20-2;;;12509907;A;[C]0.651[D]0.976[AN]1.871;;1;1
230825;2-20-3;;;11721667;A;[T]1.79[D]2.522[AN]1.627;;1;1
230825;2-20-4;;;7519899;A;[C]4.8[D]12.773[AN]31.24;;1;1
230825;2-20-5;;;6533004;C;[KX]14.3187692[I]0.80123077[D]6.70892308[AN]19.4252308;;1;1
230825;2-20-6;;;5087613;C;[KX]3.80430769[C]6.30769231[D]10.2129231[AN]24.3310769;;1;1
230825;2-20-7;;;3246690;C;[T]28.7372308[D]31.1396923[AN]63.0806154;;1;1
230825;2-2-1;;;14936561;A;[T]0.081[AN]0.081[RN]0.325;;1;1
230825;2-21-1;;;13625821;A;[C]0.325[D]0.488[AN]0.814;;1;1
230825;2-21-2;;;13493973;A;[C]0.488[D]0.895[AN]0.569;;1;1
230825;2-21-3;;;12115397;A;[B]0.407[D]1.79[AN]3.417;;1;1
230825;2-21-4;;;9225892;A;[C]4.719[D]8.868[AN]8.542;;1;1
230825;2-21-5;;;6531970;C;[KX]12.2153846[C]4.80615385[D]9.01169231[AN]12.6166154;;1;1
230825;2-21-6;;;5282416;C;[KX]2.60307692[C]7.20984615[D]12.7163077[AN]17.2221538;;1;1
230825;2-21-7;;;3507541;C;[T]28.7372308[D]44.8578462[AN]45.3575385;;1;1
230825;2-2-2;;;12897505;A;[C]0.488[L]1.953[RN]1.708;;1;1
230825;2-2-3;;;12306659;A;[T]0.163[I]0.569[F]0.569;;1;1
230825;2-23-1;;;14412767;A;[L]0.163[D]0.325[AN]0.407;;1;1
230825;2-23-2;;;14084310;A;[I]0.081[D]0.732[AN]0.651;;1;1
230825;2-23-3;;;11786423;A;[C]1.464[D]3.824[AN]1.79;;1;1
230825;2-23-4;;;9487773;A;[C]4.23[D]10.657[AN]7.891;;1;1
230825;2-23-5;;;6924660;C;[KX]14.6190769[C]4.20553846[D]13.3169231[AN]12.1156923;;1;1
230825;2-23-6;;;5149019;C;[KX]0.30030769[C]6.50830769[D]20.0258462[AN]17.7230769;;1;1
230825;2-23-7;;;3374151;C;[T]22.8295385[D]54.2695385[AN]41.9532308;;1;1
230825;2-2-4;;;11252193;A;[B]0.081[RN]4.637[F]1.139;;1;1
230825;2-24-1;;;14018521;A;[C]0.569[D]0.651;;1;1
230825;2-24-2;;;14084310;A;[T]0.407[D]0.814;;1;1
230825;2-24-3;;;12113840;A;[B]0.081[T]1.708[D]4.963;;1;1
230825;2-24-4;;;9748876;A;[C]3.986[D]16.84[AN]5.207;;1;1
230825;2-24-5;;;7381349;C;[KX]10.3126154[B]1.80184615[D]13.0166154[AN]9.61230769;;1;1
230825;2-24-6;;;5475399;C;[KX]2.20307692[C]4.60553846[D]34.0430769[AN]16.0209231;;1;1
230825;2-2-5;;;7963090;C;[KX]55.0707692[C]9.61230769[L]0.60061538[RN]42.6547692;;1;1
230825;2-25-1;;;14477783;A;[C]0.163[D]0.651[AN]0.163;;1;1
230825;2-25-2;;;14477520;A;[C]0.081[T]0.163[D]1.139;;1;1
230825;2-25-3;;;12309935;A;[T]1.22[L]0.732[D]4.637;;1;1
230825;2-25-4;;;10337927;A;[C]4.719[I]0.163[D]17.084;;1;1
230825;2-25-5;;;8364120;C;[KX]13.8178462[T]2.40369231[L]2.704[D]18.624;;1;1
230825;2-25-6;;;6457654;C;[KX]2.80369231[C]4.10584615[D]40.4516923[AN]4.00492308;;1;1
230825;2-25-7;;;5273630;C;[B]0.90092308[D]71.5913846[AN]12.816;;1;1
230825;2-2-6;;;6580683;C;[KX]38.9501538[T]9.312[RN]69.4892308[F]1.30215385;;1;1
230825;2-2-7;;;5067689;C;[KX]7.20984615[C]10.5132308[L]5.00676923[RN]83.2061538;;1;1
230825;2-27-1;;;14935248;A;[B]0.163[E]0.325[D]0.407;;1;1
230825;2-27-2;;;14870216;A;[E]0.325[L]0.163[D]1.139;;1;1
230825;2-27-3;;;13160866;A;[B]0.976[E]0.163[D]5.613;;1;1
230825;2-27-4;;;11911542;A;[B]0.976[E]2.359[D]17.41;;1;1
230825;2-27-5;;;9412923;C;[KX]35.1446154[B]2.00246154[E]2.50338462[D]42.8553846;;1;1
230825;2-27-6;;;8227874;C;[KX]31.04[B]3.20369231[E]10.5132308[D]72.7926154;;1;1
230825;2-27-7;;;7042310;C;[E]17.3218462[I]0.30030769[D]44.0566154;;1;1
230825;2-29-1;;;15330008;A;[E]0.244[L]0.081[D]0.325;;1;1
230825;2-29-2;;;15066575;A;[B]0.081[E]0.407[D]0.488;;1;1
230825;2-29-3;;;14144672;A;[B]0.163[E]2.522[D]3.173;;1;1
230825;2-29-4;;;12828018;A;[B]0.244[E]9.356[D]9.925;;1;1
230825;2-29-5;;;10788162;C;[KX]20.2264615[E]12.2153846[I]0.4[D]11.7144615;;1;1
230825;2-29-6;;;9735197;C;[KX]39.1495385[E]42.5550769[L]1.80184615[D]37.9483077;;1;1
230825;2-29-7;;;8222976;C;[E]24.832[D]22.0283077;;1;1
230825;2-32-1;;;14474447;A;[B]0.651[E]0.325[D]0.325;;1;1
230825;2-32-2;;;14735286;A;[B]0.244[E]2.197[D]0.651;;1;1
230825;2-32-3;;;14207639;A;[B]0.244[E]5.776[D]2.034;;1;1
230825;2-32-4;;;13547119;A;[B]0.163[E]17.084[D]4.474;;1;1
230825;2-32-5;;;11835206;C;[KX]62.88[B]2.50338462[E]44.4566154[D]8.41107692;;1;1
230825;2-32-6;;;9927192;C;[KX]18.624[B]0.70030769[E]62.7803077[D]14.4184615;;1;1
230825;2-32-7;;;9006080;C;[E]48.1612308[D]9.01169231;;1;1
230825;2-37-1;;;15195858;A;[V]0.325[E]0.732[L]0.081;;1;1
230825;2-37-2;;;14602951;A;[B]0.163[E]1.464[RN]0.814;;1;1
230825;2-37-3;;;14006432;A;[V]1.383[E]6.346[RN]1.464;;1;1
230825;2-37-4;;;12818557;A;[V]11.146[E]19.118;;1;1
230825;2-37-5;;;10776661;C;[KX]39.2504615[V]29.0375385[E]42.4541538;;1;1
230825;2-39-1;;;15263457;A;[E]0.244[L]0.081[RN]0.244;;1;1
230825;2-39-2;;;14931918;A;[B]0.163[V]0.732[E]0.895;;1;1
230825;2-39-3;;;13874604;A;[B]0.325[V]4.556[E]4.963;;1;1
230825;2-39-4;;;12227212;A;[V]14.562[E]15.457[RN]2.685;;1;1
230825;2-39-5;;;10776425;C;[KX]4.10584615[V]11.9150769[E]9.01169231;;1;1
230825;2-4-1;;;14346480;A;[AN]0.488[RN]0.325;;1;1
230825;2-41-1;;;14998748;A;[B]0.244[V]0.569[E]0.244;;1;1
230825;2-41-2;;;14537169;A;[V]1.383[E]0.814[L]0.651;;1;1
230825;2-41-3;;;13809076;A;[B]0.244[V]5.369[E]3.254;;1;1
230825;2-41-4;;;12620702;A;[V]19.606[E]9.112;;1;1
230825;2-41-5;;;10645628;C;[KX]52.8676923[V]47.2603077[E]17.8227692;;1;1
230825;2-4-2;;;13490669;A;[T]0.569[I]0.163[RN]0.895;;1;1
230825;2-4-3;;;11978212;A;[C]0.325[I]0.407[F]0.732;;1;1
230825;2-43-1;;;14997986;A;[V]0.732[E]0.163[RN]0.325;;1;1
230825;2-43-2;;;14272725;A;[V]2.522[E]0.407[L]0.569;;1;1
230825;2-43-3;;;13611978;A;[V]6.996[E]1.058[L]0.163;;1;1
230825;2-43-4;;;12557237;A;[V]15.62[E]2.847;;1;1
230825;2-43-5;;;11437228;C;[KX]24.6313846[V]17.0215385[E]1.40184615;;1;1
230825;2-43-6;;;9001612;C;[KX]30.2387692[V]70.7901538[E]5.40676923;;1;1
230825;2-4-4;;;9677284;A;[B]0.081[C]6.915[RN]11.715;;1;1
230825;2-44-1;;;15327464;A;[V]0.651[E]0.081[RN]0.081;;1;1
230825;2-44-2;;;14471900;A;[V]1.302[E]0.244[I]0.163;;1;1
230825;2-44-3;;;13941459;A;[V]4.963[E]0.488[L]0.244;;1;1
230825;2-44-4;;;12229051;A;[B]0.814[V]16.515[E]1.464;;1;1
230825;2-44-5;;;10384546;C;[KX]22.8295385[V]25.7329231[E]2.00246154[L]0.60061538;;1;1
230825;2-44-6;;;8476301;C;[KX]23.1298462[B]0.30030769[V]72.4923077[E]3.80430769;;1;1
230825;2-4-5;;;7046352;C;[KX]39.5507692[C]17.7230769[RN]24.6313846[F]0.70030769;;1;1
230825;2-4-6;;;4609710;C;[KX]3.30461538[C]25.8326154[I]1.00184615[RN]76.5981538;;1;1
230825;2-46-1;;;14999787;A;[V]0.488[I]0.081;;1;1
230825;2-46-2;;;14406625;A;[B]0.081[V]1.302[L]0.569;;1;1
230825;2-46-3;;;12693458;A;[B]0.081[V]7.078[L]2.522;;1;1
230825;2-46-4;;;11310530;A;[B]2.034[V]12.203[RN]7.403;;1;1
230825;2-46-5;;;9203108;C;[KX]21.2270769[B]1.20123077[V]28.2363077[I]1.40184615;;1;1
230825;2-46-6;;;7229078;C;[KX]11.7144615[V]71.5913846[E]1.40184615[F]0.70030769;;1;1
230825;2-4-7;;;3098786;C;[T]33.5433846[RN]73.4941538[F]10.4135385;;1;1
230825;2-6-1;;;14412527;A;[C]0.081[T]0.244[I]0.081;;1;1
230825;2-6-2;;;13426412;A;[T]0.651[I]0.244[RN]0.244;;1;1
230825;2-6-3;;;10863079;A;[C]2.766[RN]0.081[F]0.895;;1;1
230825;2-6-4;;;9153762;A;[T]5.532[RN]1.627[F]2.034;;1;1
230825;2-6-5;;;7181270;C;[KX]41.1532308[C]20.1255385[RN]12.5156923[F]0.50092308;;1;1
230825;2-6-6;;;5669328;C;[KX]38.9501538[T]28.7372308[RN]14.7187692[F]3.504;;1;1
230825;2-6-7;;;4157632;C;[KX]18.0233846[T]51.3661538[L]6.80861538[RN]33.9433846;;1;1
230825;2-8-1;;;13821937;A;[C]0.651[AN]0.081[RN]0.081;;1;1
230825;2-8-2;;;10602984;A;[C]4.963[I]0.163[F]0.325;;1;1
230825;2-8-3;;;8763616;A;[C]12.773[I]0.814[F]0.488;;1;1
230825;2-8-4;;;6924253;A;[C]13.505[AN]19.444[F]2.522;;1;1
230825;2-8-5;;;5543124;C;[KX]32.8418462[C]16.5206154[T]18.1230769[F]2.60307692;;1;1
230825;2-8-6;;;4359115;C;[KX]20.1255385[T]39.4510769[I]0.60061538[F]4.10584615;;1;1
230825;2-8-7;;;3044541;C;[T]13.1163077[AN]59.376[F]6.80861538;;1;1
230825;2-9-1;;;14084332;A;[B]0.081[C]0.569[L]0.081;;1;1
230825;2-9-2;;;10538727;A;[C]5.695[L]1.22;;1;1
230825;2-9-3;;;8109026;A;[C]19.281[L]1.383;;1;1
230825;2-9-4;;;7188442;A;[B]0.569[AN]34.901[F]2.115;;1;1
230825;2-9-5;;;6005716;C;[KX]18.7236923[C]26.3335385[T]0.30030769[I]0.60061538;;1;1
230825;2-9-6;;;4626898;C;[KX]17.0215385[C]20.4258462[AN]37.648[F]1.50153846;;1;1
230825;2-9-7;;;2915775;C;[KX]2.90338462[B]1.10153846[T]60.2769231[F]2.80369231;;1;1
230825;3-1-1;;;14672617;A;[B]0.163[T]0.081[RN]0.569;;1;1
230825;3-11-1;;;13886697;A;[C]0.244[L]0.814[AN]0.407;;1;1
230825;3-11-2;;;12245476;A;[T]1.383[L]1.953[AN]0.569;;1;1
230825;3-11-3;;;11260896;A;[B]0.569[C]3.254[AN]1.139;;1;1
230825;3-11-4;;;9553112;A;[B]1.22[C]8.298[AN]1.871;;1;1
230825;3-11-5;;;7187658;C;[KX]24.0307692[B]1.30215385[C]10.4135385[T]4.20553846;;1;1
230825;3-11-6;;;4230321;C;[B]2.30276923[C]32.5415385[AN]14.4184615;;1;1
230825;3-11-7;;;3045794;C;[T]57.7735385[L]16.5206154[I]2.704;;1;1
230825;3-1-2;;;14606828;A;[I]0.081[AN]0.081[RN]0.569;;1;1
230825;3-12-1;;;13690344;A;[B]0.163[T]0.732;;1;1
230825;3-12-2;;;12245731;A;[B]0.407[T]2.034[RN]0.081;;1;1
230825;3-12-3;;;10079709;A;[B]0.732[C]4.474[AN]3.905;;1;1
230825;3-12-4;;;8241878;A;[C]3.661[L]6.02[AN]17.654;;1;1
230825;3-12-6;;;4888508;C;[KX]10.0123077[B]1.60246154[C]27.3353846[AN]12.2153846;;1;1
230825;3-12-7;;;3308189;C;[C]10.0123077[T]43.5556923[L]23.4301538;;1;1
230825;3-1-3;;;13224672;A;[L]1.871[I]0.081[RN]2.197;;1;1
230825;3-13-1;;;14019564;A;[B]0.081[AN]0.976[RN]0.081;;1;1
230825;3-13-2;;;11918308;A;[B]0.325[C]1.953[AN]1.302;;1;1
230825;3-13-3;;;11065057;A;[B]0.569[C]1.79[AN]3.742;;1;1
230825;3-13-4;;;9686751;A;[B]0.814[C]4.393[AN]7.403;;1;1
230825;3-13-5;;;7584462;C;[KX]27.4350769[B]1.10153846[C]5.70707692[AN]10.8135385;;1;1
230825;3-13-6;;;5022143;C;[KX]14.5181538[B]2.20307692[T]24.0307692[AN]1.60246154;;1;1
230825;3-13-7;;;2983587;C;[B]4.30523077[T]51.1655385[AN]0.30030769;;1;1
230825;3-1-4;;;10198472;A;[L]11.552[RN]15.051[F]0.081;;1;1
230825;3-14-1;;;13822953;A;[I]0.081[D]0.081[AN]1.139;;1;1
230825;3-14-2;;;12115678;A;[L]1.546[D]0.163[AN]3.091;;1;1
230825;3-14-3;;;10737630;A;[C]4.149[D]0.651[AN]2.115;;1;1
230825;3-14-4;;;10080733;A;[B]0.895[T]3.254[AN]5.207;;1;1
230825;3-14-5;;;7782351;C;[KX]29.7378462[B]1.00184615[C]3.504[AN]12.416;;1;1
230825;3-14-6;;;5415350;C;[KX]12.416[B]2.40369231[T]12.3163077[AN]11.4141538;;1;1
230825;3-14-7;;;3111829;C;[T]32.6412308[L]35.0449231[AN]51.0658462;;1;1
230825;3-1-5;;;7633075;C;[KX]20.7261538[L]7.91015385[RN]17.2221538[F]1.60246154;;1;1
230825;3-15-1;;;13953254;A;[L]0.407[D]0.081[AN]0.814;;1;1
230825;3-15-2;;;10868955;A;[C]3.498[D]0.814[AN]2.441;;1;1
230825;3-15-3;;;9096406;A;[C]8.217[D]1.22[AN]6.264;;1;1
230825;3-15-4;;;7978955;A;[B]2.685[C]3.091[AN]24.65;;1;1
230825;3-15-5;;;6534599;C;[KX]23.4301538[B]1.50153846[C]4.30523077[AN]20.0258462;;1;1
230825;3-15-6;;;5415087;C;[KX]10.3126154[B]2.90338462[C]6.40861538[AN]24.4307692;;1;1
230825;3-15-7;;;3178128;C;[B]8.71138462[T]42.4541538[AN]28.4369231;;1;1
230825;3-1-6;;;4804245;C;[L]10.8135385[RN]54.3692308[F]2.90338462;;1;1
230825;3-16-1;;;14347754;A;[C]0.244[D]0.081[AN]0.244;;1;1
230825;3-16-2;;;13298920;A;[T]0.163[D]0.163[AN]1.464;;1;1
230825;3-16-3;;;11459547;A;[C]2.603[D]0.814[AN]1.79;;1;1
230825;3-16-4;;;9095373;A;[C]8.379[D]2.034[AN]5.695;;1;1
230825;3-16-5;;;7847107;C;[KX]30.3384615[I]1.40184615[D]1.00184615[AN]16.1206154;;1;1
230825;3-16-6;;;5217446;C;[KX]11.8153846[B]4.00492308[C]5.10646154[AN]33.5433846;;1;1
230825;3-16-7;;;3113101;C;[B]10.5132308[T]27.0350769[AN]75.296;;1;1
230825;3-17-1;;;12642532;A;[L]0.244[D]0.244[AN]2.522;;1;1
230825;3-17-2;;;12640473;A;[C]1.627[D]0.732[AN]0.163;;1;1
230825;3-17-3;;;11589841;A;[C]2.766[D]1.383[AN]0.895;;1;1
230825;3-17-4;;;9094334;A;[C]6.996[T]4.474[D]4.149;;1;1
230825;3-17-5;;;7715256;C;[KX]22.0283077[C]8.00984615[D]2.20307692[AN]4.20553846;;1;1
230825;3-17-6;;;5349021;C;[KX]12.9169231[B]1.30215385[T]21.0264615[D]3.90523077;;1;1
230825;3-17-7;;;3308407;C;[B]4.50584615[T]53.4683077[D]10.3126154;;1;1
230825;3-18-1;;;14412773;A;[L]0.244[D]0.163[AN]0.407;;1;1
230825;3-18-2;;;12705750;A;[C]1.546[D]0.895[AN]0.163;;1;1
230825;3-18-3;;;11457740;A;[C]3.498[I]0.081[D]1.708;;1;1
230825;3-18-4;;;9224630;A;[C]10.413[D]5.288[AN]2.115;;1;1
230825;3-18-5;;;6596250;C;[KX]11.9150769[I]1.90276923[D]3.40430769[AN]16.2203077;;1;1
230825;3-18-6;;;4953995;C;[KX]0.4[C]13.6172308[D]6.608[AN]14.0184615;;1;1
230825;3-18-7;;;3308658;C;[B]3.504[T]56.5723077[D]14.7187692;;1;1
230825;3-20-1;;;14544611;A;[D]0.244[AN]0.488;;1;1
230825;3-20-2;;;14084060;A;[C]0.488[L]0.244[D]0.488;;1;1
230825;3-20-3;;;11522239;A;[B]0.244[C]3.336[D]3.173;;1;1
230825;3-20-4;;;10668724;A;[C]5.451[D]5.125[AN]0.732;;1;1
230825;3-20-5;;;8040598;C;[KX]17.8227692[C]7.51015385[D]5.90769231[AN]1.40184615;;1;1
230825;3-20-6;;;4885620;C;[C]18.1230769[D]14.0184615[AN]12.6166154;;1;1
230825;3-20-7;;;3438686;C;[B]3.00430769[T]53.168[D]29.9384615;;1;1
230825;3-22-1;;;14543844;A;[B]0.081[D]0.163[AN]0.407;;1;1
230825;3-22-2;;;14149080;A;[B]0.163[T]0.407[D]0.569;;1;1
230825;3-22-3;;;11981502;A;[C]2.197[I]0.325[D]3.091;;1;1
230825;3-22-4;;;10799024;A;[B]1.708[D]3.661[AN]6.02;;1;1
230825;3-22-5;;;8171152;C;[KX]17.4227692[L]5.30707692[D]4.90584615[AN]8.11076923;;1;1
230825;3-22-6;;;4818024;C;[KX]0.90092308[T]14.9193846[L]4.80615385[D]14.0184615;;1;1
230825;3-22-7;;;3502160;C;[B]2.704[T]57.9741538[D]52.768;;1;1
230825;3-24-1;;;13822422;A;[C]0.163[D]0.732[AN]0.732;;1;1
230825;3-24-2;;;13689811;A;[B]0.081[C]0.732[D]0.895;;1;1
230825;3-24-3;;;12244155;A;[B]0.325[C]1.79[D]3.01;;1;1
230825;3-24-4;;;10798501;A;[T]3.336[I]0.732[D]7.647;;1;1
230825;3-24-5;;;8365950;C;[KX]15.0190769[B]2.40369231[D]6.10830769[AN]6.608;;1;1
230825;3-24-6;;;5407313;C;[KX]0.30030769[C]13.9175385[D]30.3384615[AN]6.30769231;;1;1
230825;3-25-1;;;14544093;A;[T]0.081[D]0.407[AN]0.244;;1;1
230825;3-25-2;;;14148821;A;[B]0.244[D]0.488[AN]0.488;;1;1
230825;3-25-3;;;13557709;A;[C]0.569[I]0.163[D]1.302;;1;1
230825;3-25-4;;;11126692;A;[C]3.091[I]0.488[D]7.647;;1;1
230825;3-25-5;;;8299636;C;[KX]14.6190769[B]0.60061538[C]5.20615385[D]11.1138462;;1;1
230825;3-25-6;;;5340743;C;[C]6.80861538[T]5.90769231[D]33.0424615;;1;1
230825;3-26-1;;;14739933;A;[B]0.081[C]0.163[D]0.325;;1;1
230825;3-26-2;;;14345685;A;[I]0.163[D]0.732[AN]0.163;;1;1
230825;3-26-3;;;13425089;A;[B]0.732[D]1.708[AN]0.569;;1;1
230825;3-26-4;;;11256474;A;[B]1.383[C]2.359[D]9.03;;1;1
230825;3-26-5;;;8758380;C;[KX]13.9175385[B]1.10153846[C]3.104[D]11.5150769;;1;1
230825;3-26-6;;;5863483;C;[KX]1.10153846[T]4.40615385[I]1.60246154[D]38.1489231;;1;1
230825;3-30-1;;;15198937;A;[B]0.081[E]0.081[D]0.407;;1;1
230825;3-30-2;;;14605502;A;[B]0.244[E]0.895[D]1.139;;1;1
230825;3-30-3;;;13684134;A;[B]0.895[E]2.278[D]2.847;;1;1
230825;3-30-4;;;12170362;A;[B]2.115[E]9.356[D]9.112;;1;1
230825;3-30-5;;;9604166;C;[KX]53.7686154[B]8.21046154[E]24.9316923[D]31.04;;1;1
230825;3-30-6;;;8485159;C;[KX]20.6264615[B]4.90584615[E]37.0473846[D]33.8436923;;1;1
230825;3-30-7;;;6512384;C;[E]61.8793846[D]56.1723077;;1;1
230825;3-33-1;;;14934736;A;[B]0.244[E]0.407[D]0.325;;1;1
230825;3-33-2;;;14537914;A;[E]2.441[L]0.651[I]0.081;;1;1
230825;3-33-3;;;14010019;A;[B]1.22[E]4.637[D]0.488;;1;1
230825;3-33-4;;;13152905;A;[E]13.179[I]1.058[RN]0.081;;1;1
230825;3-33-5;;;11506522;C;[KX]67.3858462[E]42.6547692[I]3.30461538[D]0.30030769;;1;1
230825;3-33-6;;;9399335;C;[E]34.9452308[L]3.70461538;;1;1
230825;3-33-7;;;7361809;C;[B]1.50153846[E]103.832615[D]14.8184615;;1;1
230825;3-35-1;;;15198172;A;[E]0.325[L]0.244;;1;1
230825;3-35-2;;;15459022;A;[B]0.081[E]1.058;;1;1
230825;3-35-3;;;13812389;A;[B]1.383[E]4.637;;1;1
230825;3-35-4;;;12165239;A;[B]4.719[V]0.732[E]19.932;;1;1
230825;3-35-5;;;10189639;C;[KX]48.5624615[B]10.3126154[V]2.00246154[E]57.4732308;;1;1
230825;3-35-6;;;9333283;C;[KX]11.7144615[V]0.20061538[E]71.9926154[L]6.90830769;;1;1
230825;3-36-1;;;14342091;A;[E]1.139[L]0.976[RN]0.325;;1;1
230825;3-36-2;;;14603456;A;[B]0.488[E]1.708[RN]0.163;;1;1
230825;3-36-3;;;13482915;A;[B]1.464[E]5.369[RN]1.058;;1;1
230825;3-36-4;;;12032377;A;[B]1.627[E]23.186[RN]6.996;;1;1
230825;3-36-5;;;9399883;C;[KX]37.3476923[B]5.20615385[E]59.4756923[RN]17.0215385;;1;1
230825;3-36-6;;;8674355;C;[E]45.2578462[RN]7.51015385[B]0.30030769;;1;1
230825;3-39-1;;;14932942;A;[B]0.244[V]0.325[E]0.732;;1;1
230825;3-39-2;;;14338495;A;[V]0.325[E]2.522[RN]1.546;;1;1
230825;3-39-3;;;13087654;A;[B]0.651[E]5.939[RN]4.149;;1;1
230825;3-39-4;;;11702663;A;[V]4.393[E]19.932[RN]12.203;;1;1
230825;3-39-5;;;9398363;C;[KX]9.51261538[V]9.51261538[E]20.8270769[RN]8.71138462;;1;1
230825;3-39-6;;;8213063;C;[KX]7.91015385[V]42.1538462[E]42.4541538;;1;1
230825;3-4-1;;;14082796;A;[L]0.244[AN]0.569[RN]0.488;;1;1
230825;3-41-1;;;14998740;A;[V]0.163[E]0.732[RN]0.488;;1;1
230825;3-41-2;;;14010052;A;[B]0.976[V]1.464[E]1.058;;1;1
230825;3-41-3;;;13481908;A;[V]0.976[E]4.068[RN]3.336;;1;1
230825;3-41-4;;;12690592;A;[V]3.742[E]8.054[RN]5.695;;1;1
230825;3-41-5;;;10714493;C;[KX]8.51076923[B]1.10153846[V]8.21046154[E]4.80615385;;1;1
230825;3-41-6;;;8015957;C;[KX]15.3193846[V]68.3876923[E]32.2412308;;1;1
230825;3-4-2;;;12766945;A;[T]0.163[I]0.976[F]0.163;;1;1
230825;3-4-3;;;11320285;A;[C]0.244[I]0.976[F]1.058;;1;1
230825;3-43-1;;;15394532;A;[V]0.081[E]0.163[RN]0.163;;1;1
230825;3-43-2;;;14142158;A;[B]0.814[V]1.464[E]0.244;;1;1
230825;3-43-3;;;13285055;A;[B]1.302[V]4.637[E]1.139;;1;1
230825;3-43-4;;;11506338;A;[B]3.254[V]17.979[E]4.23;;1;1
230825;3-43-5;;;9333376;C;[KX]32.7421538[B]4.30523077[V]38.4492308[E]6.90830769;;1;1
230825;3-43-6;;;7819886;C;[V]29.3378462[E]5.90769231[L]0.50092308;;1;1
230825;3-4-4;;;9938640;A;[I]2.766[RN]0.814[F]1.871;;1;1
230825;3-44-1;;;14934242;A;[B]0.244[V]0.325[L]0.081;;1;1
230825;3-44-2;;;14669532;A;[V]0.976[E]0.325[I]0.163;;1;1
230825;3-44-3;;;13284292;A;[V]5.858[E]1.464[I]0.488;;1;1
230825;3-44-4;;;11506602;A;[B]3.498[V]16.922[E]2.115;;1;1
230825;3-44-5;;;8873867;C;[KX]10.8135385[B]3.00430769[V]23.8301538[E]0.90092308;;1;1
230825;3-44-6;;;7688818;C;[B]0.80123077[V]30.0381538[E]4.60553846;;1;1
230825;3-4-5;;;7374269;C;[KX]23.6307692[C]1.20123077[L]3.80430769[F]4.20553846;;1;1
230825;3-45-1;;;15000550;A;[B]0.081[V]0.325[L]0.244;;1;1
230825;3-45-2;;;13418959;A;[V]2.522[E]0.814[I]0.814;;1;1
230825;3-45-3;;;13417424;A;[V]4.149[E]0.651[I]0.569;;1;1
230825;3-45-4;;;11046825;A;[B]5.288[V]20.176[E]0.895;;1;1
230825;3-45-5;;;8808591;C;[KX]7.20984615[B]2.90338462[V]18.8246154[E]0.30030769;;1;1
230825;3-45-6;;;7360373;C;[KX]1.30215385[B]1.10153846[V]41.1532308[E]4.40615385;;1;1
230825;3-45-7;;;5847658;C;[B]0.30030769[V]76.7987692[E]4.60553846;;1;1
230825;3-4-6;;;4742041;C;[L]9.312[RN]6.30769231[F]6.30769231;;1;1
230825;3-4-7;;;3098504;C;[T]16.6215385[I]13.1163077[F]51.2652308;;1;1
230825;3-47-1;;;14670817;A;[V]0.651[E]0.081[L]0.651;;1;1
230825;3-47-2;;;14012126;A;[V]1.546[L]1.058[I]0.081;;1;1
230825;3-47-3;;;13089490;A;[B]0.325[V]4.312[L]2.034;;1;1
230825;3-47-4;;;10917300;A;[B]4.23[V]7.973[RN]8.135;;1;1
230825;3-47-5;;;7955349;C;[KX]11.3144615[V]27.8350769[E]1.30215385[I]3.30461538;;1;1
230825;3-47-6;;;6835844;C;[KX]5.10646154[V]53.7686154[E]2.60307692[I]3.00430769;;1;1
230825;3-48-1;;;14934250;A;[V]0.488[I]0.081[RN]0.081;;1;1
230825;3-48-2;;;13946335;A;[V]1.708[L]1.464;;1;1
230825;3-48-3;;;12563408;A;[V]5.044[E]0.325[I]1.22;;1;1
230825;3-48-4;;;10259642;A;[V]18.63[E]1.953[F]2.034;;1;1
230825;3-48-5;;;7496089;C;[KX]12.5156923[B]0.4[V]27.936[I]5.30707692;;1;1
230825;3-48-6;;;6113662;C;[B]3.60492308[V]47.1606154[F]0.90092308;;1;1
230825;3-50-1;;;14803688;A;[V]0.244[I]0.163;;1;1
230825;3-50-2;;;13224156;A;[V]1.464[L]0.895[I]0.569;;1;1
230825;3-50-3;;;12171478;A;[V]2.441[I]1.708[RN]0.976;;1;1
230825;3-50-4;;;9736892;A;[B]2.441[V]9.763[F]2.522;;1;1
230825;3-50-5;;;6907038;C;[KX]13.1163077[B]1.30215385[L]10.0123077[RN]33.5433846;;1;1
230825;3-50-6;;;5261708;C;[KX]1.20123077[B]3.40430769[RN]73.9950769;;1;1
230825;3-6-1;;;13951984;A;[T]0.488[RN]0.407;;1;1
230825;3-6-2;;;12307680;A;[C]1.22[L]2.278[RN]1.302;;1;1
230825;3-6-3;;;9874643;A;[C]1.79[L]3.905[F]2.034;;1;1
230825;3-6-4;;;8625868;A;[C]4.474[I]3.254[F]2.685;;1;1
230825;3-6-5;;;7178431;C;[KX]23.6307692[C]4.50584615[L]3.70461538[F]3.60492308;;1;1
230825;3-6-6;;;4549803;C;[KX]1.30215385[C]23.8301538[L]2.704[F]6.10830769;;1;1
230825;3-6-7;;;3235481;C;[L]17.8227692[AN]82.2055385[F]16.3212308;;1;1
230825;3-8-1;;;14610160;A;[T]0.244[AN]0.081;;1;1
230825;3-8-2;;;12637665;A;[B]0.488[C]1.302[F]0.163;;1;1
230825;3-8-3;;;9943508;A;[B]1.22[C]6.346[F]0.732;;1;1
230825;3-8-4;;;7117246;A;[B]4.556[T]20.176[F]2.847;;1;1
230825;3-8-5;;;5604790;C;[KX]9.01169231[C]18.9243077[I]3.40430769[F]0.90092308;;1;1
230825;3-8-6;;;4421804;C;[B]1.60246154[C]37.248[F]2.60307692;;1;1
230825;3-8-7;;;3042975;C;[T]49.1630769[L]18.7236923[F]2.704;;1;1
230825;3-9-1;;;14411754;A;[B]0.081[AN]0.407[RN]0.163;;1;1
230825;3-9-2;;;12770279;A;[C]1.22[L]0.814[I]0.163;;1;1
230825;3-9-3;;;9747408;A;[C]6.427[L]7.81;;1;1
230825;3-9-4;;;7185863;A;[B]2.847[C]30.589[F]0.651;;1;1
230825;3-9-5;;;5870781;C;[KX]14.2178462[B]0.50092308[C]24.0307692[I]2.20307692;;1;1
230825;3-9-6;;;4687539;C;[C]33.8436923[L]6.70892308[F]0.30030769;;1;1
230825;3-9-7;;;4751795;C;[B]1.10153846[C]28.7372308[F]1.40184615;;1;1
230825;4-10-1;;;14149868;A;[B]0.081[C]0.488[AN]0.081;;1;1
230825;4-10-2;;;12572125;A;[B]0.651[C]1.383[F]0.081;;1;1
230825;4-10-3;;;10862801;A;[B]1.546[C]3.58[F]0.407;;1;1
230825;4-10-4;;;8890815;A;[B]4.23[T]8.542[F]1.058;;1;1
230825;4-10-5;;;7180967;C;[KX]10.3126154[B]1.40184615[I]3.30461538[AN]8.11076923;;1;1
230825;4-10-6;;;5340570;C;[B]3.504[C]17.5224615[F]0.80123077;;1;1
230825;4-10-7;;;3301767;C;[B]10.5132308[T]66.4849231[F]7.20984615;;1;1
230825;4-11-1;;;13623781;A;[B]0.244[C]0.732[I]0.081;;1;1
230825;4-11-2;;;12177880;A;[B]0.651[T]1.546[L]1.546;;1;1
230825;4-11-3;;;10339025;A;[B]1.627[C]6.102[F]0.081;;1;1
230825;4-11-4;;;8892353;A;[B]3.58[C]12.122[I]0.651;;1;1
230825;4-11-5;;;7183535;C;[KX]25.232[B]3.504[C]16.1206154[I]0.30030769;;1;1
230825;4-11-6;;;5343138;C;[KX]2.00246154[B]3.104[C]21.728[I]0.30030769;;1;1
230825;4-11-7;;;3302786;C;[T]65.984[L]48.7618462[I]6.50830769;;1;1
230825;4-13-1;;;13167858;A;[T]0.488[AN]1.139;;1;1
230825;4-13-2;;;11916762;A;[B]0.814[C]1.383[AN]1.708;;1;1
230825;4-13-3;;;10668500;A;[B]1.546[T]4.719;;1;1
230825;4-13-4;;;8894406;A;[B]3.417[T]10.739;;1;1
230825;4-13-5;;;7316662;C;[KX]15.2196923[B]1.50153846[C]11.2147692[D]0.50092308;;1;1
230825;4-13-6;;;5541540;C;[C]14.8184615[I]1.50153846[D]1.70215385;;1;1
230825;4-13-7;;;3303809;C;[B]9.712[T]64.1821538[I]6.80861538;;1;1
230825;4-14-1;;;14085101;A;[L]0.081[I]0.081[AN]0.814;;1;1
230825;4-14-2;;;11983068;A;[C]2.603[I]0.244[D]0.488;;1;1
230825;4-14-3;;;10472403;A;[C]6.264[I]0.488[D]1.139;;1;1
230825;4-14-4;;;9026502;A;[C]12.203[I]1.058[D]2.359;;1;1
230825;4-14-5;;;7514550;C;[KX]15.4203077[B]1.10153846[C]9.91261538[D]0.90092308;;1;1
230825;4-14-6;;;6067877;C;[KX]6.40861538[B]1.70215385[C]15.52[D]1.40184615;;1;1
230825;4-14-7;;;3304833;C;[KX]0.30030769[B]9.91261538[T]49.1630769[I]3.60492308;;1;1
230825;4-15-1;;;14346987;A;[B]0.081[C]0.244[AN]0.244;;1;1
230825;4-15-2;;;12049117;A;[C]2.441[L]0.569[D]0.488;;1;1
230825;4-15-3;;;10603216;A;[B]0.651[C]5.695[D]0.976;;1;1
230825;4-15-4;;;9026757;A;[C]11.796[I]0.976[D]2.441;;1;1
230825;4-15-5;;;7382957;C;[KX]13.3169231[B]0.90092308[C]10.0123077[D]1.60246154;;1;1
230825;4-15-6;;;5936032;C;[KX]4.10584615[B]1.60246154[C]17.5224615[D]1.90276923;;1;1
230825;4-15-7;;;3501180;C;[B]11.2147692[T]62.7803077[L]16.0209231;;1;1
230825;4-17-1;;;13625314;A;[C]0.569[D]0.325[AN]0.407;;1;1
230825;4-17-2;;;12507345;A;[C]1.383[L]1.464[D]0.976;;1;1
230825;4-17-3;;;10865092;A;[C]4.23[I]0.651[D]2.441;;1;1
230825;4-17-4;;;8958635;A;[C]11.308[I]1.79[D]6.752;;1;1
230825;4-17-5;;;7644834;C;[KX]14.7187692[B]1.00184615[C]9.312[D]2.704;;1;1
230825;4-17-6;;;5803659;C;[KX]1.20123077[B]1.30215385[C]15.4203077[D]4.30523077;;1;1
230825;4-17-7;;;3171940;C;[T]81.2036923[I]13.0166154[D]27.6356923;;1;1
230825;4-19-1;;;14019554;A;[T]0.081[D]0.244[AN]0.651;;1;1
230825;4-19-2;;;12637645;A;[C]1.058[I]0.569[D]1.383;;1;1
230825;4-19-3;;;11061438;A;[B]0.895[C]4.068[D]2.685;;1;1
230825;4-19-4;;;9089702;A;[B]2.847[C]10.82[D]6.671;;1;1
230825;4-19-5;;;7445386;C;[KX]8.912[C]5.70707692[L]5.50646154[D]5.10646154;;1;1
230825;4-19-6;;;5736312;C;[I]6.10830769[D]11.3144615[AN]20.8270769;;1;1
230825;4-19-7;;;3564888;C;[B]15.4203077[T]53.7686154[D]21.4276923;;1;1
230825;4-20-1;;;14215650;A;[C]0.488[L]0.081[D]0.325;;1;1
230825;4-20-2;;;12769485;A;[C]1.058[L]1.464[D]1.139;;1;1
230825;4-20-3;;;11258045;A;[B]1.22[C]3.58[D]2.278;;1;1
230825;4-20-4;;;9220256;A;[B]3.498[C]10.169[D]8.054;;1;1
230825;4-20-5;;;7576198;C;[KX]7.00923077[B]2.00246154[C]6.30769231[D]5.00676923;;1;1
230825;4-20-6;;;5604209;C;[KX]0.30030769[C]14.9193846[I]1.40184615[D]11.7144615;;1;1
230825;4-20-7;;;3368018;C;[B]13.3169231[T]62.7803077[D]35.6455385;;1;1
230825;4-2-1;;;14081513;A;[C]0.163[I]0.325[RN]0.325;;1;1
230825;4-2-2;;;12370391;A;[L]3.661[I]0.163[RN]2.278;;1;1
230825;4-2-3;;;10791369;A;[B]0.488[I]3.661[RN]5.125;;1;1
230825;4-23-1;;;14280923;A;[L]0.325[D]0.407[AN]0.407;;1;1
230825;4-23-2;;;12965833;A;[B]0.569[C]0.976[D]1.22;;1;1
230825;4-23-3;;;11125683;A;[C]2.278[L]4.881[D]3.661;;1;1
230825;4-23-4;;;9285013;A;[C]6.102[L]12.04[D]11.064;;1;1
230825;4-23-5;;;7444097;C;[KX]6.608[L]9.51261538[D]4.40615385[AN]4.80615385;;1;1
230825;4-23-6;;;5602659;C;[B]2.50338462[C]15.8203077[D]15.3193846;;1;1
230825;4-23-7;;;3562047;C;[B]18.4233846[T]45.0572308[D]56.9735385;;1;1
230825;4-2-4;;;9541568;A;[L]15.051[RN]12.854[F]0.814;;1;1
230825;4-24-1;;;14083288;A;[B]0.081[C]0.407[D]0.488;;1;1
230825;4-24-2;;;12440257;A;[L]3.417[D]2.034[AN]1.058;;1;1
230825;4-24-3;;;11191216;A;[B]1.79[C]3.173[D]3.498;;1;1
230825;4-24-4;;;9416083;A;[B]3.905[C]7.81[D]11.146;;1;1
230825;4-24-5;;;7706491;C;[KX]7.40923077[C]4.10584615[I]1.50153846[D]7.60984615;;1;1
230825;4-24-6;;;5667934;C;[B]2.90338462[C]13.4166154[D]15.4203077;;1;1
230825;4-24-7;;;3563071;C;[B]14.6190769[T]42.6547692[D]61.7796923;;1;1
230825;4-2-5;;;7305135;C;[KX]20.3261538[L]8.21046154[RN]12.016[F]2.50338462;;1;1
230825;4-2-6;;;6382492;C;[KX]11.2147692[L]15.8203077[RN]29.5372308[F]1.30215385;;1;1
230825;4-26-1;;;14871521;A;[C]0.081[L]0.081[D]0.244;;1;1
230825;4-26-2;;;14083283;A;[C]0.325[L]0.488[D]0.732;;1;1
230825;4-26-3;;;11320740;A;[C]0.569[I]2.034[D]6.671;;1;1
230825;4-26-4;;;9939848;A;[B]5.451[C]3.824[D]12.935;;1;1
230825;4-26-5;;;7769447;C;[KX]3.80430769[B]3.00430769[C]2.704[D]7.81046154;;1;1
230825;4-26-6;;;5926979;C;[KX]0.30030769[B]5.60738462[C]6.00738462[D]27.7353846;;1;1
230825;4-27-1;;;14411223;A;[B]0.163[C]0.244[D]0.569;;1;1
230825;4-27-2;;;13423808;A;[B]0.569[L]1.302[D]1.627;;1;1
230825;4-27-3;;;11516829;A;[B]3.254[C]1.139[D]6.183;;1;1
230825;4-27-4;;;9938045;A;[B]8.298[D]16.515[AN]2.441;;1;1
230825;4-27-5;;;8293472;C;[KX]6.00738462[E]1.80184615[L]9.41169231[D]8.61046154;;1;1
230825;4-27-6;;;6517058;C;[B]3.00430769[L]8.41107692[D]21.6283077;;1;1
230825;4-29-1;;;15067611;A;[E]0.163[L]0.163[D]0.244;;1;1
230825;4-29-2;;;14212038;A;[E]0.732[L]1.058[D]0.732;;1;1
230825;4-29-3;;;12764575;A;[B]1.79[E]1.464[D]5.044;;1;1
230825;4-29-4;;;11053696;A;[B]6.183[E]3.905[D]11.552;;1;1
230825;4-29-5;;;9277020;C;[B]2.40369231[E]2.40369231[D]4.20553846;;1;1
230825;4-29-6;;;7106108;C;[KX]0.50092308[B]6.40861538[E]7.91015385[D]16.5206154;;1;1
230825;4-29-7;;;5198353;C;[B]6.40861538[E]41.8535385[D]73.4941538;;1;1
230825;4-30-1;;;15330271;A;[E]0.163[L]0.081[D]0.163;;1;1
230825;4-30-2;;;14277315;A;[B]0.569[E]0.488[D]0.976;;1;1
230825;4-30-3;;;12631965;A;[B]2.522[E]2.197[D]3.742;;1;1
230825;4-30-4;;;10986874;A;[B]6.671[E]7.159[D]10.983;;1;1
230825;4-30-5;;;9538907;C;[KX]49.0633846[B]11.0141538[E]11.0141538[D]17.9224615;;1;1
230825;4-30-6;;;7499577;C;[B]5.00676923[E]11.8153846[D]11.9150769;;1;1
230825;4-30-7;;;5527817;C;[B]3.00430769[E]44.0566154[D]76.5981538;;1;1
230825;4-33-1;;;14605775;A;[B]0.081[E]0.895[L]0.732;;1;1
230825;4-33-2;;;13683383;A;[B]0.814[E]2.441[L]1.383;;1;1
230825;4-33-3;;;13155485;A;[V]0.569[E]6.915[L]3.824;;1;1
230825;4-33-4;;;11510653;A;[E]18.711[L]10.82[RN]0.163;;1;1
230825;4-33-5;;;9930331;C;[KX]55.1704615[B]13.5175385[E]27.1347692[D]6.10830769;;1;1
230825;4-33-6;;;8153403;C;[KX]0.30030769[B]0.60061538[E]27.4350769[L]8.51076923;;1;1
230825;4-35-1;;;14802899;A;[V]0.081[E]0.732[L]0.569;;1;1
230825;4-35-2;;;14143940;A;[B]1.058[E]1.139[RN]0.081;;1;1
230825;4-35-3;;;12891549;A;[B]2.441[E]6.264[RN]1.058;;1;1
230825;4-35-4;;;11114878;A;[B]8.379[E]16.027[RN]1.871;;1;1
230825;4-35-5;;;9863004;C;[KX]51.7661538[B]14.0184615[V]3.40430769[E]31.7403077;;1;1
230825;4-35-6;;;8020028;C;[B]4.50584615[E]28.8369231[RN]3.90523077;;1;1
230825;4-37-1;;;15328215;A;[V]0.163[E]0.569[L]0.081;;1;1
230825;4-37-2;;;13748413;A;[B]1.383[E]1.546[RN]0.488;;1;1
230825;4-37-3;;;12562589;A;[B]2.603[E]6.264[RN]2.278;;1;1
230825;4-37-4;;;10981503;A;[B]4.963[E]18.793[RN]10.088;;1;1
230825;4-37-5;;;9467232;C;[KX]42.7544615[B]6.40861538[E]32.3409231[RN]18.4233846;;1;1
230825;4-37-6;;;7624511;C;[KX]0.30030769[E]38.5489231[RN]12.6166154[F]0.30030769;;1;1
230825;4-39-1;;;14735828;A;[B]0.325[V]0.407[E]0.488;;1;1
230825;4-39-2;;;13551038;A;[B]1.058[E]1.871[RN]1.464;;1;1
230825;4-39-3;;;12496289;A;[B]3.417[V]3.01[E]4.881;;1;1
230825;4-39-4;;;10915716;A;[B]3.905[E]18.793[RN]14.562;;1;1
230825;4-39-5;;;9204066;C;[KX]46.3593846[B]5.60738462[E]37.7489231[RN]29.2369231;;1;1
230825;4-39-6;;;7624011;C;[KX]0.30030769[V]4.10584615[E]24.7310769[RN]15.8203077;;1;1
230825;4-40-1;;;15197405;A;[B]0.163[V]0.163[E]0.244;;1;1
230825;4-40-2;;;13747903;A;[B]1.139[E]1.708[RN]1.22;;1;1
230825;4-40-3;;;12627623;A;[B]2.685[V]3.824[E]3.58;;1;1
230825;4-40-4;;;11047306;A;[B]3.417[E]14.806[RN]13.749;;1;1
230825;4-40-5;;;9336434;C;[KX]63.7821538[B]17.0215385[V]24.5316923[E]13.6172308;;1;1
230825;4-40-6;;;7558224;C;[KX]0.30030769[V]6.90830769[E]19.4252308[RN]14.1181538;;1;1
230825;4-4-1;;;14278631;A;[C]0.081[L]0.732[RN]0.407;;1;1
230825;4-41-1;;;15000287;A;[E]0.325[I]0.081[RN]0.325;;1;1
230825;4-41-2;;;13813958;A;[B]1.383[V]1.058[E]0.569;;1;1
230825;4-41-3;;;12298921;A;[B]3.498[V]4.8[E]2.766;;1;1
230825;4-41-4;;;10915723;A;[B]7.81[V]11.796[E]8.705;;1;1
230825;4-41-5;;;9269868;C;[B]0.50092308[E]7.60984615[RN]7.30953846;;1;1
230825;4-41-6;;;7361365;C;[KX]0.30030769[B]4.20553846[V]25.7329231[E]13.6172308;;1;1
230825;4-4-2;;;12766172;A;[L]3.091[RN]0.732[F]0.163;;1;1
230825;4-4-3;;;11055049;A;[B]0.081[L]10.576[RN]4.881;;1;1
230825;4-43-1;;;14472916;A;[B]0.569[V]0.569[E]0.244;;1;1
230825;4-43-2;;;13879239;A;[B]1.058[V]1.383[E]0.732;;1;1
230825;4-43-3;;;12693937;A;[B]2.685[V]3.742[E]1.953;;1;1
230825;4-43-4;;;10915988;A;[B]7.647[V]13.342[E]5.695;;1;1
230825;4-43-5;;;9401723;C;[KX]52.5673846[B]13.3169231[V]28.5366154[E]7.20984615;;1;1
230825;4-43-6;;;7558751;C;[B]4.00492308[V]20.3261538[E]7.51015385;;1;1
230825;4-43-7;;;5650755;C;[V]73.5938462[E]34.7446154[RN]10.6141538;;1;1
230825;4-4-4;;;8818865;A;[B]1.708[I]10.983[RN]6.59;;1;1
230825;4-4-5;;;7043490;C;[KX]9.312[I]7.00923077[RN]1.70215385[F]0.80123077;;1;1
230825;4-4-6;;;5267339;C;[I]10.9144615[RN]5.10646154[F]1.20123077;;1;1
230825;4-4-7;;;3358826;C;[B]25.5323077[RN]65.4843077[F]31.6406154;;1;1
230825;4-47-1;;;15000036;A;[V]0.407[E]0.081[L]0.244;;1;1
230825;4-47-2;;;13617873;A;[B]1.058[V]1.058[I]0.244;;1;1
230825;4-47-3;;;11971521;A;[V]5.451[E]2.115[F]0.895;;1;1
230825;4-47-4;;;10063272;A;[B]6.508[V]14.969[F]1.22;;1;1
230825;4-47-5;;;8549266;C;[KX]8.61046154[B]2.80369231[V]9.81292308[I]2.00246154;;1;1
230825;4-47-6;;;6312048;C;[V]28.0356923[E]4.70646154[I]5.00676923;;1;1
230825;4-48-1;;;14473954;A;[B]0.081[V]0.814[L]0.814;;1;1
230825;4-48-2;;;13026256;A;[E]0.814[L]2.441[RN]2.929;;1;1
230825;4-48-3;;;11775940;A;[B]2.685[V]3.417[F]0.651;;1;1
230825;4-48-4;;;10065071;A;[B]5.613[V]9.356[F]1.708;;1;1
230825;4-48-5;;;8222358;C;[KX]7.60984615[B]3.504[I]0.90092308[RN]11.0141538;;1;1
230825;4-48-6;;;5919611;C;[B]5.70707692[V]22.128[F]2.20307692;;1;1
230825;4-49-1;;;14672098;A;[V]0.244[E]0.081[L]0.651;;1;1
230825;4-49-2;;;13617877;A;[E]0.651[L]1.058[RN]2.115;;1;1
230825;4-49-3;;;11775681;A;[B]2.685[V]3.661[F]0.488;;1;1
230825;4-49-4;;;10260654;A;[B]3.986[V]13.83[I]3.254;;1;1
230825;4-49-5;;;8484755;C;[KX]8.11076923[B]3.60492308[V]7.00923077[F]0.80123077;;1;1
230825;4-49-6;;;6181745;C;[KX]0.60061538[B]7.40923077[V]23.4301538[F]1.30215385;;1;1
230825;4-50-1;;;14670817;A;[B]0.325[V]0.325[RN]0.325;;1;1
230825;4-50-2;;;13158099;A;[E]0.732[I]0.814[RN]1.953;;1;1
230825;4-50-3;;;11448002;A;[B]2.522[V]2.522[F]0.895;;1;1
230825;4-50-4;;;9671085;A;[B]6.02[V]8.298[F]2.197;;1;1
230825;4-50-5;;;7762839;C;[KX]6.608[B]3.70461538[RN]10.0123077[F]0.80123077;;1;1
230825;4-50-6;;;5657981;C;[KX]0.30030769[B]3.70461538[L]11.4141538[RN]29.1372308;;1;1
230825;4-6-1;;;13885676;A;[C]0.325[I]0.163[F]0.081;;1;1
230825;4-6-2;;;12766683;A;[B]0.081[L]2.847[I]1.871;;1;1
230825;4-6-3;;;10793673;A;[B]0.488[C]0.569[I]4.23;;1;1
230825;4-6-4;;;8887483;A;[B]4.393[T]3.661[F]3.091;;1;1
230825;4-6-5;;;6913442;C;[KX]8.71138462[C]1.40184615[I]7.20984615[F]0.50092308;;1;1
230825;4-6-6;;;5137038;C;[I]10.3126154[AN]0.90092308[F]1.90276923;;1;1
230825;4-6-7;;;3229556;C;[B]24.1304615[T]28.4369231[F]48.3618462;;1;1
230825;4-7-1;;;13886445;A;[B]0.081[T]0.488[F]0.081;;1;1
230825;4-7-2;;;12438489;A;[L]3.58[AN]0.163[F]0.325;;1;1
230825;4-7-3;;;10794956;A;[C]0.895[L]8.868[F]0.732;;1;1
230825;4-7-4;;;8822714;A;[B]4.8[C]6.752[F]2.522;;1;1
230825;4-7-5;;;6784171;C;[KX]9.312[B]2.10215385[C]4.70646154[F]2.00246154;;1;1
230825;4-7-6;;;5072272;C;[B]3.80430769[C]4.40615385[F]4.50584615;;1;1
230825;4-7-7;;;3296633;C;[T]40.9526154[I]48.3618462[F]12.2153846;;1;1
230825;4-9-1;;;13425892;A;[L]1.22[AN]0.569[F]0.081;;1;1
230825;4-9-2;;;12768475;A;[B]0.732[C]1.22[RN]0.407;;1;1
230825;4-9-3;;;10665162;A;[B]2.278[C]4.068[F]0.325;;1;1
230825;4-9-4;;;8890558;A;[B]4.149[C]9.681[F]1.058;;1;1
230825;4-9-5;;;7049388;C;[KX]11.5150769[B]1.40184615[C]8.31015385[I]2.90338462;;1;1
230825;4-9-6;;;4813204;C;[KX]0.30030769[B]1.40184615[C]25.1323077[I]8.71138462;;1;1
230825;4-9-7;;;3431805;C;[T]58.4750769[L]30.6387692[I]21.5273846;;1;1
230825;5-10-1;;;14214375;A;[L]0.895[AN]0.244[RN]0.081;;1;1
230825;5-10-2;;;12701396;A;[B]0.976[C]0.814[I]0.488;;1;1
230825;5-10-3;;;10598081;A;[B]2.847[T]2.685[I]1.546;;1;1
230825;5-10-4;;;8294813;A;[B]13.179[T]6.996[F]1.79;;1;1
230825;5-10-5;;;5993868;C;[B]4.60553846[C]6.608[F]1.20123077;;1;1
230825;5-10-6;;;4086124;C;[B]17.0215385[T]21.1273846[F]4.40615385;;1;1
230825;5-10-7;;;4280153;C;[B]24.5316923[T]9.91261538[I]16.7212308;;1;1
230825;5-1-1;;;13685727;A;[B]0.081[L]1.79[RN]1.139;;1;1
230825;5-11-1;;;14279654;A;[T]0.081[L]0.732[I]0.081;;1;1
230825;5-11-2;;;13162201;A;[B]0.814[C]0.814[RN]0.244;;1;1
230825;5-11-3;;;10794689;A;[B]3.336[C]2.766[F]0.488;;1;1
230825;5-11-4;;;8361892;A;[B]9.518[C]10.332[I]3.824;;1;1
230825;5-11-5;;;6257290;C;[B]4.80615385[C]6.10830769[F]0.70030769;;1;1
230825;5-11-6;;;4349037;C;[KX]0.30030769[B]24.5316923[C]67.9864615[I]25.3329231;;1;1
230825;5-11-7;;;4280409;C;[B]25.1323077[T]12.016[I]17.2221538;;1;1
230825;5-1-2;;;13290452;A;[B]0.895[I]0.488[RN]0.814;;1;1
230825;5-12-1;;;14543081;A;[B]0.081[C]0.244[L]0.163;;1;1
230825;5-12-2;;;12306891;A;[B]1.953[C]1.22[I]0.163;;1;1
230825;5-12-3;;;11254719;A;[B]3.58[C]2.197[F]0.163;;1;1
230825;5-12-4;;;10003880;A;[B]7.973[C]2.847[I]1.627;;1;1
230825;5-12-5;;;7964556;C;[KX]3.80430769[B]4.70646154[C]2.00246154[F]0.30030769;;1;1
230825;5-12-6;;;5464936;C;[B]15.2196923[C]7.30953846[F]1.20123077;;1;1
230825;5-12-7;;;4609371;C;[B]15.2196923[C]14.0184615[L]70.4898462;;1;1
230825;5-1-3;;;10987703;A;[B]5.125[C]1.302[RN]5.939;;1;1
230825;5-13-1;;;14214888;A;[C]0.081[L]0.651[AN]0.325;;1;1
230825;5-13-2;;;12767698;A;[B]1.139[C]1.058[L]0.163;;1;1
230825;5-13-3;;;10401215;A;[B]3.58[C]4.068[F]0.325;;1;1
230825;5-13-4;;;8559783;A;[B]9.925[C]10.495[F]0.732;;1;1
230825;5-13-5;;;6718611;C;[KX]4.00492308[B]3.504[C]6.00738462[I]1.60246154;;1;1
230825;5-13-6;;;4679802;C;[B]10.5132308[C]29.8387692[I]6.40861538;;1;1
230825;5-13-7;;;4084059;C;[B]25.232[T]18.0233846[I]15.8203077;;1;1
230825;5-1-4;;;8488346;A;[B]14.237[RN]10.251[F]3.417;;1;1
230825;5-14-1;;;13951975;A;[C]0.407[L]0.895;;1;1
230825;5-14-2;;;12505301;A;[B]0.651[C]1.139[L]2.115;;1;1
230825;5-14-3;;;11124934;A;[B]2.441[C]3.173[I]0.325;;1;1
230825;5-14-4;;;8692396;A;[B]7.891[C]12.366[I]0.732;;1;1
230825;5-14-5;;;6653331;C;[KX]3.70461538[B]3.70461538[C]7.20984615[I]1.10153846;;1;1
230825;5-14-6;;;4942972;C;[B]9.712[C]26.4344615[I]4.70646154;;1;1
230825;5-14-7;;;4215643;C;[B]23.1298462[T]14.9193846[I]10.4135385;;1;1
230825;5-1-5;;;6316922;C;[B]5.50646154[I]3.80430769[RN]9.61230769;;1;1
230825;5-15-1;;;14279393;A;[B]0.325[C]0.244[I]0.081;;1;1
230825;5-15-2;;;12766156;A;[B]1.302[C]0.325[L]2.197;;1;1
230825;5-15-3;;;10990516;A;[B]5.451[C]1.953[I]0.407;;1;1
230825;5-15-4;;;9739420;A;[B]12.935[C]2.603[I]0.569;;1;1
230825;5-15-5;;;7963267;C;[KX]2.20307692[B]5.20615385[C]1.10153846[L]2.40369231;;1;1
230825;5-15-6;;;5792612;C;[B]14.4184615[C]3.90523077[I]1.80184615;;1;1
230825;5-15-7;;;3884615;C;[B]15.7206154[I]54.5698462[D]45.7587692;;1;1
230825;5-1-6;;;4211550;C;[B]26.7347692[RN]86.0098462[F]6.10830769;;1;1
230825;5-16-1;;;14150121;A;[C]0.488[L]0.081[D]0.081;;1;1
230825;5-16-2;;;12703703;A;[B]0.651[C]1.464[D]0.244;;1;1
230825;5-16-3;;;10534079;A;[B]2.766[C]4.963[D]0.814;;1;1
230825;5-16-4;;;8759213;A;[C]9.03[I]4.963[D]4.963;;1;1
230825;5-16-5;;;6917268;C;[KX]4.60553846[B]4.00492308[C]7.51015385[D]0.4;;1;1
230825;5-16-6;;;5008242;C;[KX]0.30030769[B]16.1206154[C]29.5372308[AN]0.30030769;;1;1
230825;5-16-7;;;4083795;C;[I]41.4535385[D]32.0406154[AN]12.816;;1;1
230825;5-17-1;;;13492701;A;[C]0.732[L]0.569[D]0.325;;1;1
230825;5-17-2;;;12768979;A;[B]0.651[C]1.302[D]0.407;;1;1
230825;5-17-3;;;10599609;A;[C]3.336[I]2.034[D]3.254;;1;1
230825;5-17-4;;;8561310;A;[C]8.949[I]6.02[D]9.03;;1;1
230825;5-17-5;;;6916231;C;[KX]1.40184615[B]4.00492308[C]5.90769231[D]1.30215385;;1;1
230825;5-17-6;;;4481889;C;[L]59.0756923[D]7.40923077[AN]19.1249231;;1;1
230825;5-17-7;;;4806739;C;[C]2.00246154[L]68.4873846[D]12.7163077;;1;1
230825;5-18-1;;;14477794;A;[T]0.244[L]0.163[D]0.244;;1;1
230825;5-18-2;;;12636105;A;[C]0.244[L]4.068[D]0.895;;1;1
230825;5-18-3;;;10861489;A;[B]3.173[C]3.254[D]2.197;;1;1
230825;5-18-4;;;8297362;A;[B]10.088[C]13.993[D]7.647;;1;1
230825;5-18-5;;;6521207;C;[B]4.30523077[C]6.208[D]3.00430769;;1;1
230825;5-18-6;;;3955541;C;[B]23.0289231[T]32.9427692[D]9.01169231;;1;1
230825;5-18-7;;;4479829;C;[T]8.71138462[L]58.4750769[D]13.7181538;;1;1
230825;5-19-1;;;14281187;A;[T]0.325[L]0.163[D]0.244;;1;1
230825;5-19-2;;;12701896;A;[B]1.302[C]0.976[D]0.814;;1;1
230825;5-19-3;;;10335659;A;[B]4.149[C]4.556[D]2.929;;1;1
230825;5-19-4;;;8428174;A;[B]10.983[C]11.959[D]8.705;;1;1
230825;5-19-5;;;6258034;C;[KX]0.30030769[C]5.30707692[I]3.60492308[D]7.51015385;;1;1
230825;5-19-6;;;3953998;C;[T]25.9335385[I]26.6338462[D]48.2621538;;1;1
230825;5-19-7;;;4544079;C;[I]23.0289231[D]30.6387692[AN]5.50646154;;1;1
230825;5-20-1;;;13752276;A;[B]1.139[C]0.163[AN]0.244;;1;1
230825;5-20-2;;;12173758;A;[B]2.115[L]4.23[D]0.732;;1;1
230825;5-20-3;;;11384242;A;[B]5.939[D]0.163[AN]1.708;;1;1
230825;5-20-4;;;9672849;A;[B]16.271[D]1.058[AN]1.953;;1;1
230825;5-20-5;;;8093562;C;[KX]15.1187692[B]12.816[C]0.30030769[AN]2.00246154;;1;1
230825;5-20-6;;;5725784;C;[B]21.3267692[D]0.4[AN]3.90523077;;1;1
230825;5-20-7;;;4278853;C;[B]23.7304615[I]24.4307692[D]31.7403077;;1;1
230825;5-2-1;;;13883874;A;[B]0.407[C]0.407[RN]0.732;;1;1
230825;5-21-1;;;14017240;A;[B]0.244[C]0.488[D]0.488;;1;1
230825;5-21-2;;;12898504;A;[L]3.254[I]0.244[D]1.139;;1;1
230825;5-21-3;;;10663594;A;[B]4.149[C]3.498[D]2.929;;1;1
230825;5-21-4;;;8296329;A;[B]12.529[C]12.04[D]10.332;;1;1
230825;5-21-5;;;6059878;C;[KX]0.30030769[C]4.90584615[I]4.50584615[D]11.0141538;;1;1
230825;5-21-6;;;3625284;C;[T]28.2363077[I]27.8350769[D]62.88;;1;1
230825;5-21-7;;;4609358;C;[KX]0.30030769[I]22.4283077[D]31.9409231[AN]3.20369231;;1;1
230825;5-2-2;;;13159122;A;[B]0.895[L]2.034[RN]0.976;;1;1
230825;5-22-1;;;14477535;A;[B]0.081[T]0.244[D]0.325;;1;1
230825;5-22-2;;;12898502;A;[B]1.383[C]0.732[D]0.814;;1;1
230825;5-22-3;;;10202786;A;[B]6.02[T]3.824[D]3.742;;1;1
230825;5-22-4;;;8361350;A;[B]13.342[C]11.39[D]11.796;;1;1
230825;5-22-5;;;5993057;C;[T]2.40369231[I]5.40676923[D]11.5150769;;1;1
230825;5-22-6;;;3690817;C;[T]23.4301538[I]26.1329231[D]69.3883077;;1;1
230825;5-2-3;;;10200256;A;[B]1.302[I]5.288[RN]3.824;;1;1
230825;5-23-1;;;14477278;A;[C]0.163[L]0.325[D]0.325;;1;1
230825;5-23-2;;;12832195;A;[B]0.488[L]3.498[D]1.383;;1;1
230825;5-23-3;;;10794664;A;[C]0.732[I]3.417[D]6.183;;1;1
230825;5-23-4;;;8492675;A;[B]13.668[C]9.681[D]13.586;;1;1
230825;5-23-5;;;6256227;C;[KX]0.30030769[B]6.90830769[C]6.50830769[D]7.10892308;;1;1
230825;5-2-4;;;8687020;A;[B]3.254[I]10.739[RN]8.868;;1;1
230825;5-24-1;;;14543072;A;[L]0.407[D]0.244[AN]0.244;;1;1
230825;5-24-2;;;13227464;A;[B]0.895[C]0.651[D]1.058;;1;1
230825;5-24-3;;;10859941;A;[B]4.474[C]2.603[D]3.498;;1;1
230825;5-24-4;;;8755077;A;[C]1.464[I]9.844[D]19.525;;1;1
230825;5-24-5;;;6321504;C;[B]6.50830769[C]5.60738462[D]7.30953846;;1;1
230825;5-24-7;;;4016702;C;[C]4.70646154[I]36.0467692[D]81.3046154;;1;1
230825;5-2-5;;;7174296;C;[KX]6.10830769[B]1.20123077[I]6.00738462[RN]3.00430769;;1;1
230825;5-25-1;;;14542557;A;[C]0.081[L]0.651[D]0.325;;1;1
230825;5-25-2;;;13161414;A;[B]1.139[C]0.569[D]0.976;;1;1
230825;5-25-3;;;10925217;A;[B]4.719[C]2.034[D]4.474;;1;1
230825;5-25-4;;;8623488;A;[B]14.237[C]7.81[D]13.749;;1;1
230825;5-25-5;;;6124121;C;[C]2.10215385[I]5.00676923[D]14.8184615;;1;1
230825;5-25-6;;;4083768;C;[T]11.5150769[I]18.7236923[D]87.2110769;;1;1
230825;5-25-7;;;4476480;C;[B]11.8153846[I]18.7236923[D]47.4609231;;1;1
230825;5-2-6;;;6055300;C;[B]5.20615385[RN]3.70461538[F]2.60307692;;1;1
230825;5-26-1;;;14805727;A;[C]0.081[I]0.081[D]0.325;;1;1
230825;5-26-2;;;13358278;A;[B]0.488[L]1.953[D]1.139;;1;1
230825;5-26-3;;;11187616;A;[B]4.719[C]1.383[D]4.312;;1;1
230825;5-26-4;;;9082751;A;[B]4.068[I]7.078[D]20.745;;1;1
230825;5-26-5;;;6714458;C;[KX]0.30030769[B]2.30276923[L]12.816[D]9.21230769;;1;1
230825;5-26-6;;;4609335;C;[B]22.0283077[T]8.912[D]55.3710769;;1;1
230825;5-26-7;;;5002051;C;[KX]0.30030769[B]15.7206154[L]32.4418462[D]21.6283077;;1;1
230825;5-2-7;;;3753053;C;[B]32.7421538[I]59.5766154[F]13.2172308;;1;1
230825;5-27-1;;;14345432;A;[C]0.081[L]0.814[D]0.569;;1;1
230825;5-27-2;;;13357764;A;[B]1.383[D]1.058[AN]0.488;;1;1
230825;5-27-3;;;11713444;A;[B]3.905[C]0.569[D]4.474;;1;1
230825;5-27-4;;;9279099;A;[B]15.539[C]1.953[D]15.701;;1;1
230825;5-27-5;;;7239770;C;[KX]0.30030769[B]4.50584615[I]1.40184615[D]9.11138462;;1;1
230825;5-27-6;;;5002800;C;[E]10.9144615[L]41.9532308[D]59.6763077;;1;1
230825;5-27-7;;;5462086;C;[B]17.0215385[I]2.704[D]16.9218462;;1;1
230825;5-29-1;;;13817809;A;[E]0.488[I]0.651[D]0.407;;1;1
230825;5-29-2;;;11975602;A;[B]3.824[L]2.034[D]1.302;;1;1
230825;5-29-3;;;11383207;A;[B]5.369[I]0.895[D]2.115;;1;1
230825;5-29-4;;;10132112;A;[B]14.969[E]0.081[D]2.766;;1;1
230825;5-29-5;;;8289908;C;[KX]0.30030769[B]5.90769231[E]0.30030769[D]0.70030769;;1;1
230825;5-29-6;;;5856081;C;[B]19.2246154[L]4.00492308[D]4.60553846;;1;1
230825;5-29-7;;;4145722;C;[E]63.2812308[I]35.6455385[D]20.0258462;;1;1
230825;5-3-1;;;14411242;A;[C]0.081[I]0.244[AN]0.081;;1;1
230825;5-31-1;;;15198172;A;[E]0.325[L]0.244[D]0.081;;1;1
230825;5-31-2;;;13947588;A;[B]1.139[E]0.569[D]0.488;;1;1
230825;5-31-3;;;11776153;A;[B]5.532[E]2.685[D]2.766;;1;1
230825;5-31-4;;;10328189;A;[B]12.61[E]7.729[D]5.939;;1;1
230825;5-31-5;;;7762513;C;[KX]31.2406154[B]24.2313846[E]13.0166154[D]16.7212308;;1;1
230825;5-31-6;;;6051381;C;[B]15.8203077[E]24.9316923[D]15.3193846;;1;1
230825;5-31-7;;;5657408;C;[B]24.5316923[E]9.51261538[D]9.712;;1;1
230825;5-3-2;;;13093845;A;[B]0.488[L]2.685[RN]0.895;;1;1
230825;5-3-3;;;10529210;A;[B]2.685[I]4.23[RN]1.058;;1;1
230825;5-3-4;;;8423584;A;[B]11.471[RN]2.929[F]4.556;;1;1
230825;5-34-1;;;15000797;A;[B]0.244[E]0.244[RN]0.081;;1;1
230825;5-34-2;;;13486783;A;[B]1.383[E]1.464[L]1.139;;1;1
230825;5-34-3;;;11840665;A;[B]6.102[E]5.288[D]0.163;;1;1
230825;5-34-4;;;10063478;A;[B]16.189[E]15.783[D]1.302;;1;1
230825;5-34-5;;;7957585;C;[KX]0.30030769[B]6.80861538[E]10.7138462[RN]0.30030769;;1;1
230825;5-34-6;;;5260852;C;[B]35.6455385[V]4.10584615[E]53.9692308;;1;1
230825;5-34-7;;;5590591;C;[B]27.5347692[V]1.30215385[E]23.3304615;;1;1
230825;5-3-5;;;6055295;C;[B]3.30461538[I]7.20984615[RN]3.504;;1;1
230825;5-3-6;;;3818591;C;[B]15.4203077[I]64.0824615[RN]43.456;;1;1
230825;5-36-1;;;15065301;A;[E]0.651[I]0.081[RN]0.163;;1;1
230825;5-36-2;;;13289148;A;[B]2.359[E]0.976;;1;1
230825;5-36-3;;;11577242;A;[B]6.346[E]4.963[RN]1.708;;1;1
230825;5-36-4;;;9338992;A;[B]21.966[V]5.288[E]19.525;;1;1
230825;5-36-5;;;7298635;C;[KX]0.30030769[B]7.51015385[E]17.2221538[RN]6.608;;1;1
230825;5-3-7;;;4738391;C;[B]25.0326154[I]13.0166154[RN]12.6166154;;1;1
230825;5-37-1;;;14936549;A;[E]0.081[L]0.488;;1;1
230825;5-37-2;;;14277589;A;[B]0.569[E]0.244[L]0.488;;1;1
230825;5-37-3;;;13026493;A;[B]2.522[E]0.814[L]0.651;;1;1
230825;5-37-4;;;10064776;A;[B]15.864[E]5.613[RN]0.895;;1;1
230825;5-37-5;;;7433313;C;[KX]17.3218462[B]23.0289231[E]4.40615385[RN]1.10153846;;1;1
230825;5-37-6;;;6182990;C;[KX]2.00246154[B]22.8295385[V]1.80184615[E]6.70892308;;1;1
230825;5-38-1;;;15131351;A;[B]0.163[V]0.081[E]0.407;;1;1
230825;5-38-2;;;13748673;A;[B]1.22[E]1.302[RN]0.732;;1;1
230825;5-38-3;;;11510938;A;[B]5.939[E]5.369[RN]3.254;;1;1
230825;5-38-4;;;9272435;A;[B]14.806[E]23.999[RN]19.362;;1;1
230825;5-38-5;;;6969165;C;[KX]0.30030769[B]6.10830769[E]18.9243077[RN]13.6172308;;1;1
230825;5-38-7;;;4931639;C;[B]24.5316923[E]56.4726154[RN]38.0492308;;1;1
230825;5-39-1;;;15064277;A;[V]0.407[E]0.651[I]0.081;;1;1
230825;5-39-2;;;13222334;A;[B]1.79[E]1.302[RN]1.383;;1;1
230825;5-39-3;;;11444892;A;[B]5.369[E]5.532[RN]5.369;;1;1
230825;5-39-4;;;9404024;A;[B]12.61[E]22.21[RN]21.233;;1;1
230825;5-39-5;;;6903892;C;[KX]0.30030769[B]10.2129231[V]12.1156923[E]8.00984615;;1;1
230825;5-39-7;;;4800574;C;[V]40.752[E]73.5938462[F]7.51015385;;1;1
230825;5-40-1;;;14541280;A;[B]0.325[L]0.407[RN]0.081;;1;1
230825;5-40-2;;;13617346;A;[B]1.383[E]1.22[RN]0.814;;1;1
230825;5-40-3;;;11378844;A;[B]5.044[E]5.858[RN]6.346;;1;1
230825;5-40-4;;;9009527;A;[B]23.186[V]17.898[E]11.796;;1;1
230825;5-40-5;;;6969173;C;[KX]0.30030769[B]9.51261538[V]13.3169231[E]7.91015385;;1;1
230825;5-40-6;;;5194045;C;[KX]0.30030769[B]28.5366154[V]51.6664615[E]34.144;;1;1
230825;5-40-7;;;5656393;C;[KX]0.30030769[B]24.9316923[V]9.81292308[E]7.60984615;;1;1
230825;5-4-1;;;14081765;A;[C]0.081[L]0.814[I]0.325;;1;1
230825;5-41-1;;;14145492;A;[B]0.976[V]0.244[L]0.244;;1;1
230825;5-41-2;;;13552069;A;[B]1.708[V]0.569[E]0.488;;1;1
230825;5-41-3;;;11181724;A;[B]5.125[E]5.858[RN]7.729;;1;1
230825;5-41-4;;;9535873;A;[B]17.735[V]15.864[E]8.949;;1;1
230825;5-41-5;;;7364193;C;[KX]0.30030769[B]7.40923077[V]10.0123077[E]4.10584615;;1;1
230825;5-41-6;;;5192509;C;[B]12.1156923[V]76.5981538[E]33.2430769;;1;1
230825;5-41-7;;;4931394;C;[V]55.872[E]59.9766154[F]6.208;;1;1
230825;5-4-2;;;13358046;A;[L]1.383[I]0.488[RN]0.325;;1;1
230825;5-42-1;;;14210514;A;[B]0.895[V]0.325[E]0.163;;1;1
230825;5-42-2;;;13354180;A;[B]1.546[E]0.976[RN]1.546;;1;1
230825;5-42-3;;;11576484;A;[B]6.346[V]4.8[E]1.953;;1;1
230825;5-42-4;;;9273991;A;[B]22.047[V]12.773[E]2.115;;1;1
230825;5-42-5;;;7758694;C;[KX]4.80615385[V]12.416[E]12.1156923[F]1.60246154;;1;1
230825;5-42-7;;;5590607;C;[B]20.3261538[E]10.2129231[RN]18.7236923;;1;1
230825;5-4-3;;;9477298;A;[B]6.346[C]0.976[F]2.603;;1;1
230825;5-43-1;;;14079192;A;[B]0.651[V]0.651[L]0.569;;1;1
230825;5-43-2;;;13683404;A;[B]1.464[V]0.732[E]0.081;;1;1
230825;5-43-3;;;11774378;A;[V]3.58[E]5.613[F]1.058;;1;1
230825;5-43-4;;;9404809;A;[B]19.118[V]15.213[E]2.115;;1;1
230825;5-43-5;;;7364971;C;[KX]0.30030769[B]8.00984615[V]9.61230769[E]0.60061538;;1;1
230825;5-43-6;;;5128007;C;[B]22.6289231[V]69.9901538[E]14.1181538;;1;1
230825;5-43-7;;;5459280;C;[B]20.8270769[E]6.80861538[RN]21.8276923;;1;1
230825;5-4-4;;;6846874;A;[B]14.562[C]4.23[F]10.901;;1;1
230825;5-4-5;;;5267584;C;[KX]0.30030769[B]5.00676923[I]4.40615385[F]3.20369231;;1;1
230825;5-45-1;;;14802911;A;[V]0.244[E]0.325[F]0.081;;1;1
230825;5-45-2;;;13552846;A;[B]1.383[V]0.488[I]0.163;;1;1
230825;5-45-3;;;11840177;A;[V]3.905[E]4.23[F]0.976;;1;1
230825;5-45-4;;;9668499;A;[B]15.457[V]10.82[RN]3.986;;1;1
230825;5-45-5;;;7760498;C;[KX]2.20307692[B]8.21046154[V]5.90769231[RN]0.30030769;;1;1
230825;5-45-6;;;5589073;C;[B]20.0258462[V]34.4443077[E]3.104;;1;1
230825;5-45-7;;;5262675;C;[B]22.9292308[V]14.2178462[I]3.104;;1;1
230825;5-4-6;;;4278107;C;[B]9.51261538[L]73.5938462[RN]35.9458462;;1;1
230825;5-46-1;;;15065824;A;[V]0.244[E]0.244[I]0.081;;1;1
230825;5-46-2;;;13618129;A;[B]1.302[V]0.244[RN]0.895;;1;1
230825;5-46-3;;;11643571;A;[B]5.369[V]1.79[RN]2.441;;1;1
230825;5-46-4;;;9603222;A;[B]14.806[V]7.078[RN]8.298;;1;1
230825;5-46-5;;;7826296;C;[KX]0.30030769[B]3.90523077[E]2.40369231[RN]8.41107692;;1;1
230825;5-46-6;;;5457745;C;[KX]0.30030769[B]23.3304615[V]39.7513846[E]1.40184615;;1;1
230825;5-46-7;;;5262162;C;[B]23.2295385[E]3.80430769[RN]27.1347692;;1;1
230825;5-4-7;;;4541527;C;[B]25.5323077[I]19.024[RN]4.90584615;;1;1
230825;5-48-1;;;14802654;A;[V]0.488[E]0.244[L]0.488;;1;1
230825;5-48-2;;;13618641;A;[B]1.22[I]0.081[RN]0.814;;1;1
230825;5-48-3;;;11644344;A;[B]4.637[L]0.081[RN]4.474;;1;1
230825;5-48-4;;;9407130;A;[B]12.61[V]10.332[F]1.383;;1;1
230825;5-48-5;;;7498621;C;[KX]1.90276923[B]6.40861538[L]0.30030769[RN]8.71138462;;1;1
230825;5-48-6;;;5195867;C;[B]17.9224615[V]32.8418462[F]2.00246154;;1;1
230825;5-48-7;;;5066070;C;[B]23.9310769[V]11.2147692[F]2.50338462;;1;1
230825;5-50-1;;;14935528;A;[V]0.244[L]0.407;;1;1
230825;5-50-2;;;13487572;A;[B]0.814[V]0.651[I]0.488;;1;1
230825;5-50-3;;;11185080;A;[B]4.719[V]1.79[F]0.814;;1;1
230825;5-50-4;;;9144731;A;[B]12.691[V]8.786[F]2.115;;1;1
230825;5-50-5;;;6513278;C;[KX]0.70030769[B]4.70646154[L]6.50830769[RN]14.1181538;;1;1
230825;5-50-6;;;4605278;C;[B]16.4209231[L]15.6196923[RN]71.392;;1;1
230825;5-50-7;;;5000022;C;[B]22.2289231[L]14.3187692[RN]28.2363077;;1;1
230825;5-5-1;;;14213613;A;[L]0.163[AN]0.407[RN]0.651;;1;1
230825;5-5-2;;;12568272;A;[B]0.976[L]0.081[I]1.22;;1;1
230825;5-5-3;;;10332088;A;[B]2.929[I]4.474[F]0.244;;1;1
230825;5-5-4;;;7174538;A;[B]25.952[T]5.044[F]6.264;;1;1
230825;5-5-5;;;4412007;C;[B]9.41169231[I]25.9335385[AN]4.10584615;;1;1
230825;5-6-1;;;14411241;A;[L]0.325[I]0.163[AN]0.163;;1;1
230825;5-6-2;;;12832983;A;[B]0.895[C]0.732[F]0.163;;1;1
230825;5-6-3;;;10267064;A;[B]4.881[C]1.627[F]1.22;;1;1
230825;5-6-4;;;7964827;A;[B]14.237[C]5.776[F]3.986;;1;1
230825;5-6-5;;;5728383;C;[B]6.608[C]3.104[F]2.50338462;;1;1
230825;5-6-7;;;4476247;C;[KX]0.30030769[B]18.7236923[L]32.7421538[I]15.52;;1;1
230825;5-9-1;;;13425379;A;[C]0.325[L]1.627[F]0.081;;1;1
230825;5-9-2;;;12897746;A;[B]1.302[C]0.488[F]0.163;;1;1
230825;5-9-3;;;10136245;A;[B]4.719[T]2.522[I]2.522;;1;1
230825;5-9-4;;;8032159;A;[B]9.925[T]7.322[I]7.891;;1;1
230825;5-9-5;;;5729667;C;[B]3.80430769[C]5.30707692[I]6.00738462;;1;1
230825;5-9-6;;;3624547;C;[B]22.5292308[T]47.1606154[I]49.0633846;;1;1
230825;5-9-7;;;3950930;C;[B]38.1489231[T]12.9169231[I]27.2344615;;1;1
