2507031200;[Default];W-1 Фарбитекс ВДК Кухни и ванн NEW Spirit 1050;;;;;[lt]1;1;1
220225;1-10-1;;;13625580;A;[C]0.09[L]0.454[AN]0.66;;1;1
220225;1-10-2;;;11264497;A;[C]1.072[L]0.285[AN]2.629;;1;1
220225;1-10-3;;;9689079;A;[C]0.091[T]5.27[L]0.469;;1;1
220225;1-10-4;;;8179448;A;[T]8.179[I]0.173[AN]1.515;;1;1
220225;1-10-5;;;6473207;A;[T]7.394[AN]17.163[F]0.228;;1;1
220225;1-10-6;;;3585008;A;[B]0.434[T]67.286[AN]3.297;;1;1
220225;1-1-1;;;14672879;A;[B]0.09[C]0.227[RN]0.47;;1;1
220225;1-11-1;;;13560043;A;[B]0.113[C]0.328[AN]0.606;;1;1
220225;1-11-2;;;11658482;A;[I]0.161[AN]3.74[RN]0.09;;1;1
220225;1-11-3;;;9296373;A;[T]3.399[L]0.473[AN]4.995;;1;1
220225;1-11-4;;;6540534;A;[B]0.172[T]12.119[AN]12.49;;1;1
220225;1-11-5;;;6474229;A;[T]10.557[I]0.314[AN]16.043;;1;1
220225;1-11-6;;;3847923;A;[B]0.096[T]60.263[L]1.307;;1;1
220225;1-1-2;;;13291244;A;[T]0.241[I]0.316[RN]1.568;;1;1
220225;1-12-1;;;13692141;A;[B]0.114[C]0.1[AN]0.904;;1;1
220225;1-12-2;;;11528182;A;[C]0.63[AN]2.853[RN]0.09;;1;1
220225;1-12-3;;;9757433;A;[AN]10.237[RN]0.091[F]0.091;;1;1
220225;1-12-4;;;7394551;A;[T]5.985[L]0.422[AN]14.183;;1;1
220225;1-12-5;;;6802927;A;[T]3.873[I]0.477[AN]24.516;;1;1
220225;1-1-3;;;11187179;A;[B]0.091[C]1.9[RN]7.588;;1;1
220225;1-1-4;;;9344231;A;[T]3.185[RN]20.598;;1;1
220225;1-1-5;;;7634914;A;[T]8.118[RN]44.942;;1;1
220225;1-15-1;;;14281702;A;[I]0.099[D]0.09[AN]0.459;;1;1
220225;1-15-2;;;12315369;A;[L]0.272[D]0.102[AN]2.446;;1;1
220225;1-15-3;;;11004142;A;[B]0.09[AN]4.72;;1;1
220225;1-15-4;;;10019820;A;[B]0.091[L]0.298[AN]8.246;;1;1
220225;1-15-5;;;7265770;A;[I]0.093[D]0.23[AN]25.625;;1;1
220225;1-15-6;;;4837868;A;[B]0.097[L]1.067[AN]69.791;;1;1
220225;1-16-1;;;13954537;A;[L]0.267[D]0.09[AN]0.767;;1;1
220225;1-16-2;;;13430244;A;[L]0.15[D]0.177[AN]1.266;;1;1
220225;1-16-3;;;11921892;A;[L]0.189[D]0.186[AN]3.024;;1;1
220225;1-16-4;;;9954534;A;[B]0.091[D]0.178[AN]8.486;;1;1
220225;1-16-5;;;7067355;A;[C]1.469[D]0.766[AN]27.554;;1;1
220225;1-17-1;;;14872810;A;[C]0.177[L]0.09[D]0.09;;1;1
220225;1-17-2;;;13626856;A;[B]0.09[D]0.09[AN]1.114;;1;1
220225;1-17-3;;;12249565;A;[L]0.185[D]0.348[AN]2.381;;1;1
220225;1-17-4;;;10084818;A;[B]0.093[D]0.822[AN]7.671;;1;1
220225;1-17-5;;;7328196;A;[T]2.867[D]2.338[AN]20.953;;1;1
220225;1-19-1;;;13494489;A;[C]0.411[D]0.455[AN]0.429;;1;1
220225;1-19-2;;;12443857;A;[C]1.042[D]0.836[AN]0.607;;1;1
220225;1-19-3;;;11395273;A;[C]0.389[D]1.248[AN]3.343;;1;1
220225;1-19-4;;;9558207;A;[B]0.17[D]1.89[AN]9.5;;1;1
220225;1-19-5;;;6406813;A;[C]1.502[D]8.694[AN]41.5;;1;1
220225;1-21-1;;;13560278;A;[C]0.306[D]0.57[AN]0.523;;1;1
220225;1-21-2;;;12706254;A;[C]0.841[D]0.936[AN]0.507;;1;1
220225;1-21-3;;;11657670;A;[C]0.322[D]1.363[AN]2.817;;1;1
220225;1-21-4;;;9754294;A;[C]0.801[D]2.997[AN]7.773;;1;1
220225;1-21-5;;;6930836;A;[C]0.972[D]10.636[AN]33.347;;1;1
220225;1-24-1;;;14345948;A;[B]0.214[D]0.18[AN]0.413;;1;1
220225;1-24-2;;;14150350;A;[L]0.155[D]0.844[AN]0.513;;1;1
220225;1-24-3;;;11853236;A;[C]0.365[D]2.884[AN]2.292;;1;1
220225;1-24-4;;;9882002;A;[C]1.24[D]9.433[AN]6.206;;1;1
220225;1-24-5;;;8107886;A;[C]1.837[D]26.081[AN]15.276;;1;1
220225;1-26-1;;;15199968;A;[B]0.09[D]0.187[AN]0.109;;1;1
220225;1-26-2;;;14411719;A;[C]0.119[L]0.138[D]1.049;;1;1
220225;1-26-3;;;13426600;A;[C]0.311[D]3.385;;1;1
220225;1-26-4;;;11782526;A;[B]0.305[C]0.356[D]11.395;;1;1
220225;1-26-5;;;10270811;A;[B]0.173[C]1.109[D]27.453;;1;1
220225;1-26-6;;;9152315;A;[B]0.296[L]1.667[D]55.373;;1;1
220225;1-28-1;;;15067101;A;[B]0.175[L]0.123[D]0.146;;1;1
220225;1-28-2;;;15066566;A;[B]0.085[E]0.32[D]0.703;;1;1
220225;1-28-3;;;14278305;A;[E]1[D]3.055;;1;1
220225;1-28-4;;;13356672;A;[E]3[D]6.718;;1;1
220225;1-30-1;;;15330524;A;[B]0.085[L]0.085[D]0.274;;1;1
220225;1-30-2;;;14672065;A;[B]0.217[E]0.315[D]0.839;;1;1
220225;1-30-3;;;14801311;A;[E]1.832[D]1.738;;1;1
220225;1-30-4;;;13813621;A;[E]5.784[D]5.286;;1;1
220225;1-30-5;;;13417821;A;[E]10.241[D]7.801;;1;1
220225;1-30-6;;;11181879;A;[E]24.651[D]18.839;;1;1
220225;1-3-1;;;14739183;A;[I]0.127[AN]0.09[RN]0.105;;1;1
220225;1-3-2;;;13159660;A;[I]0.11[RN]0.843[F]0.228;;1;1
220225;1-32-1;;;15526872;A;[E]0.151[L]0.123[D]0.187;;1;1
220225;1-32-2;;;14999489;A;[B]0.147[E]0.597[D]0.495;;1;1
220225;1-32-3;;;14865309;A;[E]2.908[D]1.1;;1;1
220225;1-32-4;;;14467960;A;[E]7.923[D]2.277;;1;1
220225;1-32-5;;;13149761;A;[E]27.765[D]6.293;;1;1
220225;1-3-3;;;10662895;A;[T]2.376[RN]5.911;;1;1
220225;1-33-1;;;15395027;A;[E]0.27[L]0.155[D]0.16;;1;1
220225;1-33-2;;;14998457;A;[E]1.17[L]0.27[D]0.4;;1;1
220225;1-33-3;;;15324062;A;[E]3.237[D]0.6;;1;1
220225;1-33-4;;;14730632;A;[E]6.002[L]0.087[D]0.87;;1;1
220225;1-3-4;;;8624618;A;[T]6.497[RN]15.434;;1;1
220225;1-34-1;;;15328978;A;[E]0.37[L]0.258[D]0.15;;1;1
220225;1-34-2;;;14866363;A;[E]1.425[L]0.493;;1;1
220225;1-34-3;;;14863264;A;[E]3.551[L]0.366;;1;1
220225;1-34-4;;;14267508;A;[E]12[L]0.442[D]0.1;;1;1
220225;1-34-5;;;13146182;A;[B]0.094[E]35.374[L]0.094;;1;1
220225;1-34-6;;;12618539;A;[E]61.889;;1;1
220225;1-3-5;;;7047394;A;[T]13.827[RN]26.255;;1;1
220225;1-36-1;;;15328986;A;[B]0.09[E]0.224[L]0.188;;1;1
220225;1-36-2;;;14800065;A;[B]0.297[E]1.105[RN]0.258;;1;1
220225;1-36-3;;;14663583;A;[V]1.2[E]4.104[L]0.1;;1;1
220225;1-36-4;;;13542272;A;[V]5[E]12.068;;1;1
220225;1-36-5;;;12552282;A;[V]9.5[E]36.156;;1;1
220225;1-38-1;;;14997708;A;[V]0.358[E]0.71[I]0.109;;1;1
220225;1-38-2;;;15258565;A;[V]0.544[E]1.088[RN]0.185;;1;1
220225;1-38-3;;;14333603;A;[V]2.881[E]3.86;;1;1
220225;1-38-4;;;13540232;A;[V]8.156[E]11.123;;1;1
220225;1-40-1;;;15392985;A;[B]0.123[V]0.271[E]0.252;;1;1
220225;1-40-2;;;14862787;A;[V]1.558[E]1.137;;1;1
220225;1-40-3;;;14268851;A;[V]2.905[E]2.25[RN]0.201;;1;1
220225;1-40-4;;;13606813;A;[V]9.494[E]6.014;;1;1
220225;1-42-1;;;14867678;A;[V]0.476[E]0.227[I]0.135;;1;1
220225;1-42-2;;;14865364;A;[B]0.174[V]0.93[E]0.348;;1;1
220225;1-42-3;;;14531785;A;[V]3.586[E]0.968;;1;1
220225;1-42-4;;;13409708;A;[V]11.105[E]3.67;;1;1
220225;1-43-1;;;15131876;A;[V]0.145[E]0.109[I]0.105;;1;1
220225;1-43-2;;;14930903;A;[B]0.128[V]0.932[E]0.272;;1;1
220225;1-43-3;;;14006215;A;[V]3.988[E]0.842[L]0.09;;1;1
220225;1-43-4;;;13344952;A;[V]10.509[E]2.072;;1;1
220225;1-45-1;;;15462126;A;[B]0.09[I]0.09;;1;1
220225;1-45-2;;;15130343;A;[B]0.09[V]0.485[L]0.09;;1;1
220225;1-45-3;;;14402778;A;[V]2.394[E]0.191[L]0.169;;1;1
220225;1-45-4;;;13610455;A;[V]7.07[E]0.2;;1;1
220225;1-47-1;;;14868965;A;[B]0.149[V]0.158[I]0.094;;1;1
220225;1-47-2;;;15132140;A;[V]0.198[I]0.095;;1;1
220225;1-47-3;;;14010083;A;[V]1.971[I]0.196[RN]0.176;;1;1
220225;1-47-4;;;12954074;A;[V]7.645[I]0.207;;1;1
220225;1-47-5;;;10385859;A;[B]0.268[V]35.599[F]0.169;;1;1
220225;1-47-6;;;9201073;A;[V]71.023[E]0.73[L]0.097;;1;1
220225;1-48-1;;;15198444;A;[V]0.11[L]0.336;;1;1
220225;1-48-2;;;14671846;A;[V]0.143[E]0.124[F]0.09;;1;1
220225;1-48-3;;;12760288;A;[V]4.239[L]0.09[F]0.298;;1;1
220225;1-48-4;;;11771864;A;[B]0.331[V]5.031[RN]6.782;;1;1
220225;1-48-5;;;9993418;A;[V]30.185[RN]2.12[F]0.745;;1;1
220225;1-48-6;;;8676798;A;[V]61.686[RN]11.965[F]0.494;;1;1
220225;1-50-1;;;15329005;A;[B]0.09[RN]0.271;;1;1
220225;1-50-2;;;14078956;A;[I]0.19[RN]1.174;;1;1
220225;1-50-3;;;12236778;A;[V]0.743[RN]3.243[F]0.301;;1;1
220225;1-50-4;;;10328285;A;[V]2.918[RN]10.222[F]0.876;;1;1
220225;1-50-5;;;8879319;A;[E]0.111[RN]40[F]0.17;;1;1
220225;1-5-1;;;14739434;A;[B]0.09[C]0.145[RN]0.129;;1;1
220225;1-5-2;;;12899310;A;[C]0.468[RN]0.12[F]0.269;;1;1
220225;1-5-3;;;11716847;A;[AN]2.604[RN]2.76;;1;1
220225;1-5-4;;;10270190;A;[T]3.326[RN]5.332;;1;1
220225;1-5-5;;;8102636;A;[T]9.434[RN]10.403;;1;1
220225;1-7-1;;;14149616;A;[C]0.32[I]0.123;;1;1
220225;1-7-2;;;12572651;A;[T]0.679[I]0.279[F]0.09;;1;1
220225;1-7-3;;;10995956;A;[T]2.546[RN]1.848;;1;1
220225;1-7-4;;;9484786;A;[T]5.314[RN]3.761;;1;1
220225;1-7-5;;;6793201;A;[T]19.797[I]0.09[RN]7.353;;1;1
220225;1-8-1;;;13952752;A;[I]0.152[AN]0.605[RN]0.09;;1;1
220225;1-8-2;;;12902641;A;[I]0.09[AN]1.338[F]0.09;;1;1
220225;1-8-3;;;10867443;A;[T]2.605[F]0.186;;1;1
220225;1-8-4;;;9159408;A;[C]1.816[AN]8.842[RN]2.822;;1;1
220225;1-8-5;;;6992368;A;[C]4.487[T]14.707[RN]3.68;;1;1
220225;2-15-1;;;14086128;A;[L]0.265[AN]0.665;;1;1
220225;2-15-2;;;13035753;A;[B]0.127[L]0.09[AN]1.438;;1;1
220225;2-15-3;;;11396077;A;[C]0.153[L]0.515[AN]3.522;;1;1
220225;2-15-4;;;10280936;A;[B]0.203[I]0.091[AN]6.761;;1;1
220225;2-15-5;;;7588569;A;[B]0.909[C]1.632[AN]21.213;;1;1
220225;2-18-1;;;13888225;A;[B]0.119[D]0.143[AN]0.724;;1;1
220225;2-18-2;;;13232605;A;[L]0.246[D]0.331[AN]1.258;;1;1
220225;2-18-3;;;12509652;A;[B]0.299[D]0.419[AN]2.047;;1;1
220225;2-18-4;;;10474686;A;[C]1.795[D]2.337[AN]3.702;;1;1
220225;2-18-5;;;6995881;A;[C]5.628[D]6.641[AN]25.992;;1;1
220225;2-20-1;;;13430245;A;[L]0.207[D]0.136[AN]1.212;;1;1
220225;2-20-2;;;12509907;A;[C]0.73[D]0.694[AN]1.053;;1;1
220225;2-20-3;;;11721667;A;[C]1.194[D]1.649[AN]1.656;;1;1
220225;2-20-4;;;7519899;A;[C]3.717[D]8.402[AN]22.001;;1;1
220225;2-20-5;;;6533004;A;[T]15.41[D]16.01[AN]12.147;;1;1
220225;2-2-1;;;14936561;A;[C]0.084[I]0.09[RN]0.11;;1;1
220225;2-21-1;;;13625821;A;[L]0.31[D]0.283[AN]0.873;;1;1
220225;2-21-2;;;13493973;A;[C]0.713[D]0.696;;1;1
220225;2-21-3;;;12115397;A;[B]0.319[D]1.16[AN]2.451;;1;1
220225;2-21-4;;;9225892;A;[C]3.73[D]5.871[AN]5.68;;1;1
220225;2-21-5;;;6531970;A;[T]17.363[D]20.263[AN]7.884;;1;1
220225;2-2-2;;;12897505;A;[B]0.26[L]0.09[F]0.364;;1;1
220225;2-2-3;;;12306659;A;[C]0.095[L]0.93[F]0.463;;1;1
220225;2-23-1;;;14412767;A;[C]0.267[L]0.09[D]0.281;;1;1
220225;2-23-2;;;14084310;A;[C]0.413[D]0.548;;1;1
220225;2-23-3;;;11786423;A;[C]1.277[D]2.544[AN]1.075;;1;1
220225;2-23-4;;;9487773;A;[C]3.343[D]6.999[AN]5.24;;1;1
220225;2-23-5;;;6924660;A;[C]8.691[D]28.129[AN]24.287;;1;1
220225;2-2-4;;;11252193;A;[B]0.126[RN]3.308[F]0.791;;1;1
220225;2-24-1;;;14018521;A;[C]0.428[L]0.123[D]0.452;;1;1
220225;2-24-2;;;14084310;A;[I]0.09[D]0.526[AN]0.445;;1;1
220225;2-24-3;;;12113840;A;[C]1.506[D]3.375;;1;1
220225;2-24-4;;;9748876;A;[C]2.965[D]10.8[AN]3.494;;1;1
220225;2-24-5;;;7381349;A;[C]12.74[D]40.082[AN]8.085;;1;1
220225;2-2-5;;;7963090;A;[AN]2.505[RN]27.492[F]2.432;;1;1
220225;2-25-1;;;14477783;A;[C]0.232[L]0.09[D]0.488;;1;1
220225;2-25-2;;;14477520;A;[C]0.21[L]0.09[D]0.764;;1;1
220225;2-25-3;;;12309935;A;[C]1.112[I]0.101[D]3.09;;1;1
220225;2-25-4;;;10337927;A;[B]0.194[C]3.345[D]10.889;;1;1
220225;2-25-5;;;8364120;A;[B]1.025[C]7.598[D]43.036;;1;1
220225;2-27-1;;;14935248;A;[B]0.225[E]0.1[D]0.404;;1;1
220225;2-27-2;;;14870216;A;[B]0.135[E]0.085[D]0.854;;1;1
220225;2-27-3;;;13160866;A;[B]0.717[E]0.085[D]3.607;;1;1
220225;2-27-4;;;11911542;A;[B]0.704[E]1.5[D]11.238;;1;1
220225;2-27-5;;;9412923;A;[B]1.465[E]6.2[D]48;;1;1
220225;2-29-1;;;15330008;A;[E]0.12[L]0.163[D]0.23;;1;1
220225;2-29-2;;;15066575;A;[B]0.153[E]0.159[D]0.407;;1;1
220225;2-29-3;;;14144672;A;[B]0.127[E]1.407[D]2.049;;1;1
220225;2-29-4;;;12828018;A;[E]5.8[I]0.12[D]6.503;;1;1
220225;2-29-5;;;10788162;A;[B]0.9[E]19.882[D]20.043;;1;1
220225;2-32-1;;;14474447;A;[E]0.465[I]0.267[D]0.254;;1;1
220225;2-32-2;;;14735286;A;[B]0.217[E]1.24[D]0.462;;1;1
220225;2-32-3;;;14207639;A;[B]0.22[E]3.373[D]1.433;;1;1
220225;2-32-4;;;13547119;A;[E]10.594[I]0.091[D]3.005;;1;1
220225;2-32-5;;;11835206;A;[B]0.988[E]32.907[D]6.741;;1;1
220225;2-37-1;;;15195858;A;[V]0.21[E]0.479[L]0.232;;1;1
220225;2-37-2;;;14602951;A;[B]0.204[E]0.87[RN]0.554;;1;1
220225;2-37-3;;;14006432;A;[B]0.421[V]1.8[E]3.638;;1;1
220225;2-37-4;;;12818557;A;[V]7.534[E]11.895[L]0.2;;1;1
220225;2-39-1;;;15263457;A;[V]0.104[E]0.148[L]0.321;;1;1
220225;2-39-2;;;14931918;A;[B]0.247[V]0.454[E]0.524;;1;1
220225;2-39-3;;;13874604;A;[B]0.312[V]3.215[E]3.025;;1;1
220225;2-39-4;;;12227212;A;[B]0.525[V]12.256[E]8.961;;1;1
220225;2-39-5;;;10776425;A;[V]38.087[E]31.078;;1;1
220225;2-4-1;;;14346480;A;[C]0.231[I]0.131;;1;1
220225;2-41-1;;;14998748;A;[V]0.465[E]0.242[L]0.41;;1;1
220225;2-41-2;;;14537169;A;[B]0.484[V]0.764[E]0.269;;1;1
220225;2-41-3;;;13809076;A;[V]2.968[E]2.302[RN]1.083;;1;1
220225;2-41-4;;;12620702;A;[V]13.994[E]5.535;;1;1
220225;2-41-5;;;10645628;A;[V]40.991[E]17.126;;1;1
220225;2-4-2;;;13490669;A;[C]0.17[I]0.13[F]0.172;;1;1
220225;2-4-3;;;11978212;A;[C]0.15[L]0.755[F]0.566;;1;1
220225;2-43-1;;;14997986;A;[V]0.647[E]0.09[I]0.09;;1;1
220225;2-43-2;;;14272725;A;[V]1.608[E]0.389[F]0.092;;1;1
220225;2-43-3;;;13611978;A;[B]0.204[V]5.043[E]0.558;;1;1
220225;2-43-4;;;12557237;A;[V]10.771[E]1.844[RN]0.565;;1;1
220225;2-43-5;;;11437228;A;[V]25.586[E]2.286;;1;1
220225;2-4-4;;;9677284;A;[C]3.756[RN]5.997[F]0.616;;1;1
220225;2-44-1;;;15327464;A;[B]0.09[V]0.394[RN]0.09;;1;1
220225;2-44-2;;;14471900;A;[V]0.975[E]0.14[L]0.586;;1;1
220225;2-44-3;;;13941459;A;[B]0.269[V]3.483[E]0.175;;1;1
220225;2-44-4;;;12229051;A;[B]0.751[V]11.944[E]0.822;;1;1
220225;2-44-5;;;10384546;A;[V]42.922[E]3.472;;1;1
220225;2-4-5;;;7046352;A;[C]13.76[RN]22.9[F]2.211;;1;1
220225;2-46-1;;;14999787;A;[V]0.308[L]0.09[I]0.09;;1;1
220225;2-46-2;;;14406625;A;[V]0.745[E]0.149[F]0.099;;1;1
220225;2-46-3;;;12693458;A;[B]0.255[V]4.918[I]0.532;;1;1
220225;2-46-4;;;11310530;A;[B]1.432[V]8.67[RN]5.287;;1;1
220225;2-46-5;;;9203108;A;[B]3.554[V]46.109[RN]6.31;;1;1
220225;2-6-1;;;14412527;A;[I]0.126[AN]0.338;;1;1
220225;2-6-2;;;13426412;A;[C]0.502[I]0.231[RN]0.09;;1;1
220225;2-6-3;;;10863079;A;[C]1.883[L]0.1[F]0.589;;1;1
220225;2-6-4;;;9153762;A;[T]3.309[RN]0.47[F]1.52;;1;1
220225;2-6-5;;;7181270;A;[T]8.533[RN]0.44[F]3.921;;1;1
220225;2-6-6;;;5669328;A;[T]25.973[RN]14.202[F]4.518;;1;1
220225;2-8-1;;;13821937;A;[C]0.524[L]0.297;;1;1
220225;2-8-2;;;10602984;A;[C]3.597[I]0.241[F]0.185;;1;1
220225;2-8-3;;;8763616;A;[B]0.274[C]9.332[F]0.552;;1;1
220225;2-8-4;;;6924253;A;[C]22.707[L]0.092[F]1.162;;1;1
220225;2-8-5;;;5543124;A;[C]29.014[T]14.278[F]3.2;;1;1
220225;2-8-6;;;4359115;A;[T]59.649[L]2.608[F]7.011;;1;1
220225;2-9-1;;;14084332;A;[B]0.09[C]0.458[L]0.09;;1;1
220225;2-9-2;;;10538727;A;[C]4.101[L]1.014;;1;1
220225;2-9-3;;;8109026;A;[C]13.825[L]1.013[I]0.091;;1;1
220225;2-9-4;;;7188442;A;[B]0.17[C]22.223[I]0.8;;1;1
220225;2-9-5;;;6005716;A;[C]46.717[I]1.465;;1;1
220225;2-9-6;;;4626898;A;[T]52.713[L]6.835[F]1.483;;1;1
220225;3-1-1;;;14672617;A;[B]0.134[T]0.09[RN]0.388;;1;1
220225;3-11-1;;;13886697;A;[B]0.142[C]0.538[L]0.09;;1;1
220225;3-11-2;;;12245476;A;[B]0.239[C]1.723[L]0.254;;1;1
220225;3-11-3;;;11260896;A;[B]0.411[C]2.572[AN]0.55;;1;1
220225;3-11-4;;;9553112;A;[B]0.844[C]6.279[AN]0.959;;1;1
220225;3-11-5;;;7187658;A;[B]2.124[C]21.87[AN]3.055;;1;1
220225;3-1-2;;;14606828;A;[L]0.09[I]0.14[RN]0.272;;1;1
220225;3-12-1;;;13690344;A;[B]0.131[C]0.494[AN]0.173;;1;1
220225;3-12-2;;;12245731;A;[B]0.269[C]1.404[AN]0.395;;1;1
220225;3-12-3;;;10079709;A;[B]0.533[C]3.416[AN]2.612;;1;1
220225;3-12-4;;;8241878;A;[C]2.735[L]4.269[AN]12.335;;1;1
220225;3-12-5;;;6662854;A;[B]2.303[C]21[AN]10.065;;1;1
220225;3-12-6;;;4888508;A;[T]44.287[L]20.393;;1;1
220225;3-1-3;;;13224672;A;[L]1.624[RN]1.612;;1;1
220225;3-13-1;;;14019564;A;[C]0.56[L]0.149[D]0.09;;1;1
220225;3-13-2;;;11918308;A;[B]0.296[C]1.481[AN]0.929;;1;1
220225;3-13-3;;;11065057;A;[C]3.348[L]0.09[D]0.364;;1;1
220225;3-13-4;;;9686751;A;[B]0.638[C]3.241[AN]5.222;;1;1
220225;3-13-5;;;7584462;A;[B]1.679[C]7.898[AN]14.783;;1;1
220225;3-1-4;;;10198472;A;[L]7.875[I]0.092[RN]10.738;;1;1
220225;3-14-1;;;13822953;A;[B]0.127[AN]0.902;;1;1
220225;3-14-2;;;12115678;A;[B]0.347[L]0.255[AN]2.473;;1;1
220225;3-14-3;;;10737630;A;[C]3.349[D]0.479[AN]1.058;;1;1
220225;3-14-4;;;10080733;A;[B]0.612[C]1.955[AN]4.873;;1;1
220225;3-14-5;;;7782351;A;[B]1.499[C]4.576[AN]16.298;;1;1
220225;3-14-6;;;5415350;A;[C]55.009[D]4.751[AN]15;;1;1
220225;3-1-5;;;7633075;A;[L]1.2[I]8.332[RN]33.63;;1;1
220225;3-15-1;;;13953254;A;[C]0.508[L]0.121[D]0.139;;1;1
220225;3-15-2;;;10868955;A;[C]2.9[D]0.577[AN]1.323;;1;1
220225;3-15-3;;;9096406;A;[C]6.091[D]0.845[AN]4.163;;1;1
220225;3-15-4;;;7978955;A;[B]1.883[C]2.507[AN]17.232;;1;1
220225;3-15-5;;;6534599;A;[B]2.374[C]6.274[AN]30.055;;1;1
220225;3-16-1;;;14347754;A;[C]0.363[D]0.094;;1;1
220225;3-16-2;;;13298920;A;[L]0.267[D]0.093[AN]1.246;;1;1
220225;3-16-3;;;11459547;A;[C]2.112[D]0.561[AN]0.951;;1;1
220225;3-16-4;;;9095373;A;[C]6.582[D]1.405[AN]3.376;;1;1
220225;3-16-5;;;7847107;A;[I]1.873[D]1.479[AN]20.307;;1;1
220225;3-17-1;;;12642532;A;[C]0.528[D]0.236[AN]1.231;;1;1
220225;3-17-2;;;12640473;A;[C]1.29[L]0.09[D]0.531;;1;1
220225;3-17-3;;;11589841;A;[C]2.589[D]1.009;;1;1
220225;3-17-4;;;9094334;A;[C]7.314[D]2.684[AN]2.306;;1;1
220225;3-17-5;;;7715256;A;[C]13.247[D]3.775[AN]6.194;;1;1
220225;3-18-1;;;14412773;A;[I]0.09[D]0.14[AN]0.337;;1;1
220225;3-18-2;;;12705750;A;[C]1.212[L]0.094[D]0.607;;1;1
220225;3-18-3;;;11457740;A;[B]0.174[C]2.596[D]1.036;;1;1
220225;3-18-4;;;9224630;A;[C]8[D]3.558[AN]0.8;;1;1
220225;3-18-5;;;6596250;A;[C]27.559[D]11.483[AN]7.766;;1;1
220225;3-20-1;;;14544611;A;[L]0.141[D]0.167[AN]0.353;;1;1
220225;3-20-2;;;14084060;A;[C]0.375[L]0.286[D]0.349;;1;1
220225;3-20-3;;;11522239;A;[C]2.29[I]0.2[D]2.172;;1;1
220225;3-20-4;;;10668724;A;[C]4.172[D]3.409[AN]0.241;;1;1
220225;3-20-5;;;8040598;A;[C]14.09[D]11.1[AN]1.33;;1;1
220225;3-22-1;;;14543844;A;[I]0.09[D]0.181[AN]0.302;;1;1
220225;3-22-2;;;14149080;A;[C]0.301[I]0.09[D]0.456;;1;1
220225;3-22-3;;;11981502;A;[C]1.551[I]0.272[D]2.018;;1;1
220225;3-22-4;;;10799024;A;[I]0.818[D]3.147[AN]3.611;;1;1
220225;3-22-5;;;8171152;A;[C]13.997[D]13.351;;1;1
220225;3-24-1;;;13822422;A;[C]0.335[D]0.53[AN]0.28;;1;1
220225;3-24-2;;;13689811;A;[C]0.528[I]0.09[D]0.668;;1;1
220225;3-24-3;;;12244155;A;[C]1.139[I]0.25[D]2.119;;1;1
220225;3-24-4;;;10798501;A;[C]2.97[I]0.359[D]5.035;;1;1
220225;3-24-5;;;8365950;A;[L]11.942[D]15.179[AN]9.409;;1;1
220225;3-25-1;;;14544093;A;[L]0.22[D]0.273[AN]0.273;;1;1
220225;3-25-2;;;14148821;A;[B]0.228[D]0.341[AN]0.436;;1;1
220225;3-25-3;;;13557709;A;[L]0.893[D]0.739[AN]0.433;;1;1
220225;3-25-4;;;11126692;A;[B]0.554[C]2.431[D]4.561;;1;1
220225;3-25-5;;;8299636;A;[B]1.55[C]10.353[D]23.093;;1;1
220225;3-26-1;;;14739933;A;[B]0.09[C]0.137[D]0.221;;1;1
220225;3-26-2;;;14345685;A;[B]0.217[D]0.372[AN]0.29;;1;1
220225;3-26-3;;;13425089;A;[L]1.593[D]1.322;;1;1
220225;3-26-4;;;11256474;A;[B]1[C]1.728[D]5.768;;1;1
220225;3-26-5;;;8758380;A;[B]2.395[C]6.162[D]25.403;;1;1
220225;3-30-1;;;15198937;A;[E]0.09[I]0.09[D]0.326;;1;1
220225;3-30-2;;;14605502;A;[B]0.24[E]0.426[D]0.804;;1;1
220225;3-30-3;;;13684134;A;[B]0.661[E]1.307[D]1.876;;1;1
220225;3-30-4;;;12170362;A;[B]1.498[E]5.71[D]6.112;;1;1
220225;3-30-5;;;9604166;A;[B]5.385[E]23.979[D]24.497;;1;1
220225;3-33-1;;;14934736;A;[E]0.392[L]0.409[D]0.17;;1;1
220225;3-33-2;;;14537914;A;[E]1.51[L]0.772;;1;1
220225;3-33-3;;;14010019;A;[B]0.09[E]3.501[L]1.324;;1;1
220225;3-33-4;;;13152905;A;[E]8.117[I]0.85;;1;1
220225;3-33-5;;;11506522;A;[E]29.005[L]5.294[F]0.143;;1;1
220225;3-35-1;;;15198172;A;[E]0.23[L]0.338;;1;1
220225;3-35-2;;;15459022;A;[E]0.701[L]0.244;;1;1
220225;3-35-3;;;13812389;A;[B]0.11[E]3.398[I]0.444;;1;1
220225;3-35-4;;;12165239;A;[B]3.199[V]0.52[E]12.504;;1;1
220225;3-35-5;;;10189639;A;[B]8.003[V]1.9[E]53.083;;1;1
220225;3-36-1;;;14342091;A;[B]0.09[E]0.681[I]0.284;;1;1
220225;3-36-2;;;14603456;A;[B]0.42[E]1.043[RN]0.09;;1;1
220225;3-36-3;;;13482915;A;[B]1.333[V]0.503[E]3.018;;1;1
220225;3-36-4;;;12032377;A;[B]1.225[E]14.203[RN]4.63;;1;1
220225;3-39-1;;;14932942;A;[B]0.302[V]0.169[E]0.434;;1;1
220225;3-39-2;;;14338495;A;[E]1.607[L]0.131[RN]1.299;;1;1
220225;3-39-3;;;13087654;A;[B]1.44[V]2.15[E]2.695;;1;1
220225;3-39-4;;;11702663;A;[B]2.328[V]9.848[E]9.478;;1;1
220225;3-4-1;;;14082796;A;[B]0.09[C]0.395[RN]0.287;;1;1
220225;3-41-1;;;14998740;A;[B]0.236[V]0.271[E]0.327;;1;1
220225;3-41-2;;;14010052;A;[B]0.772[V]0.971[E]0.621;;1;1
220225;3-41-3;;;13481908;A;[V]0.398[E]2.552[RN]2.753;;1;1
220225;3-41-4;;;12690592;A;[V]2.261[E]4.985[RN]4.435;;1;1
220225;3-41-5;;;10714493;A;[V]14.71[E]15.626[RN]9.731;;1;1
220225;3-4-2;;;12766945;A;[C]0.472[L]1.62[RN]0.915;;1;1
220225;3-4-3;;;11320285;A;[B]0.298[C]0.344[F]0.884;;1;1
220225;3-43-1;;;15394532;A;[V]0.127[E]0.09[L]0.25;;1;1
220225;3-43-2;;;14142158;A;[B]0.692[V]0.957[E]0.104;;1;1
220225;3-43-3;;;13285055;A;[B]0.979[V]3.173[E]0.634;;1;1
220225;3-43-4;;;11506338;A;[B]2.291[V]12.593[E]2.589;;1;1
220225;3-43-5;;;9333376;A;[B]3.748[V]49.717[E]10.779;;1;1
220225;3-4-4;;;9938640;A;[I]2.155[RN]0.742[F]1.14;;1;1
220225;3-44-1;;;14934242;A;[B]0.178[V]0.193[L]0.196;;1;1
220225;3-44-2;;;14669532;A;[B]0.363[V]0.645[L]0.09;;1;1
220225;3-44-3;;;13284292;A;[B]0.838[V]4.088[E]0.396;;1;1
220225;3-44-4;;;11506602;A;[B]2.476[V]12.279[E]1.261;;1;1
220225;3-44-5;;;8873867;A;[V]58.5[E]8.242[F]1.1;;1;1
220225;3-4-5;;;7374269;A;[B]0.091[I]4.108[F]5.461;;1;1
220225;3-45-1;;;15000550;A;[B]0.09[V]0.209[L]0.304;;1;1
220225;3-45-2;;;13418959;A;[B]0.748[V]1.883[L]0.755;;1;1
220225;3-45-3;;;13417424;A;[V]3.076[E]0.326[L]1.429;;1;1
220225;3-45-4;;;11046825;A;[B]3.556[V]14.649[E]0.6;;1;1
220225;3-45-5;;;8808591;A;[B]7.045[V]56.228[E]1.772;;1;1
220225;3-4-6;;;4742041;A;[B]6.853[RN]26.959[F]29.184;;1;1
220225;3-47-1;;;14670817;A;[B]0.181[V]0.384[I]0.106;;1;1
220225;3-47-2;;;14012126;A;[B]0.13[V]0.984[I]0.296;;1;1
220225;3-47-3;;;13089490;A;[V]2.698[E]0.432[F]0.257;;1;1
220225;3-47-4;;;10917300;A;[B]2.954[V]5.712[RN]5.757;;1;1
220225;3-48-1;;;14934250;A;[V]0.323[L]0.138[I]0.09;;1;1
220225;3-48-2;;;13946335;A;[B]0.141[V]1.012[I]0.302;;1;1
220225;3-48-3;;;12563408;A;[B]0.091[V]3.994[L]2.703;;1;1
220225;3-48-4;;;10259642;A;[B]2.502[V]3.93[RN]15.476;;1;1
220225;3-48-5;;;7496089;A;[B]5.679[V]65.646[F]3.442;;1;1
220225;3-50-1;;;14803688;A;[V]0.102[L]0.394[RN]0.138;;1;1
220225;3-50-2;;;13224156;A;[B]0.334[V]0.807[F]0.22;;1;1
220225;3-50-3;;;12171478;A;[V]0.925[L]2.911[RN]2.483;;1;1
220225;3-50-4;;;9736892;A;[V]3.924[L]10.821[RN]8.331;;1;1
220225;3-50-5;;;6907038;A;[B]4.8[V]45.234[F]6.135;;1;1
220225;3-6-1;;;13951984;A;[I]0.09[AN]0.364[F]0.09;;1;1
220225;3-6-2;;;12307680;A;[C]0.436[L]1.635[F]0.238;;1;1
220225;3-6-3;;;9874643;A;[C]1.366[I]1.691[F]0.981;;1;1
220225;3-6-4;;;8625868;A;[B]0.886[C]3.427[F]2.515;;1;1
220225;3-6-5;;;7178431;A;[C]5.14[I]4.203[F]4.454;;1;1
220225;3-8-1;;;14610160;A;[C]0.09[L]0.272[AN]0.203;;1;1
220225;3-8-2;;;12637665;A;[B]0.37[C]0.992[F]0.118;;1;1
220225;3-8-3;;;9943508;A;[B]0.845[C]4.549[F]0.533;;1;1
220225;3-8-4;;;7117246;A;[B]2.932[C]19.644[F]1.8;;1;1
220225;3-8-5;;;5604790;A;[B]3.514[C]47.926[F]5.1;;1;1
220225;3-9-1;;;14411754;A;[L]0.554[AN]0.189;;1;1
220225;3-9-2;;;12770279;A;[C]0.872[L]0.744[I]0.09;;1;1
220225;3-9-3;;;9747408;A;[C]4.609[L]5.487;;1;1
220225;3-9-4;;;7185863;A;[C]20.064[L]9.662[F]0.093;;1;1
220225;3-9-5;;;5870781;A;[B]3.146[C]50.599[F]1.494;;1;1
220225;4-10-1;;;14149868;A;[B]0.1[C]0.436;;1;1
220225;4-10-2;;;12572125;A;[B]0.407[C]1.003[I]0.229;;1;1
220225;4-10-3;;;10862801;A;[B]1.074[C]2.606[F]0.264;;1;1
220225;4-10-4;;;8890815;A;[C]5.392[L]13.276[F]0.092;;1;1
220225;4-10-5;;;7180967;A;[B]1.24[C]15[L]27.606;;1;1
220225;4-11-1;;;13623781;A;[B]0.228[C]0.598[RN]0.09;;1;1
220225;4-11-2;;;12177880;A;[B]0.71[C]1.496[RN]0.09;;1;1
220225;4-11-3;;;10339025;A;[B]1.002[C]4.2[I]0.24;;1;1
220225;4-11-4;;;8892353;A;[B]2.676[C]8.848[F]0.172;;1;1
220225;4-11-5;;;7183535;A;[B]5.838[C]22.67[F]0.093;;1;1
220225;4-13-1;;;13167858;A;[I]0.093[AN]1.388;;1;1
220225;4-13-2;;;11916762;A;[B]0.615[C]1.061[AN]1.151;;1;1
220225;4-13-3;;;10668500;A;[C]0.091[L]4.235[AN]3.698;;1;1
220225;4-13-4;;;8894406;A;[C]0.392[L]9.433[AN]8.678;;1;1
220225;4-13-5;;;7316662;A;[C]20.114[I]2.73[D]2.846;;1;1
220225;4-14-1;;;14085101;A;[B]0.094[C]0.303[AN]0.308;;1;1
220225;4-14-2;;;11983068;A;[C]1.898[I]0.2[D]0.361;;1;1
220225;4-14-3;;;10472403;A;[C]4.441[I]0.471[D]0.766;;1;1
220225;4-14-4;;;9026502;A;[T]6.338[I]1.407[D]1.493;;1;1
220225;4-14-5;;;7514550;A;[C]18.322[I]2[D]3.224;;1;1
220225;4-14-6;;;6067877;A;[C]43.513[I]4.305[D]7;;1;1
220225;4-15-1;;;14346987;A;[C]0.327[I]0.083[D]0.09;;1;1
220225;4-15-2;;;12049117;A;[C]1.77[I]0.14[D]0.39;;1;1
220225;4-15-3;;;10603216;A;[C]3.833[I]0.415[D]0.888;;1;1
220225;4-15-4;;;9026757;A;[C]8.477[I]0.764[D]1.638;;1;1
220225;4-15-5;;;7382957;A;[C]19.894[I]1.835[D]4.631;;1;1
220225;4-15-6;;;5936032;A;[C]55.771[I]4.243[D]9.327;;1;1
220225;4-17-1;;;13625314;A;[C]0.659[D]0.237;;1;1
220225;4-17-2;;;12507345;A;[C]1.087[I]0.281[D]0.732;;1;1
220225;4-17-3;;;10865092;A;[C]3.099[I]0.523[D]1.615;;1;1
220225;4-17-4;;;8958635;A;[T]5.765[I]1.908[D]4.251;;1;1
220225;4-17-5;;;7644834;A;[C]17.387[I]1.771[D]7.017;;1;1
220225;4-17-6;;;5803659;A;[T]30.534[L]27.13[D]12.312;;1;1
220225;4-19-1;;;14019554;A;[L]0.208[D]0.17[AN]0.584;;1;1
220225;4-19-2;;;12637645;A;[C]0.754[I]0.446[D]0.916;;1;1
220225;4-19-3;;;11061438;A;[B]0.67[C]2.954[D]1.74;;1;1
220225;4-19-4;;;9089702;A;[B]2.029[C]7.843[D]4.239;;1;1
220225;4-19-5;;;7445386;A;[T]10.375[I]4.453[D]14.666;;1;1
220225;4-20-1;;;14215650;A;[C]0.369[L]0.158[D]0.221;;1;1
220225;4-20-2;;;12769485;A;[I]0.461[D]0.796[AN]0.954;;1;1
220225;4-20-3;;;11258045;A;[B]0.862[C]2.584[D]1.464;;1;1
220225;4-20-4;;;9220256;A;[B]2.364[C]7.35[D]5.182;;1;1
220225;4-20-5;;;7576198;A;[T]9.702[I]4.983[D]16.856;;1;1
220225;4-2-1;;;14081513;A;[B]0.132[C]0.321[RN]0.479;;1;1
220225;4-2-2;;;12370391;A;[L]2.852[I]0.09[RN]1.616;;1;1
220225;4-2-3;;;10791369;A;[B]1.283[RN]2.928[F]0.909;;1;1
220225;4-23-1;;;14280923;A;[C]0.266[L]0.173[D]0.338;;1;1
220225;4-23-2;;;12965833;A;[L]1.737[D]0.81[AN]0.471;;1;1
220225;4-23-3;;;11125683;A;[B]1.133[C]2.406[D]2.066;;1;1
220225;4-23-4;;;9285013;A;[B]2.723[C]6.18[D]6.59;;1;1
220225;4-23-5;;;7444097;A;[B]6.198[C]17.691[D]14.511;;1;1
220225;4-2-4;;;9541568;A;[L]10.9[RN]9.416[F]0.475;;1;1
220225;4-24-1;;;14083288;A;[C]0.308[I]0.09[D]0.422;;1;1
220225;4-24-2;;;12440257;A;[L]2.376[D]1.324[AN]0.803;;1;1
220225;4-24-3;;;11191216;A;[B]1.257[C]2.287[D]2.291;;1;1
220225;4-24-4;;;9416083;A;[B]2.745[C]5.577[D]7.188;;1;1
220225;4-24-5;;;7706491;A;[C]11.23[I]4.442[D]22.312;;1;1
220225;4-2-5;;;7305135;A;[L]17.159[RN]26.57[F]2.676;;1;1
220225;4-26-1;;;14871521;A;[L]0.269[D]0.173[AN]0.09;;1;1
220225;4-26-2;;;14083283;A;[B]0.233[D]0.366[AN]0.459;;1;1
220225;4-26-3;;;11320740;A;[C]0.382[I]1.483[D]4.317;;1;1
220225;4-26-4;;;9939848;A;[B]4.556[D]7.504[AN]3.359;;1;1
220225;4-26-5;;;7769447;A;[B]9.981[C]9.087[D]27.744;;1;1
220225;4-27-1;;;14411223;A;[B]0.129[C]0.214[D]0.383;;1;1
220225;4-27-2;;;13423808;A;[B]0.799[D]0.885[AN]0.291;;1;1
220225;4-27-3;;;11516829;A;[B]2.482[D]3.68[AN]1.037;;1;1
220225;4-27-4;;;9938045;A;[B]5.648[D]10.696[AN]1.666;;1;1
220225;4-27-5;;;8293472;A;[B]11.654[T]2.019[D]29.252;;1;1
220225;4-29-1;;;15067611;A;[B]0.09[L]0.128[D]0.216;;1;1
220225;4-29-2;;;14212038;A;[E]0.349[I]0.256[D]0.703;;1;1
220225;4-29-3;;;12764575;A;[E]1.698[I]0.653[D]3.099;;1;1
220225;4-29-4;;;11053696;A;[B]4.211[E]2.47[D]7.47;;1;1
220225;4-29-5;;;9277020;A;[B]9.4[E]9.1[D]20.003;;1;1
220225;4-30-1;;;15330271;A;[B]0.09[L]0.09[D]0.169;;1;1
220225;4-30-2;;;14277315;A;[B]0.483[E]0.188[D]0.737;;1;1
220225;4-30-3;;;12631965;A;[B]1.77[E]1.27[D]2.54;;1;1
220225;4-30-4;;;10986874;A;[B]4.471[E]4.472[D]7.06;;1;1
220225;4-30-5;;;9538907;A;[B]8.751[E]13.4[D]16.114;;1;1
220225;4-33-1;;;14605775;A;[E]0.608[L]0.764;;1;1
220225;4-33-2;;;13683383;A;[E]1.904[L]1.099[F]0.09;;1;1
220225;4-33-3;;;13155485;A;[E]4.374[L]2.286[I]0.1;;1;1
220225;4-33-4;;;11510653;A;[E]11.547[L]7.295;;1;1
220225;4-33-5;;;9930331;A;[E]33.473[L]13.204[F]0.395;;1;1
220225;4-35-1;;;14802899;A;[E]0.511[L]0.287[I]0.09;;1;1
220225;4-35-2;;;14143940;A;[B]0.727[E]0.675[L]0.187;;1;1
220225;4-35-3;;;12891549;A;[B]2.013[V]0.505[E]3.506;;1;1
220225;4-35-4;;;11114878;A;[B]6.02[V]0.878[E]9.556;;1;1
220225;4-35-5;;;9863004;A;[B]10.185[V]3[E]29.073;;1;1
220225;4-37-1;;;15328215;A;[E]0.422[I]0.09[RN]0.09;;1;1
220225;4-37-2;;;13748413;A;[B]1.046[E]0.914[RN]0.264;;1;1
220225;4-37-3;;;12562589;A;[B]2.395[V]1[E]3.199;;1;1
220225;4-37-4;;;10981503;A;[B]3.392[E]11.55[RN]6.873;;1;1
220225;4-37-5;;;9467232;A;[B]5.349[E]33.925[RN]19;;1;1
220225;4-39-1;;;14735828;A;[B]0.332[V]0.265[E]0.278;;1;1
220225;4-39-2;;;13551038;A;[B]0.885[E]1.096[RN]0.915;;1;1
220225;4-39-3;;;12496289;A;[B]1.642[E]3.842[RN]2.824;;1;1
220225;4-39-4;;;10915716;A;[B]2.584[E]11.248[RN]9.793;;1;1
220225;4-39-5;;;9204066;A;[B]3.573[E]37.343[RN]28.603;;1;1
220225;4-40-1;;;15197405;A;[E]0.264[I]0.09[RN]0.117;;1;1
220225;4-40-2;;;13747903;A;[B]0.926[E]0.988[RN]0.8;;1;1
220225;4-40-3;;;12627623;A;[B]0.842[E]3.328[RN]3.653;;1;1
220225;4-40-4;;;11047306;A;[B]2.37[E]9.195[RN]9.357;;1;1
220225;4-40-5;;;9336434;A;[B]10.473[V]19.3[E]13.104;;1;1
220225;4-4-1;;;14278631;A;[L]0.241[I]0.271;;1;1
220225;4-41-1;;;15000287;A;[E]0.187[L]0.355[RN]0.227;;1;1
220225;4-41-2;;;13813958;A;[B]1.025[V]0.709[E]0.319;;1;1
220225;4-41-3;;;12298921;A;[B]1.002[E]3.156[RN]4.724;;1;1
220225;4-41-4;;;10915723;A;[B]5.221[V]9[E]5.645;;1;1
220225;4-41-5;;;9269868;A;[B]10[V]26.8[E]19.096;;1;1
220225;4-4-2;;;12766172;A;[L]2.346[RN]0.544[F]0.09;;1;1
220225;4-4-3;;;11055049;A;[B]0.102[L]7.145[RN]3.507;;1;1
220225;4-43-1;;;14472916;A;[B]0.513[V]0.34[E]0.112;;1;1
220225;4-43-2;;;13879239;A;[B]0.826[V]0.886[E]0.41;;1;1
220225;4-43-3;;;12693937;A;[B]1.949[V]2.547[E]1.143;;1;1
220225;4-43-4;;;10915988;A;[B]5.098[V]9.8[E]3.587;;1;1
220225;4-43-5;;;9401723;A;[B]9.238[V]26.597[E]9.231;;1;1
220225;4-4-4;;;8818865;A;[B]1.363[I]7.481[RN]5.19;;1;1
220225;4-4-5;;;7043490;A;[I]19.975[RN]9.381[F]0.247;;1;1
220225;4-4-6;;;5267339;A;[B]16.535[RN]13.604[F]21.326;;1;1
220225;4-47-1;;;15000036;A;[E]0.15[I]0.09[RN]0.335;;1;1
220225;4-47-2;;;13617873;A;[B]0.774[V]0.67[I]0.195;;1;1
220225;4-47-3;;;11971521;A;[B]1.692[V]3.944[F]0.249;;1;1
220225;4-47-4;;;10063272;A;[B]4.496[V]10.992[F]0.774;;1;1
220225;4-47-5;;;8549266;A;[B]9.701[V]27.59[F]1.386;;1;1
220225;4-48-1;;;14473954;A;[V]0.493[E]0.09[I]0.281;;1;1
220225;4-48-2;;;13026256;A;[E]0.615[I]0.653[RN]1.714;;1;1
220225;4-48-3;;;11775940;A;[B]1.831[V]2.566[F]0.414;;1;1
220225;4-48-4;;;10065071;A;[B]3.857[V]6.849[F]1.103;;1;1
220225;4-48-5;;;8222358;A;[B]9.312[V]20.7[F]2.682;;1;1
220225;4-49-1;;;14672098;A;[V]0.09[E]0.109[I]0.196;;1;1
220225;4-49-2;;;13617877;A;[B]0.648[V]0.758[F]0.092;;1;1
220225;4-49-3;;;11775681;A;[B]1.893[V]2.602[F]0.341;;1;1
220225;4-49-4;;;10260654;A;[B]3.586[V]9.797[F]0.776;;1;1
220225;4-49-5;;;8484755;A;[B]10.146[V]20.889[F]1.686;;1;1
220225;4-50-1;;;14670817;A;[B]0.207[V]0.376[I]0.09;;1;1
220225;4-50-2;;;13158099;A;[B]0.761[V]0.699[F]0.2;;1;1
220225;4-50-3;;;11448002;A;[B]1.774[V]1.763[F]0.632;;1;1
220225;4-50-4;;;9671085;A;[E]2.705[I]3.88[RN]10.632;;1;1
220225;4-50-5;;;7762839;A;[B]9.514[V]20[F]4.018;;1;1
220225;4-6-1;;;13885676;A;[B]0.09[C]0.298[F]0.09;;1;1
220225;4-6-2;;;12766683;A;[B]0.938[C]0.5[F]0.463;;1;1
220225;4-6-3;;;10793673;A;[B]1.452[C]0.739[F]0.885;;1;1
220225;4-6-4;;;8887483;A;[B]2.978[C]2.901[F]2.095;;1;1
220225;4-6-5;;;6913442;A;[B]7.222[C]3.956[F]6.796;;1;1
220225;4-6-6;;;5137038;A;[C]4.456[I]45.92[F]8.085;;1;1
220225;4-7-1;;;13886445;A;[C]0.398[I]0.183;;1;1
220225;4-7-2;;;12438489;A;[B]0.198[C]0.373[I]1.026;;1;1
220225;4-7-3;;;10794956;A;[B]1.26[C]1.433[F]0.731;;1;1
220225;4-7-4;;;8822714;A;[B]3.346[C]4.739[F]1.75;;1;1
220225;4-7-5;;;6784171;A;[B]5.601[C]10.797[F]5.007;;1;1
220225;4-7-6;;;5072272;A;[B]16.059[C]21.524[F]19.409;;1;1
220225;4-9-1;;;13425892;A;[C]0.355[L]0.992[I]0.09;;1;1
220225;4-9-2;;;12768475;A;[B]0.5[C]0.736[F]0.09;;1;1
220225;4-9-3;;;10665162;A;[B]1.575[C]2.912[F]0.232;;1;1
220225;4-9-4;;;8890558;A;[B]2.915[C]6.982[F]0.752;;1;1
220225;4-9-5;;;7049388;A;[B]5.977[C]18.812[F]2.1;;1;1
220225;5-10-1;;;14214375;A;[B]0.179[C]0.323[RN]0.09;;1;1
220225;5-10-2;;;12701396;A;[B]0.832[C]0.68[F]0.09;;1;1
220225;5-10-3;;;10598081;A;[B]2.347[C]2.317[F]0.32;;1;1
220225;5-10-4;;;8294813;A;[B]9.004[C]5.814[F]1.219;;1;1
220225;5-10-5;;;5993868;A;[B]19.698[C]29.333[F]5.188;;1;1
220225;5-1-1;;;13685727;A;[B]0.183[I]0.457[RN]0.407;;1;1
220225;5-11-1;;;14279654;A;[B]0.145[C]0.215[I]0.095;;1;1
220225;5-11-2;;;13162201;A;[B]0.372[C]0.356[L]1.246;;1;1
220225;5-11-3;;;10794689;A;[B]2.331[C]1.987[F]0.33;;1;1
220225;5-11-4;;;8361892;A;[B]7.468[C]7.574[F]0.903;;1;1
220225;5-11-5;;;6257290;A;[B]20.554[C]27.006[F]2.971;;1;1
220225;5-1-2;;;13290452;A;[B]0.581[L]1.167[RN]0.739;;1;1
220225;5-12-1;;;14543081;A;[L]0.524[AN]0.143;;1;1
220225;5-12-2;;;12306891;A;[B]1.397[C]0.957[RN]0.106;;1;1
220225;5-12-3;;;11254719;A;[B]2.473[C]1.62[F]0.09;;1;1
220225;5-12-4;;;10003880;A;[B]5.97[C]2.28[F]0.277;;1;1
220225;5-12-5;;;7964556;A;[B]16.053[C]6.676[F]0.755;;1;1
220225;5-1-3;;;10987703;A;[B]3.411[RN]2.195[F]0.495;;1;1
220225;5-13-1;;;14214888;A;[B]0.14[C]0.367;;1;1
220225;5-13-2;;;12767698;A;[C]0.229[L]2.678[D]0.244;;1;1
220225;5-13-3;;;10401215;A;[I]2.819[D]1.056[AN]1.853;;1;1
220225;5-13-4;;;8559783;A;[B]6.09[C]7.163[I]1.798;;1;1
220225;5-13-5;;;6718611;A;[B]11.972[C]19.847[I]5.242;;1;1
220225;5-1-4;;;8488346;A;[B]7.648[I]5.919[RN]9.412;;1;1
220225;5-14-1;;;13951975;A;[B]0.149[C]0.415[I]0.09;;1;1
220225;5-14-2;;;12505301;A;[I]0.871[D]0.353[AN]0.82;;1;1
220225;5-14-3;;;11124934;A;[I]1.855[D]0.788[AN]1.617;;1;1
220225;5-14-4;;;8692396;A;[B]5.569[C]8.906[I]0.492;;1;1
220225;5-14-5;;;6653331;A;[B]11.587[T]15.764[I]4.86;;1;1
220225;5-15-1;;;14279393;A;[B]0.117[L]0.738[AN]0.146;;1;1
220225;5-15-2;;;12766156;A;[B]0.888[C]0.25[L]1.624;;1;1
220225;5-15-3;;;10990516;A;[B]3.235[T]0.812[L]2.711;;1;1
220225;5-15-4;;;9739420;A;[B]8.804[C]1.824[I]0.403;;1;1
220225;5-15-5;;;7963267;A;[B]21.197[C]5.386[I]0.44;;1;1
220225;5-16-1;;;14150121;A;[B]0.117[C]0.207[AN]0.293;;1;1
220225;5-16-2;;;12703703;A;[C]0.81[I]0.382[D]0.43;;1;1
220225;5-16-3;;;10534079;A;[C]2.529[I]1.571[D]1.564;;1;1
220225;5-16-4;;;8759213;A;[C]6.412[I]3.63[D]3.28;;1;1
220225;5-16-5;;;6917268;A;[C]16.685[I]10.099[D]8.385;;1;1
220225;5-17-1;;;13492701;A;[C]0.555[I]0.145[D]0.271;;1;1
220225;5-17-2;;;12768979;A;[C]0.715[I]0.423[D]0.556;;1;1
220225;5-17-3;;;10599609;A;[C]2.321[I]1.508[D]2.133;;1;1
220225;5-17-4;;;8561310;A;[C]6.312[I]4.367[D]5.937;;1;1
220225;5-17-5;;;6916231;A;[C]14.645[I]11.626[D]13.947;;1;1
220225;5-18-1;;;14477794;A;[C]0.211[L]0.221[D]0.166;;1;1
220225;5-18-2;;;12636105;A;[B]0.9[C]0.814[D]0.369;;1;1
220225;5-18-3;;;10861489;A;[B]2.219[C]2.359[D]1.427;;1;1
220225;5-18-4;;;8297362;A;[B]6.975[C]10.016[D]4.994;;1;1
220225;5-18-5;;;6521207;A;[B]18.109[C]27.966[D]13.093;;1;1
220225;5-19-1;;;14281187;A;[C]0.284[L]0.188[D]0.184;;1;1
220225;5-19-2;;;12701896;A;[B]0.876[C]0.744[D]0.519;;1;1
220225;5-19-3;;;10335659;A;[B]2.863[C]3.276[D]1.94;;1;1
220225;5-19-4;;;8428174;A;[C]4.485[I]5.937[D]10.092;;1;1
220225;5-19-5;;;6258034;A;[C]23.129[I]15.761[D]31.597;;1;1
220225;5-20-1;;;13752276;A;[B]0.435[L]1.15[D]0.134;;1;1
220225;5-20-2;;;12173758;A;[B]1.534[L]2.796[D]0.452;;1;1
220225;5-20-3;;;11384242;A;[B]3.813[C]0.975[D]0.309;;1;1
220225;5-20-4;;;9672849;A;[B]10.704[C]1.061[D]0.992;;1;1
220225;5-20-5;;;8093562;A;[B]24.546[C]2.544[D]2.209;;1;1
220225;5-2-1;;;13883874;A;[B]0.236[L]0.27[F]0.131;;1;1
220225;5-21-1;;;14017240;A;[C]0.288[I]0.152[D]0.44;;1;1
220225;5-21-2;;;12898504;A;[I]0.75[D]0.936[AN]0.176;;1;1
220225;5-21-3;;;10663594;A;[B]2.832[C]2.504[D]1.967;;1;1
220225;5-21-4;;;8296329;A;[B]8.62[C]8.59[D]6.739;;1;1
220225;5-2-2;;;13159122;A;[B]0.607[L]1.496[RN]0.626;;1;1
220225;5-22-1;;;14477535;A;[L]0.429[D]0.208[AN]0.193;;1;1
220225;5-22-2;;;12898502;A;[B]0.938[C]0.574[D]0.53;;1;1
220225;5-22-3;;;10202786;A;[B]4.15[C]3.152[D]2.497;;1;1
220225;5-22-4;;;8361350;A;[B]9.202[C]8.101[D]7.685;;1;1
220225;5-2-3;;;10200256;A;[B]0.96[I]3.667[RN]2.716;;1;1
220225;5-23-1;;;14477278;A;[B]0.122[C]0.211[D]0.196;;1;1
220225;5-23-2;;;12832195;A;[I]0.871[D]1.321;;1;1
220225;5-23-3;;;10794664;A;[C]0.53[I]2.434[D]4.016;;1;1
220225;5-23-4;;;8492675;A;[B]9.342[C]6.891[D]8.871;;1;1
220225;5-23-5;;;6256227;A;[B]28.494[T]18.156[D]25.584;;1;1
220225;5-2-4;;;8687020;A;[B]2.478[I]7.217[RN]6.673;;1;1
220225;5-24-1;;;14543072;A;[C]0.149[L]0.311[D]0.202;;1;1
220225;5-24-2;;;13227464;A;[C]0.163[I]0.516[D]1.035;;1;1
220225;5-24-3;;;10859941;A;[B]3.067[C]1.899[D]2.289;;1;1
220225;5-24-4;;;8755077;A;[C]0.902[I]6.99[D]12.738;;1;1
220225;5-24-5;;;6321504;A;[B]27.891[T]16.751[D]28.302;;1;1
220225;5-2-5;;;7174296;A;[B]4.775[I]16.249[RN]11.864;;1;1
220225;5-25-1;;;14542557;A;[B]0.168[C]0.191[D]0.178;;1;1
220225;5-25-2;;;13161414;A;[B]0.803[C]0.436[D]0.623;;1;1
220225;5-25-3;;;10925217;A;[B]3.237[C]1.512[D]2.909;;1;1
220225;5-25-4;;;8623488;A;[B]9.748[C]5.535[D]8.949;;1;1
220225;5-2-6;;;6055300;A;[B]22.091[RN]19.629[F]10.836;;1;1
220225;5-26-1;;;14805727;A;[B]0.142[D]0.136[AN]0.158;;1;1
220225;5-26-2;;;13358278;A;[B]0.306[L]1.485[D]0.729;;1;1
220225;5-26-3;;;11187616;A;[B]3.218[C]1.038[D]2.844;;1;1
220225;5-26-4;;;9082751;A;[B]2.799[I]4.845[D]13.644;;1;1
220225;5-27-1;;;14345432;A;[B]0.273[D]0.282[AN]0.296;;1;1
220225;5-27-2;;;13357764;A;[B]0.874[C]0.312[D]0.796;;1;1
220225;5-27-3;;;11713444;A;[B]2.8[D]2.73[AN]0.562;;1;1
220225;5-27-4;;;9279099;A;[B]10.831[D]9.917[AN]1.643;;1;1
220225;5-27-5;;;7239770;A;[B]28.051[C]3.824[D]35.055;;1;1
220225;5-29-1;;;13817809;A;[E]0.323[I]0.518[D]0.269;;1;1
220225;5-29-2;;;11975602;A;[B]2.446[I]0.487[D]1.071;;1;1
220225;5-29-3;;;11383207;A;[B]3.637[I]0.669[D]1.457;;1;1
220225;5-29-4;;;10132112;A;[B]10.03[E]0.146[D]1.792;;1;1
220225;5-29-5;;;8289908;A;[B]24.425[E]1.25[D]3.699;;1;1
220225;5-3-1;;;14411242;A;[C]0.111[L]0.328[I]0.103;;1;1
220225;5-31-1;;;15198172;A;[E]0.172[I]0.09[D]0.122;;1;1
220225;5-31-2;;;13947588;A;[B]0.879[E]0.253[D]0.378;;1;1
220225;5-31-3;;;11776153;A;[B]3.849[E]1.546[D]1.862;;1;1
220225;5-31-4;;;10328189;A;[B]8.268[E]4.803[D]3.85;;1;1
220225;5-31-5;;;7762513;A;[B]27.15[E]22.933[D]20.276;;1;1
220225;5-3-2;;;13093845;A;[B]0.732[L]0.223[F]0.205;;1;1
220225;5-3-3;;;10529210;A;[B]2.966[C]0.09[F]1.039;;1;1
220225;5-3-4;;;8423584;A;[B]5.098[I]8.002[RN]4.815;;1;1
220225;5-34-1;;;15000797;A;[E]0.246[L]0.402[RN]0.09;;1;1
220225;5-34-2;;;13486783;A;[B]0.89[E]0.9[L]1;;1;1
220225;5-34-3;;;11840665;A;[B]2.522[E]4.209[I]0.773;;1;1
220225;5-34-4;;;10063478;A;[B]4.454[E]14.567[I]3.2;;1;1
220225;5-34-5;;;7957585;A;[B]28.984[V]0.52[E]40.32;;1;1
220225;5-3-5;;;6055295;A;[B]25.946[RN]11.512[F]10.553;;1;1
220225;5-36-1;;;15065301;A;[B]0.294[E]0.263;;1;1
220225;5-36-2;;;13289148;A;[B]0.97[E]1.03[I]0.334;;1;1
220225;5-36-3;;;11577242;A;[B]4.776[V]0.775[E]2.538;;1;1
220225;5-36-4;;;9338992;A;[B]15.036[V]3.6[E]12.421;;1;1
220225;5-37-1;;;14936549;A;[E]0.083[L]0.5;;1;1
220225;5-37-2;;;14277589;A;[V]0.09[E]0.37[L]1.117;;1;1
220225;5-37-3;;;13026493;A;[B]1.554[E]0.594[L]0.768;;1;1
220225;5-37-4;;;10064776;A;[B]10.763[V]0.49[E]3.573;;1;1
220225;5-37-5;;;7433313;A;[B]39.569[V]2.8[E]12.511;;1;1
220225;5-38-1;;;15131351;A;[V]0.09[E]0.347[L]0.357;;1;1
220225;5-38-2;;;13748673;A;[B]1.129[V]0.337[E]0.586;;1;1
220225;5-38-3;;;11510938;A;[B]4.845[V]1.574[E]2.408;;1;1
220225;5-38-4;;;9272435;A;[B]13.995[V]9.7[E]10.479;;1;1
220225;5-39-1;;;15064277;A;[B]0.252[V]0.225[E]0.305;;1;1
220225;5-39-2;;;13222334;A;[B]1.632[V]0.613[E]0.456;;1;1
220225;5-39-3;;;11444892;A;[B]3.857[E]3.23[RN]3.408;;1;1
220225;5-39-4;;;9404024;A;[B]8.4[E]13.881[RN]14.773;;1;1
220225;5-40-1;;;14541280;A;[V]0.09[E]0.112[L]0.736;;1;1
220225;5-40-2;;;13617346;A;[B]1.072[E]0.652[RN]0.496;;1;1
220225;5-40-3;;;11378844;A;[B]3.639[E]3.448[RN]4.118;;1;1
220225;5-40-4;;;9009527;A;[B]15.535[V]13.2[E]7.749;;1;1
220225;5-4-1;;;14081765;A;[B]0.233[C]0.187[F]0.094;;1;1
220225;5-41-1;;;14145492;A;[B]0.76[V]0.102[L]0.244;;1;1
220225;5-41-2;;;13552069;A;[B]1.274[V]0.321[E]0.233;;1;1
220225;5-41-3;;;11181724;A;[B]3.639[E]3.473[RN]5.224;;1;1
220225;5-41-4;;;9535873;A;[B]12.071[V]11.7[E]5.743;;1;1
220225;5-4-2;;;13358046;A;[B]0.367[C]0.155[F]0.193;;1;1
220225;5-42-1;;;14210514;A;[B]0.728[E]0.106[RN]0.211;;1;1
220225;5-42-2;;;13354180;A;[B]1.197[E]0.493[RN]0.965;;1;1
220225;5-42-3;;;11576484;A;[B]4.444[V]3.262[E]1.163;;1;1
220225;5-42-4;;;9273991;A;[B]14.848[V]8.926[E]1.55;;1;1
220225;5-4-3;;;9477298;A;[B]4.42[C]0.725[F]1.717;;1;1
220225;5-43-1;;;14079192;A;[B]0.452[V]0.421[L]0.579;;1;1
220225;5-43-2;;;13683404;A;[B]1.104[V]0.51;;1;1
220225;5-43-3;;;11774378;A;[B]3.664[V]2.762[E]0.72;;1;1
220225;5-43-4;;;9404809;A;[B]12.955[V]10.951[E]1.408;;1;1
220225;5-4-4;;;6846874;A;[B]10.332[C]2.642[F]7.297;;1;1
220225;5-4-5;;;5267584;A;[B]27.889[T]1.995[F]18.566;;1;1
220225;5-45-1;;;14802911;A;[V]0.156[E]0.18[I]0.169;;1;1
220225;5-45-2;;;13552846;A;[B]0.969[V]0.326[I]0.156;;1;1
220225;5-45-3;;;11840177;A;[V]2.802[E]2.634[F]0.671;;1;1
220225;5-45-4;;;9668499;A;[B]10.383[V]10[F]0.175;;1;1
220225;5-45-5;;;7760498;A;[B]29.496[V]25.588[E]1.97;;1;1
220225;5-46-1;;;15065824;A;[E]0.2[I]0.09[RN]0.215;;1;1
220225;5-46-2;;;13618129;A;[B]0.943[RN]0.843;;1;1
220225;5-46-3;;;11643571;A;[B]3.474[V]2.509[F]0.154;;1;1
220225;5-46-4;;;9603222;A;[B]9.614[V]9.85[F]0.458;;1;1
220225;5-46-5;;;7826296;A;[B]25.523[V]27.041[F]0.384;;1;1
220225;5-48-1;;;14802654;A;[V]0.244[E]0.202[I]0.161;;1;1
220225;5-48-2;;;13618641;A;[B]0.797[V]0.323[I]0.228;;1;1
220225;5-48-3;;;11644344;A;[B]3.159[L]0.091[RN]3.241;;1;1
220225;5-48-4;;;9407130;A;[B]8.554[V]7.7[F]0.914;;1;1
220225;5-48-5;;;7498621;A;[B]22.791[V]24.357[F]2.23;;1;1
220225;5-50-1;;;14935528;A;[V]0.142[L]0.437;;1;1
220225;5-50-2;;;13487572;A;[B]0.612[V]0.409[I]0.38;;1;1
220225;5-50-3;;;11185080;A;[B]3.224[V]1.305[F]0.568;;1;1
220225;5-50-4;;;9144731;A;[B]8.784[V]6.19[F]1.403;;1;1
220225;5-50-5;;;6513278;A;[B]23.349[V]32.93[F]6.575;;1;1
220225;5-5-1;;;14213613;A;[L]0.294[AN]0.09[F]0.091;;1;1
220225;5-5-2;;;12568272;A;[B]1.016[C]0.184[F]0.258;;1;1
220225;5-5-3;;;10332088;A;[B]2.069[I]3.037[F]0.173;;1;1
220225;5-5-4;;;7174538;A;[B]18.044[C]3.508[F]4.275;;1;1
220225;5-6-1;;;14411241;A;[B]0.137[C]0.252[RN]0.121;;1;1
220225;5-6-2;;;12832983;A;[B]0.594[C]0.55[I]0.319;;1;1
220225;5-6-3;;;10267064;A;[B]3.337[C]1.153[F]0.814;;1;1
220225;5-6-4;;;7964827;A;[B]9.838[C]3.998[F]2.642;;1;1
220225;5-6-5;;;5728383;A;[B]28.665[C]12.782[F]10.575;;1;1
220225;5-9-1;;;13425379;A;[B]0.285[C]0.432[F]0.095;;1;1
220225;5-9-2;;;12897746;A;[B]0.927[C]0.396[F]0.101;;1;1
220225;5-9-3;;;10136245;A;[B]0.861[L]13.825;;1;1
220225;5-9-4;;;8032159;A;[C]0.494[L]40.392;;1;1
220225;5-9-5;;;5729667;A;[B]26.147[C]25.765[F]7.76;;1;1
