2507031200;[Default];W-1 Фарбитекс ВДК Кухни и ванн NEW NCS II;;;;;[lt]1;1;1
220225;S 0300-N;;;14342109;A;[L]0.133;;1;1
220225;S 0500-N;;;14013143;A;[B]0.09[L]0.163;;1;1
220225;S 0502-B;;;14078160;A;[E]0.156[L]0.177;;1;1
220225;S 0502-B50G;;;14078159;A;[B]0.09[L]0.092[D]0.104;;1;1
220225;S 0502-G;;;13816017;A;[B]0.09[L]0.174[D]0.105;;1;1
220225;S 0502-G50Y;;;13750996;A;[B]0.085[C]0.188[D]0.085;;1;1
220225;S 0502-R;;;13749975;A;[B]0.125[AN]0.11[RN]0.106;;1;1
220225;S 0502-R50B;;;13946322;A;[E]0.11[L]0.22[RN]0.098;;1;1
220225;S 0502-Y;;;13488599;A;[B]0.09[L]0.09[AN]0.24;;1;1
220225;S 0502-Y50R;;;13487575;A;[B]0.09[I]0.09[AN]0.133;;1;1
220225;S 0505-B20G;;;14077898;A;[E]0.176[L]0.157[D]0.11;;1;1
220225;S 0505-B50G;;;13881034;A;[E]0.133[L]0.21[D]0.138;;1;1
220225;S 0505-B80G;;;14013391;A;[B]0.09[D]0.138[AN]0.09;;1;1
220225;S 0505-G;;;13750735;A;[B]0.09[C]0.116[D]0.169;;1;1
220225;S 0505-G10Y;;;13750994;A;[I]0.09[D]0.167[AN]0.127;;1;1
220225;S 0505-G20Y;;;13488335;A;[L]0.338[D]0.154[AN]0.147;;1;1
220225;S 0505-G30Y;;;13357008;A;[L]0.378[D]0.129[AN]0.15;;1;1
220225;S 0505-G40Y;;;13554901;A;[L]0.285[D]0.09[AN]0.261;;1;1
220225;S 0505-G50Y;;;13358551;A;[C]0.289[D]0.108;;1;1
220225;S 0505-G60Y;;;13292502;A;[I]0.09[D]0.09[AN]0.363;;1;1
220225;S 0505-G70Y;;;13226454;A;[B]0.126[AN]0.491;;1;1
220225;S 0505-G80Y;;;13161175;A;[B]0.097[L]0.09[AN]0.516;;1;1
220225;S 0505-G90Y;;;13161436;A;[B]0.09[C]0.127[AN]0.375;;1;1
220225;S 0505-R;;;13552343;A;[B]0.117[AN]0.191[RN]0.28;;1;1
220225;S 0505-R10B;;;13551572;A;[V]0.095[E]0.143[F]0.09;;1;1
220225;S 0505-R20B;;;13682899;A;[V]0.153[E]0.09[I]0.176;;1;1
220225;S 0505-R30B;;;13880020;A;[B]0.09[V]0.178[L]0.176;;1;1
220225;S 0505-R40B;;;13879504;A;[V]0.194[E]0.129[I]0.115;;1;1
220225;S 0505-R50B;;;13945295;A;[V]0.184[E]0.146[L]0.338;;1;1
220225;S 0505-R60B;;;14273999;A;[B]0.09[E]0.107[RN]0.111;;1;1
220225;S 0505-R70B;;;14077133;A;[E]0.212[L]0.239[RN]0.104;;1;1
220225;S 0505-R80B;;;14076875;A;[V]0.09[E]0.257[L]0.225;;1;1
220225;S 0505-R90B;;;14142923;A;[B]0.146[E]0.188;;1;1
220225;S 0505-Y;;;13030108;A;[B]0.09[C]0.194[AN]0.327;;1;1
220225;S 0505-Y10R;;;12898267;A;[L]0.146[I]0.09[AN]0.579;;1;1
220225;S 0505-Y20R;;;12767197;A;[B]0.09[C]0.275[T]0.245;;1;1
220225;S 0505-Y30R;;;12701150;A;[I]0.135[AN]0.667[RN]0.09;;1;1
220225;S 0505-Y40R;;;12766429;A;[C]0.459[L]0.12[I]0.09;;1;1
220225;S 0505-Y50R;;;12634330;A;[C]0.386[L]0.193[I]0.152;;1;1
220225;S 0505-Y60R;;;13159389;A;[C]0.213[I]0.16;;1;1
220225;S 0505-Y70R;;;13027288;A;[C]0.09[L]0.09[I]0.2;;1;1
220225;S 0505-Y80R;;;13355738;A;[L]0.323[AN]0.105[RN]0.202;;1;1
220225;S 0505-Y90R;;;13355480;A;[B]0.112[AN]0.227[RN]0.29;;1;1
220225;S 0507-B;;;14274248;A;[E]0.34[L]0.154[D]0.083;;1;1
220225;S 0507-B20G;;;14143688;A;[E]0.208[L]0.137[D]0.145;;1;1
220225;S 0507-B80G;;;13947595;A;[L]0.214[D]0.263;;1;1
220225;S 0507-G;;;13685710;A;[L]0.21[D]0.22[AN]0.1;;1;1
220225;S 0507-G40Y;;;13160914;A;[L]0.283[D]0.119[AN]0.398;;1;1
220225;S 0507-G80Y;;;12767447;A;[B]0.132[AN]0.751;;1;1
220225;S 0507-R;;;13420503;A;[B]0.116[AN]0.134[RN]0.4;;1;1
220225;S 0507-R20B;;;13682389;A;[B]0.09[V]0.273[I]0.09;;1;1
220225;S 0507-R40B;;;14010578;A;[V]0.29[E]0.09[L]0.181;;1;1
220225;S 0507-R60B;;;14273486;A;[B]0.09[V]0.174[E]0.135;;1;1
220225;S 0507-R80B;;;14273737;A;[V]0.09[E]0.302[L]0.116;;1;1
220225;S 0507-Y;;;12636381;A;[C]0.09[L]0.369[AN]0.652;;1;1
220225;S 0507-Y20R;;;12373214;A;[I]0.112[AN]0.938[RN]0.09;;1;1
220225;S 0507-Y40R;;;12437725;A;[C]0.574[I]0.167;;1;1
220225;S 0507-Y60R;;;12765149;A;[C]0.383[I]0.169[RN]0.137;;1;1
220225;S 0507-Y80R;;;13224156;A;[C]0.124[I]0.161[RN]0.174;;1;1
220225;S 0510-B;;;13945023;A;[E]0.56[L]0.291[D]0.083;;1;1
220225;S 0510-B10G;;;13945791;A;[E]0.36[L]0.225[D]0.287;;1;1
220225;S 0510-B50G;;;13947077;A;[E]0.104[L]0.239[D]0.398;;1;1
220225;S 0510-B70G;;;13750467;A;[L]0.3[D]0.556;;1;1
220225;S 0510-B90G;;;13553863;A;[B]0.09[C]0.141[D]0.4;;1;1
220225;S 0510-G;;;13357513;A;[I]0.09[D]0.481[AN]0.283;;1;1
220225;S 0510-G10Y;;;13292236;A;[I]0.09[D]0.363[AN]0.345;;1;1
220225;S 0510-G20Y;;;13095116;A;[I]0.09[D]0.306[AN]0.398;;1;1
220225;S 0510-G30Y;;;12832973;A;[C]0.542[D]0.32;;1;1
220225;S 0510-G40Y;;;12767954;A;[L]0.25[D]0.142[AN]0.722;;1;1
220225;S 0510-G50Y;;;12635856;A;[I]0.101[D]0.178[AN]0.718;;1;1
220225;S 0510-G60Y;;;12439506;A;[I]0.107[D]0.147[AN]0.862;;1;1
220225;S 0510-G70Y;;;12243927;A;[L]0.297[D]0.09[AN]1.154;;1;1
220225;S 0510-G80Y;;;12112087;A;[B]0.113[L]0.09[AN]1.267;;1;1
220225;S 0510-G90Y;;;12243163;A;[B]0.105[C]0.239[AN]0.963;;1;1
220225;S 0510-R;;;13025495;A;[C]0.09[L]0.617[RN]0.764;;1;1
220225;S 0510-R10B;;;13353943;A;[L]0.5[RN]0.613;;1;1
220225;S 0510-R20B;;;13353427;A;[V]0.518[L]0.676;;1;1
220225;S 0510-R30B;;;13681619;A;[B]0.09[V]0.465[L]0.228;;1;1
220225;S 0510-R40B;;;13944273;A;[V]0.405[E]0.09[L]0.252;;1;1
220225;S 0510-R50B;;;14075599;A;[V]0.32[E]0.188[I]0.09;;1;1
220225;S 0510-R60B;;;14075594;A;[E]0.344[RN]0.418;;1;1
220225;S 0510-R70B;;;14141383;A;[V]0.2[E]0.374[L]0.222;;1;1
220225;S 0510-R80B;;;14076099;A;[B]0.103[V]0.09[E]0.396;;1;1
220225;S 0510-R90B;;;14207683;A;[B]0.09[E]0.421;;1;1
220225;S 0510-Y;;;11848408;A;[B]0.114[C]0.58[AN]0.736;;1;1
220225;S 0510-Y10R;;;11652319;A;[C]0.879[L]0.151[AN]0.554;;1;1
220225;S 0510-Y20R;;;11651295;A;[C]1.309[L]0.24;;1;1
220225;S 0510-Y30R;;;11912927;A;[C]1.078[RN]0.204;;1;1
220225;S 0510-Y40R;;;11781087;A;[C]1.018[I]0.09[F]0.09;;1;1
220225;S 0510-Y50R;;;12240094;A;[C]0.591[I]0.094[F]0.09;;1;1
220225;S 0510-Y60R;;;12436703;A;[C]0.4[F]0.139;;1;1
220225;S 0510-Y70R;;;12370399;A;[C]0.615[RN]0.688;;1;1
220225;S 0510-Y80R;;;12632542;A;[C]0.114[F]0.188;;1;1
220225;S 0510-Y90R;;;12829404;A;[I]0.113[RN]0.09[F]0.122;;1;1
220225;S 0515-B;;;14010037;A;[E]0.852[L]0.208[D]0.2;;1;1
220225;S 0515-B20G;;;13813940;A;[B]0.09[E]0.515[D]0.586;;1;1
220225;S 0515-B50G;;;13683896;A;[E]0.279[L]0.188[D]0.681;;1;1
220225;S 0515-B80G;;;13290938;A;[B]0.096[C]0.105[D]0.909;;1;1
220225;S 0515-G;;;12963777;A;[C]0.331[D]0.724;;1;1
220225;S 0515-G20Y;;;12438468;A;[C]0.674[D]0.662;;1;1
220225;S 0515-G40Y;;;12177102;A;[C]0.526[D]0.319[AN]0.55;;1;1
220225;S 0515-G60Y;;;11587025;A;[I]0.107[D]0.201[AN]1.798;;1;1
220225;S 0515-G80Y;;;11390679;A;[B]0.151[AN]2.171;;1;1
220225;S 0515-G90Y;;;11259100;A;[B]0.101[C]0.409[AN]1.855;;1;1
220225;S 0515-R;;;12630487;A;[C]0.131[L]0.559[RN]1.291;;1;1
220225;S 0515-R10B;;;12958677;A;[V]0.644[L]0.398[F]0.098;;1;1
220225;S 0515-R20B;;;13220819;A;[V]0.742[E]0.09[F]0.109;;1;1
220225;S 0515-R40B;;;13942992;A;[V]0.611[E]0.142[RN]0.18;;1;1
220225;S 0515-R60B;;;14139588;A;[V]0.561[E]0.521[RN]0.09;;1;1
220225;S 0515-R80B;;;14140089;A;[B]0.102[V]0.195[E]0.801;;1;1
220225;S 0515-R90B;;;14074807;A;[V]0.09[E]0.94[L]0.211;;1;1
220225;S 0515-Y;;;11193568;A;[C]0.596[L]0.242[AN]1.647;;1;1
220225;S 0515-Y10R;;;10995680;A;[C]1.391[L]0.2[AN]0.9;;1;1
220225;S 0515-Y20R;;;10798303;A;[T]1.326[I]0.221[AN]0.677;;1;1
220225;S 0515-Y30R;;;10665439;A;[T]1.676[I]0.14[F]0.128;;1;1
220225;S 0515-Y40R;;;10927328;A;[C]1.964[RN]0.672;;1;1
220225;S 0515-Y50R;;;11123423;A;[C]1.728[RN]1.05;;1;1
220225;S 0515-Y60R;;;11451103;A;[T]0.705[RN]0.15[F]0.252;;1;1
220225;S 0515-Y70R;;;11581661;A;[T]0.481[RN]0.3[F]0.27;;1;1
220225;S 0515-Y80R;;;12106462;A;[C]0.62[RN]1.206;;1;1
220225;S 0515-Y90R;;;12237018;A;[I]0.122[RN]0.402[F]0.217;;1;1
220225;S 0520-B;;;14009517;A;[B]0.09[E]1.058[D]0.478;;1;1
220225;S 0520-B10G;;;13747368;A;[B]0.083[E]1.076[D]0.83;;1;1
220225;S 0520-B40G;;;13420202;A;[B]0.121[E]0.495[D]1.221;;1;1
220225;S 0520-B50G;;;13420973;A;[B]0.084[E]0.321[D]1.234;;1;1
220225;S 0520-B60G;;;13289901;A;[B]0.114[E]0.128[D]1.536;;1;1
220225;S 0520-B70G;;;13224877;A;[I]0.09[D]1.811;;1;1
220225;S 0520-B90G;;;12832180;A;[C]0.209[D]1.33[AN]0.17;;1;1
220225;S 0520-G;;;12570040;A;[B]0.087[D]1.048[AN]0.699;;1;1
220225;S 0520-G10Y;;;12176825;A;[L]0.23[D]1.095[AN]1.074;;1;1
220225;S 0520-G20Y;;;11979711;A;[C]0.524[D]0.899[AN]0.653;;1;1
220225;S 0520-G30Y;;;11454914;A;[I]0.136[D]0.689[AN]1.825;;1;1
220225;S 0520-G40Y;;;11127753;A;[C]0.563[D]0.505[AN]1.751;;1;1
220225;S 0520-G50Y;;;11129040;A;[L]0.177[D]0.246[AN]2.524;;1;1
220225;S 0520-G60Y;;;10734542;A;[I]0.132[D]0.285[AN]3.004;;1;1
220225;S 0520-G70Y;;;10801623;A;[B]0.09[D]0.09[AN]3.298;;1;1
220225;S 0520-G80Y;;;10538457;A;[B]0.133[T]0.09[AN]3.51;;1;1
220225;S 0520-G90Y;;;10341081;A;[B]0.13[C]0.348[AN]3.4;;1;1
220225;S 0520-R;;;11972825;A;[C]0.318[I]0.205[RN]2.335;;1;1
220225;S 0520-R10B;;;12366292;A;[V]1.155[I]0.183[F]0.171;;1;1
220225;S 0520-R20B;;;12825810;A;[V]1.245[E]0.09[F]0.162;;1;1
220225;S 0520-R30B;;;13350867;A;[V]1.276[L]0.294[I]0.098;;1;1
220225;S 0520-R40B;;;13613005;A;[V]1.43[E]0.18[I]0.09;;1;1
220225;S 0520-R50B;;;13809861;A;[B]0.09[V]1.24[E]0.372;;1;1
220225;S 0520-R60B;;;14006974;A;[V]0.856[E]0.686;;1;1
220225;S 0520-R70B;;;14138551;A;[V]0.546[E]0.954[RN]0.09;;1;1
220225;S 0520-R80B;;;14073521;A;[E]1.276[RN]0.276;;1;1
220225;S 0520-R90B;;;14008237;A;[B]0.147[E]1.279;;1;1
220225;S 0520-Y;;;10406367;A;[C]0.835[L]0.342[AN]2.749;;1;1
220225;S 0520-Y10R;;;10471137;A;[C]1.954[AN]1.126;;1;1
220225;S 0520-Y20R;;;9879777;A;[C]2.636[AN]1.897[RN]0.246;;1;1
220225;S 0520-Y30R;;;10140128;A;[T]2.305[I]0.107[F]0.189;;1;1
220225;S 0520-Y40R;;;10139617;A;[T]2.206[RN]0.09[F]0.272;;1;1
220225;S 0520-Y50R;;;10203614;A;[T]1.982[RN]1.554;;1;1
220225;S 0520-Y60R;;;10662624;A;[T]1.808[L]0.11[RN]1.86;;1;1
220225;S 0520-Y70R;;;10858460;A;[C]1.658[RN]2.238;;1;1
220225;S 0520-Y80R;;;11383263;A;[C]0.708[AN]0.5[RN]2.367;;1;1
220225;S 0520-Y90R;;;11645404;A;[T]0.65[I]0.154[RN]2.253;;1;1
220225;S 0525-R60B;;;13873846;A;[V]1.678[E]1.156;;1;1
220225;S 0525-R70B;;;14071472;A;[V]0.973[E]1.367;;1;1
220225;S 0530-B;;;13876117;A;[E]2.853[D]0.809;;1;1
220225;S 0530-B10G;;;13548689;A;[E]2.923[D]1.69;;1;1
220225;S 0530-B30G;;;13221777;A;[E]1.804[D]2.528;;1;1
220225;S 0530-B40G;;;13157012;A;[E]1.337[D]2.76;;1;1
220225;S 0530-B50G;;;13223319;A;[E]0.806[D]2.871;;1;1
220225;S 0530-B60G;;;12829847;A;[E]0.575[L]0.09[D]3.073;;1;1
220225;S 0530-B70G;;;12633496;A;[E]0.12[I]0.084[D]3.907;;1;1
220225;S 0530-B90G;;;12175775;A;[D]3[AN]0.784;;1;1
220225;S 0530-G;;;11322529;A;[I]0.087[D]3[AN]1.649;;1;1
220225;S 0530-G10Y;;;10929575;A;[B]0.106[D]2.378[AN]2.429;;1;1
220225;S 0530-G20Y;;;10536365;A;[C]0.485[D]2.086[AN]2.724;;1;1
220225;S 0530-G30Y;;;10077365;A;[C]0.82[D]1.682[AN]3.473;;1;1
220225;S 0530-G40Y;;;9946817;A;[C]0.769[D]0.933[AN]4.003;;1;1
220225;S 0530-G50Y;;;9488325;A;[B]0.157[D]0.563[AN]6.464;;1;1
220225;S 0530-G60Y;;;9226187;A;[C]0.716[D]0.493[AN]6.317;;1;1
220225;S 0530-G70Y;;;9359317;A;[D]0.19[AN]6.963;;1;1
220225;S 0530-G80Y;;;9226712;A;[B]0.178[AN]7.207;;1;1
220225;S 0530-G90Y;;;9161696;A;[C]0.132[L]0.378[AN]7.668;;1;1
220225;S 0530-R;;;10920154;A;[C]0.671[I]0.124[RN]5.685;;1;1
220225;S 0530-R10B;;;11641556;A;[V]2.009[RN]1.588[F]0.281;;1;1
220225;S 0530-R20B;;;12429524;A;[V]2.215[RN]0.95[F]0.113;;1;1
220225;S 0530-R30B;;;12559564;A;[B]0.166[V]3.556[F]0.09;;1;1
220225;S 0530-R40B;;;13216199;A;[V]3.01[E]0.333[RN]0.155;;1;1
220225;S 0530-R50B;;;13543354;A;[V]3.356[E]0.968;;1;1
220225;S 0530-R80B;;;13939357;A;[V]0.606[E]2.988[L]0.09;;1;1
220225;S 0530-R90B;;;13874327;A;[V]0.09[E]3.622[I]0.09;;1;1
220225;S 0530-Y;;;8897761;A;[C]1.542[L]0.21[AN]6.876;;1;1
220225;S 0530-Y10R;;;8830434;A;[C]3.323[T]1.277[AN]2.496;;1;1
220225;S 0530-Y20R;;;8697825;A;[T]3.016[AN]4.024[F]0.278;;1;1
220225;S 0530-Y30R;;;8564706;A;[T]5.847[RN]1.567;;1;1
220225;S 0530-Y40R;;;8759779;A;[T]5.604[RN]2.785;;1;1
220225;S 0530-Y50R;;;8955363;A;[T]4.957[RN]3.929;;1;1
220225;S 0530-Y60R;;;9085405;A;[T]3.975[RN]3.676[F]0.253;;1;1
220225;S 0530-Y70R;;;9675232;A;[T]2.894[RN]5.297;;1;1
220225;S 0530-Y80R;;;10134239;A;[T]1.9[RN]5.189;;1;1
220225;S 0530-Y90R;;;10527196;A;[T]1.229[RN]5.111;;1;1
220225;S 0540-B;;;13348735;A;[E]6.5[D]1.76;;1;1
220225;S 0540-B10G;;;13350523;A;[E]6.044[D]3.521;;1;1
220225;S 0540-B30G;;;12892795;A;[E]3.384[D]5.07;;1;1
220225;S 0540-G;;;10666384;A;[C]0.09[D]5.504[AN]2.458;;1;1
220225;S 0540-G10Y;;;10011034;A;[L]0.091[D]4.2[AN]4.646;;1;1
220225;S 0540-G20Y;;;9487007;A;[D]3.661[AN]6.465;;1;1
220225;S 0540-G30Y;;;8765095;A;[C]0.816[D]3.157[AN]8.541;;1;1
220225;S 0540-G40Y;;;8569528;A;[C]0.693[D]1.585[AN]9.379;;1;1
220225;S 0540-G50Y;;;8110270;A;[I]0.17[D]1.128[AN]13.045;;1;1
220225;S 0540-G60Y;;;7915467;A;[C]0.446[D]0.633[AN]13.096;;1;1
220225;S 0540-G70Y;;;7850449;A;[L]0.096[D]0.325[AN]13.562;;1;1
220225;S 0540-G80Y;;;7587285;A;[B]0.156[D]0.111[AN]16.01;;1;1
220225;S 0540-G90Y;;;7521759;A;[B]0.107[C]0.3[AN]15.719;;1;1
220225;S 0540-R;;;9736148;A;[C]0.942[RN]11.491[F]0.205;;1;1
220225;S 0540-R10B;;;10523089;A;[V]2.832[RN]5.389[F]0.441;;1;1
220225;S 0540-R20B;;;11244749;A;[V]6.266[RN]1.829[F]0.291;;1;1
220225;S 0540-R30B;;;12294094;A;[V]7.25[RN]0.242;;1;1
220225;S 0540-R90B;;;13937796;A;[V]0.16[E]6.344;;1;1
220225;S 0540-Y;;;7783140;A;[C]2.368[AN]12.037;;1;1
220225;S 0540-Y10R;;;7649768;A;[T]8.912[L]0.18[I]0.091;;1;1
220225;S 0540-Y20R;;;7385064;A;[T]9.956[RN]0.996;;1;1
220225;S 0540-Y30R;;;7316964;A;[T]11.421[RN]3;;1;1
220225;S 0540-Y40R;;;7314400;A;[T]10.944[RN]4.753;;1;1
220225;S 0540-Y50R;;;7707103;A;[T]9.046[RN]6.427;;1;1
220225;S 0540-Y60R;;;8033500;A;[T]7.723[RN]8.728;;1;1
220225;S 0540-Y70R;;;8425948;A;[T]6.03[RN]11.295;;1;1
220225;S 0540-Y80R;;;8818650;A;[T]3.784[RN]11.646;;1;1
220225;S 0540-Y90R;;;9408727;A;[T]2.235[RN]11;;1;1
220225;S 0550-G10Y;;;8829831;A;[D]8.91[AN]9.616;;1;1
220225;S 0550-G20Y;;;8108177;A;[D]6.727[AN]13.697;;1;1
220225;S 0550-G30Y;;;7518367;A;[C]0.763[D]4.331[AN]18.2;;1;1
220225;S 0550-G40Y;;;7060656;A;[C]0.783[D]2.57[AN]21.2;;1;1
220225;S 0550-G50Y;;;6667705;A;[B]0.179[D]1.683[AN]26.2;;1;1
220225;S 0550-G60Y;;;6340805;A;[C]0.46[D]1.049[AN]27.377;;1;1
220225;S 0550-G70Y;;;6276302;A;[C]0.128[D]0.534[AN]27.504;;1;1
220225;S 0550-G80Y;;;6144466;A;[C]1.079[D]0.406[AN]28.96;;1;1
220225;S 0550-G90Y;;;6078426;A;[B]0.19[L]0.21[AN]30.014;;1;1
220225;S 0550-R;;;8485835;A;[C]0.893[RN]23.034[F]0.812;;1;1
220225;S 0550-R10B;;;9338569;A;[V]5.902[RN]13.051[F]0.676;;1;1
220225;S 0550-Y;;;6141919;A;[C]4.46[AN]24.465;;1;1
220225;S 0550-Y10R;;;6271977;A;[T]16.88[I]0.154;;1;1
220225;S 0550-Y20R;;;6203107;A;[C]2.444[T]16.633[RN]1.402;;1;1
220225;S 0550-Y30R;;;6134755;A;[T]20.219[RN]4.803;;1;1
220225;S 0550-Y40R;;;6132190;A;[T]19.782[RN]8.202;;1;1
220225;S 0550-Y50R;;;6392796;A;[T]17.09[RN]12.1;;1;1
220225;S 0550-Y60R;;;6850520;A;[T]14.513[RN]15.734;;1;1
220225;S 0550-Y70R;;;7177691;A;[T]12.514[RN]18.804;;1;1
220225;S 0550-Y80R;;;7700439;A;[T]7.665[RN]22.852;;1;1
220225;S 0550-Y90R;;;8027599;A;[T]4[RN]23.413[F]0.307;;1;1
220225;S 0560-G30Y;;;6206358;A;[I]0.094[D]6.783[AN]34.467;;1;1
220225;S 0560-G40Y;;;5616805;A;[B]0.296[D]3.993[AN]42.52;;1;1
220225;S 0560-G50Y;;;5093555;A;[B]0.11[D]2.658[AN]53.996;;1;1
220225;S 0560-G60Y;;;4832449;A;[D]1.302[AN]52.801;;1;1
220225;S 0560-G70Y;;;4505035;A;[C]0.151[D]0.812[AN]55.117;;1;1
220225;S 0560-G80Y;;;4438991;A;[B]0.149[D]0.381[AN]58.657;;1;1
220225;S 0560-G90Y;;;3979734;A;[B]0.455[AN]68.913;;1;1
220225;S 0560-R;;;7432645;A;[C]2.3[RN]52.864[F]0.387;;1;1
220225;S 0560-Y;;;4371168;A;[C]8.596[AN]56;;1;1
220225;S 0560-Y10R;;;4762343;A;[C]0.642[T]31.419[L]0.673;;1;1
220225;S 0560-Y20R;;;4759267;A;[C]3.632[T]34.154[RN]2.18;;1;1
220225;S 0560-Y30R;;;5149922;A;[T]31.531[RN]6.5;;1;1
220225;S 0560-Y40R;;;5278945;A;[T]32.029[RN]11;;1;1
220225;S 0560-Y50R;;;5472989;A;[T]32.011[RN]17.988;;1;1
220225;S 0560-Y70R;;;6058962;A;[T]23.066[RN]39.178;;1;1
220225;S 0560-Y90R;;;6777291;A;[T]9.069[RN]55.441;;1;1
220225;S 0570-Y10R;;;2468073;A;[T]56.113[D]0.1[AN]19.086;;1;1
220225;S 0570-Y20R;;;3316201;A;[T]60.2[RN]2.621;;1;1
220225;S 0570-Y30R;;;3705313;A;[T]62.786[RN]9.269;;1;1
220225;S 0603-G40Y;;;13553361;A;[I]0.14[D]0.15[AN]0.09;;1;1
220225;S 0603-G80Y;;;13356755;A;[B]0.162[L]0.09[AN]0.243;;1;1
220225;S 0603-R20B;;;13814483;A;[V]0.142[E]0.09[I]0.105;;1;1
220225;S 0603-R40B;;;13945553;A;[V]0.129[E]0.139[I]0.09;;1;1
220225;S 0603-R60B;;;14011086;A;[V]0.108[E]0.194[I]0.09;;1;1
220225;S 0603-R80B;;;14011597;A;[V]0.09[E]0.193[L]0.232;;1;1
220225;S 0603-Y20R;;;13094358;A;[B]0.149[C]0.336;;1;1
220225;S 0603-Y40R;;;13225174;A;[B]0.122[I]0.095[AN]0.311;;1;1
220225;S 0603-Y60R;;;13355990;A;[B]0.09[C]0.114[I]0.123;;1;1
220225;S 0603-Y80R;;;13618132;A;[B]0.117[L]0.09[I]0.09;;1;1
220225;S 0804-B50G;;;13617607;A;[E]0.236[L]0.55[D]0.103;;1;1
220225;S 0804-G20Y;;;13092809;A;[B]0.374[D]0.14[AN]0.298;;1;1
220225;S 0804-G60Y;;;12962253;A;[L]0.872[D]0.138[AN]0.179;;1;1
220225;S 0804-G90Y;;;12765392;A;[B]0.294[C]0.157[AN]0.396;;1;1
220225;S 0804-R10B;;;13419728;A;[B]0.158[V]0.197[L]0.414;;1;1
220225;S 0804-R30B;;;13550798;A;[V]0.212[E]0.184[I]0.178;;1;1
220225;S 0804-R50B;;;13813709;A;[B]0.151[E]0.153[RN]0.273;;1;1
220225;S 0804-R70B;;;13813449;A;[B]0.205[E]0.202[RN]0.168;;1;1
220225;S 0804-R90B;;;13748168;A;[B]0.319[E]0.155;;1;1
220225;S 0804-Y10R;;;12831187;A;[I]0.221[D]0.093[AN]0.405;;1;1
220225;S 0804-Y30R;;;12699602;A;[B]0.192[C]0.441[I]0.09;;1;1
220225;S 0804-Y50R;;;12698834;A;[B]0.184[C]0.336[I]0.172;;1;1
220225;S 0804-Y70R;;;13092305;A;[B]0.155[C]0.1[I]0.204;;1;1
220225;S 0804-Y90R;;;13223120;A;[B]0.189[I]0.224;;1;1
220225;S 0907-B20G;;;13485246;A;[E]0.485[I]0.185[D]0.281;;1;1
220225;S 0907-B80G;;;13223617;A;[B]0.206[I]0.122[D]0.533;;1;1
220225;S 0907-G20Y;;;12698820;A;[C]0.134[L]1.099[D]0.463;;1;1
220225;S 0907-G60Y;;;12371659;A;[L]1.131[D]0.182[AN]0.528;;1;1
220225;S 0907-G90Y;;;11977934;A;[B]0.374[I]0.09[AN]1.157;;1;1
220225;S 0907-R10B;;;12958924;A;[V]0.275[E]0.276[F]0.165;;1;1
220225;S 0907-R30B;;;13352908;A;[B]0.331[V]0.402[I]0.09;;1;1
220225;S 0907-R50B;;;13483975;A;[B]0.339[V]0.414[E]0.15;;1;1
220225;S 0907-R70B;;;13615811;A;[V]0.229[E]0.531[I]0.15;;1;1
220225;S 0907-R90B;;;13550271;A;[B]0.391[E]0.431;;1;1
220225;S 0907-Y10R;;;11846609;A;[B]0.271[C]1.054[L]0.09;;1;1
220225;S 0907-Y30R;;;11780050;A;[B]0.227[C]0.843[F]0.09;;1;1
220225;S 0907-Y50R;;;11976145;A;[C]0.365[L]1.243[F]0.09;;1;1
220225;S 0907-Y70R;;;12238031;A;[L]0.579[I]0.532[AN]0.09;;1;1
220225;S 0907-Y90R;;;12631502;A;[B]0.224[I]0.376[RN]0.255;;1;1
220225;S 1000-N;;;13222857;A;[B]0.419[L]0.378;;1;1
220225;S 1002-B;;;13353667;A;[B]0.48[E]0.163[D]0.095;;1;1
220225;S 1002-B50G;;;13288389;A;[B]0.438[L]0.309[D]0.218;;1;1
220225;S 1002-G;;;13091525;A;[B]0.315[I]0.184[D]0.349;;1;1
220225;S 1002-G50Y;;;12960968;A;[B]0.482[D]0.09[AN]0.329;;1;1
220225;S 1002-R;;;13091017;A;[B]0.424[V]0.09[L]0.485;;1;1
220225;S 1002-R50B;;;13287879;A;[B]0.537[V]0.09[E]0.109;;1;1
220225;S 1002-Y;;;12632264;A;[L]0.703[I]0.287[D]0.291;;1;1
220225;S 1002-Y50R;;;12763338;A;[B]0.443[C]0.206[I]0.103;;1;1
220225;S 1005-B;;;13287613;A;[E]0.593[I]0.259[D]0.09;;1;1
220225;S 1005-B20G;;;13156283;A;[B]0.675[E]0.119[D]0.408;;1;1
220225;S 1005-B50G;;;13157055;A;[E]0.468[L]1.036[D]0.176;;1;1
220225;S 1005-B80G;;;13025984;A;[B]0.448[I]0.146[D]0.468;;1;1
220225;S 1005-G;;;12829122;A;[B]0.141[I]0.323[D]0.49;;1;1
220225;S 1005-G10Y;;;12895171;A;[B]0.461[C]0.267[D]0.289;;1;1
220225;S 1005-G20Y;;;12632771;A;[C]0.09[I]0.385[D]0.572;;1;1
220225;S 1005-G30Y;;;12698309;A;[B]0.598[D]0.169[AN]0.474;;1;1
220225;S 1005-G40Y;;;12567237;A;[L]1.451[D]0.304[AN]0.09;;1;1
220225;S 1005-G50Y;;;12305094;A;[L]1.434[D]0.293[AN]0.342;;1;1
220225;S 1005-G60Y;;;12501960;A;[L]1.487[D]0.225[AN]0.255;;1;1
220225;S 1005-G70Y;;;12502218;A;[B]0.509[C]0.09[AN]0.592;;1;1
220225;S 1005-G80Y;;;12436683;A;[C]0.279[L]1.255[D]0.16;;1;1
220225;S 1005-G90Y;;;12174028;A;[B]0.474[C]0.323[AN]0.511;;1;1
220225;S 1005-R;;;12565191;A;[B]0.402[L]0.934[RN]0.445;;1;1
220225;S 1005-R10B;;;12959178;A;[V]0.23[E]0.237[I]0.433;;1;1
220225;S 1005-R20B;;;12827335;A;[V]0.376[E]0.338[I]0.422;;1;1
220225;S 1005-R30B;;;13090248;A;[B]0.437[V]0.368[L]0.436;;1;1
220225;S 1005-R40B;;;13221318;A;[V]0.222[E]0.46[F]0.132;;1;1
220225;S 1005-R50B;;;13155780;A;[E]0.536[I]0.254[RN]0.398;;1;1
220225;S 1005-R60B;;;13352899;A;[B]0.527[V]0.202[E]0.199;;1;1
220225;S 1005-R70B;;;13352897;A;[B]0.471[E]0.296[RN]0.191;;1;1
220225;S 1005-R80B;;;13352897;A;[B]0.462[V]0.15[E]0.346;;1;1
220225;S 1005-R90B;;;13287101;A;[E]0.701[L]0.09[F]0.09;;1;1
220225;S 1005-Y;;;12108492;A;[B]0.432[C]0.58[AN]0.277;;1;1
220225;S 1005-Y10R;;;12042443;A;[C]0.494[I]0.419[D]0.255;;1;1
220225;S 1005-Y20R;;;11779531;A;[B]0.434[C]0.892[I]0.149;;1;1
220225;S 1005-Y30R;;;11844811;A;[C]0.346[L]2.146;;1;1
220225;S 1005-Y40R;;;12041676;A;[B]0.369[C]0.558[I]0.299;;1;1
220225;S 1005-Y50R;;;12041420;A;[B]0.434[C]0.519[F]0.109;;1;1
220225;S 1005-Y60R;;;12172235;A;[B]0.266[C]0.248[I]0.522;;1;1
220225;S 1005-Y70R;;;12237514;A;[B]0.183[L]1.275[I]0.32;;1;1
220225;S 1005-Y80R;;;12368585;A;[B]0.31[I]0.501;;1;1
220225;S 1005-Y90R;;;12565450;A;[B]0.536[AN]0.428[RN]0.69;;1;1
220225;S 1010-B;;;13155506;A;[B]0.621[E]0.63[D]0.306;;1;1
220225;S 1010-B10G;;;13090228;A;[B]0.647[E]0.424[D]0.394;;1;1
220225;S 1010-B30G;;;13156275;A;[E]0.781[L]0.913[D]0.366;;1;1
220225;S 1010-B50G;;;12959924;A;[E]0.58[L]1.027[D]0.52;;1;1
220225;S 1010-B70G;;;12894134;A;[B]0.531[I]0.109[D]0.873;;1;1
220225;S 1010-B90G;;;12698041;A;[B]0.09[I]0.369[D]1.012;;1;1
220225;S 1010-G;;;12369847;A;[B]0.09[L]1.663[D]1.007;;1;1
220225;S 1010-G10Y;;;12173240;A;[L]1.788[D]0.908[AN]0.212;;1;1
220225;S 1010-G20Y;;;12107964;A;[L]1.775[D]0.727[AN]0.47;;1;1
220225;S 1010-G30Y;;;11911360;A;[C]0.672[I]0.31[D]0.755;;1;1
220225;S 1010-G40Y;;;11714754;A;[C]0.9[I]0.36[D]0.716;;1;1
220225;S 1010-G50Y;;;11649476;A;[B]0.571[D]0.203[AN]1.48;;1;1
220225;S 1010-G60Y;;;11518150;A;[C]1.013[L]1.031[D]0.446;;1;1
220225;S 1010-G70Y;;;11321287;A;[B]0.348[C]1.42[D]0.348;;1;1
220225;S 1010-G80Y;;;11256009;A;[L]1.694[D]0.171[AN]1.548;;1;1
220225;S 1010-G90Y;;;11124683;A;[I]0.526[D]0.273[AN]1.846;;1;1
220225;S 1010-R;;;11973062;A;[B]0.406[L]1.653[RN]1;;1;1
220225;S 1010-R10B;;;12367048;A;[B]0.367[V]0.65[I]0.461;;1;1
220225;S 1010-R20B;;;12563654;A;[V]0.69[E]0.427[F]0.208;;1;1
220225;S 1010-R30B;;;12957897;A;[V]0.782[E]0.249[I]0.367;;1;1
220225;S 1010-R40B;;;13088964;A;[V]0.92[E]0.351[L]0.955;;1;1
220225;S 1010-R50B;;;13154497;A;[B]0.635[V]0.603[E]0.198;;1;1
220225;S 1010-R60B;;;13220029;A;[B]0.619[V]0.505[E]0.352;;1;1
220225;S 1010-R70B;;;13286074;A;[B]0.625[V]0.345[E]0.48;;1;1
220225;S 1010-R80B;;;13286327;A;[B]0.571[E]0.725[RN]0.174;;1;1
220225;S 1010-R90B;;;13286324;A;[E]1.199[RN]0.09[F]0.09;;1;1
220225;S 1010-Y;;;10927821;A;[B]0.455[C]1.457[AN]0.593;;1;1
220225;S 1010-Y10R;;;10861773;A;[C]1.66[L]1.445[D]0.106;;1;1
220225;S 1010-Y20R;;;10795726;A;[B]0.407[C]2.068[RN]0.227;;1;1
220225;S 1010-Y30R;;;10926286;A;[C]1.249[L]1.585[F]0.09;;1;1
220225;S 1010-Y40R;;;10925775;A;[I]0.92[AN]1.538[RN]0.09;;1;1
220225;S 1010-Y50R;;;10991055;A;[B]0.324[C]1.098[F]0.27;;1;1
220225;S 1010-Y60R;;;11252941;A;[C]0.396[L]1.792[F]0.252;;1;1
220225;S 1010-Y70R;;;11383758;A;[C]0.297[I]0.99[F]0.09;;1;1
220225;S 1010-Y80R;;;11777228;A;[B]0.399[C]0.09[F]0.345;;1;1
220225;S 1010-Y90R;;;12105421;A;[C]0.09[L]1.814[RN]0.97;;1;1
220225;S 1015-B;;;13286058;A;[B]0.531[E]1.113[D]0.389;;1;1
220225;S 1015-B20G;;;13089960;A;[B]0.499[E]0.763[D]0.992;;1;1
220225;S 1015-B50G;;;12893868;A;[B]0.589[E]0.235[D]1.286;;1;1
220225;S 1015-B80G;;;12501166;A;[B]0.111[I]0.336[D]1.727;;1;1
220225;S 1015-G;;;11976625;A;[C]0.451[I]0.329[D]1.637;;1;1
220225;S 1015-G20Y;;;11517622;A;[B]0.342[C]1.159[D]1.168;;1;1
220225;S 1015-G40Y;;;11189951;A;[I]0.503[D]0.817[AN]1.66;;1;1
220225;S 1015-G60Y;;;10797253;A;[B]0.135[C]2.1[D]0.606;;1;1
220225;S 1015-G80Y;;;10534858;A;[L]1.68[D]0.172[AN]2.833;;1;1
220225;S 1015-G90Y;;;10403790;A;[B]0.437[C]0.867[AN]2.536;;1;1
220225;S 1015-R;;;11643850;A;[B]0.09[L]2.266[RN]2.173;;1;1
220225;S 1015-R10B;;;12037577;A;[V]1.047[E]0.345[F]0.347;;1;1
220225;S 1015-R20B;;;12365511;A;[V]1.41[E]0.183[I]0.585;;1;1
220225;S 1015-R40B;;;13022146;A;[V]1.384[E]0.407[L]0.825;;1;1
220225;S 1015-R60B;;;13416121;A;[E]1.086[RN]1.264;;1;1
220225;S 1015-R80B;;;13482415;A;[B]0.388[V]0.324[E]1.198;;1;1
220225;S 1015-R90B;;;13351084;A;[B]0.596[E]1.323;;1;1
220225;S 1015-Y;;;10337743;A;[B]0.399[C]1.691[AN]1.495;;1;1
220225;S 1015-Y10R;;;10271697;A;[B]0.309[C]2.743[AN]0.303;;1;1
220225;S 1015-Y20R;;;10074323;A;[C]3.039[L]1.234;;1;1
220225;S 1015-Y30R;;;10139091;A;[C]2.586[I]0.42[F]0.09;;1;1
220225;S 1015-Y40R;;;10203601;A;[B]0.227[C]2.31[F]0.3;;1;1
220225;S 1015-Y50R;;;10465233;A;[B]0.207[C]1.521[F]0.433;;1;1
220225;S 1015-Y60R;;;10661840;A;[B]0.206[C]0.961[F]0.497;;1;1
220225;S 1015-Y70R;;;10857935;A;[C]0.312[L]1.429[F]0.506;;1;1
220225;S 1015-Y80R;;;11119822;A;[B]0.283[F]0.621;;1;1
220225;S 1015-Y90R;;;11316172;A;[I]1.02[RN]1.022[F]0.09;;1;1
220225;S 1020-B;;;13219743;A;[B]0.472[E]1.915[D]0.509;;1;1
220225;S 1020-B10G;;;13023131;A;[B]0.459[E]1.776[D]1.208;;1;1
220225;S 1020-B30G;;;12827036;A;[B]0.512[E]1.151[D]1.62;;1;1
220225;S 1020-B40G;;;12762015;A;[B]0.503[E]0.767[D]1.799;;1;1
220225;S 1020-B50G;;;12499612;A;[B]0.667[E]0.573[D]2.306;;1;1
220225;S 1020-B60G;;;12631458;A;[B]0.542[E]0.258[D]2.232;;1;1
220225;S 1020-B70G;;;12369055;A;[B]0.606[L]0.131[D]2.76;;1;1
220225;S 1020-B90G;;;11910308;A;[C]0.338[I]0.359[D]2.759;;1;1
220225;S 1020-G;;;11385764;A;[B]0.433[C]1.052[D]2.579;;1;1
220225;S 1020-G10Y;;;11189674;A;[B]0.648[D]1.76[AN]1.864;;1;1
220225;S 1020-G20Y;;;10861742;A;[I]0.476[D]1.905[AN]2.088;;1;1
220225;S 1020-G30Y;;;10665139;A;[L]1.994[D]1.386[AN]2.429;;1;1
220225;S 1020-G40Y;;;10139831;A;[C]2.951[I]0.193[D]1.6;;1;1
220225;S 1020-G50Y;;;10272705;A;[L]1.625[D]0.66[AN]3.569;;1;1
220225;S 1020-G60Y;;;9944514;A;[I]0.529[D]0.705[AN]4.309;;1;1
220225;S 1020-G70Y;;;9944774;A;[I]0.488[D]0.548[AN]4.285;;1;1
220225;S 1020-G80Y;;;9682120;A;[B]0.777[C]0.216[AN]5.616;;1;1
220225;S 1020-G90Y;;;9813967;A;[B]0.428[C]1.044[AN]3.945;;1;1
220225;S 1020-R;;;11183308;A;[L]0.803[I]0.713[RN]3.345;;1;1
220225;S 1020-R10B;;;11445447;A;[V]1.223[L]2.537[RN]1.839;;1;1
220225;S 1020-R20B;;;11970246;A;[B]0.231[V]2.531[I]0.654;;1;1
220225;S 1020-R30B;;;12232388;A;[B]0.09[E]0.582[RN]3.97;;1;1
220225;S 1020-R40B;;;12691646;A;[B]0.706[V]2.363[E]0.198;;1;1
220225;S 1020-R50B;;;13020344;A;[B]0.412[V]2[E]0.69;;1;1
220225;S 1020-R60B;;;13414323;A;[V]1.112[E]1.313[RN]0.652;;1;1
220225;S 1020-R70B;;;13480363;A;[B]0.295[V]1.115[E]1.624;;1;1
220225;S 1020-R80B;;;13152677;A;[B]0.538[V]0.462[E]1.888;;1;1
220225;S 1020-R90B;;;13415841;A;[B]0.547[E]2.289;;1;1
220225;S 1020-Y;;;9616335;A;[C]0.925[L]1.863[AN]4.147;;1;1
220225;S 1020-Y10R;;;9483727;A;[C]4.515[L]1.003[D]0.125;;1;1
220225;S 1020-Y20R;;;9351632;A;[B]0.32[C]4.718[F]0.118;;1;1
220225;S 1020-Y30R;;;9285331;A;[B]0.121[C]4.687[F]0.334;;1;1
220225;S 1020-Y40R;;;9284050;A;[B]0.115[C]3.92[F]0.574;;1;1
220225;S 1020-Y50R;;;9677012;A;[B]0.114[T]1.981[F]0.696;;1;1
220225;S 1020-Y60R;;;9675724;A;[L]1.888[AN]4.058[RN]4.044;;1;1
220225;S 1020-Y70R;;;10134735;A;[B]0.145[C]0.748[F]0.954;;1;1
220225;S 1020-Y80R;;;10331340;A;[B]0.238[C]0.09[F]0.992;;1;1
220225;S 1020-Y90R;;;10724556;A;[C]0.743[L]2.185[RN]3.621;;1;1
220225;S 1030-B;;;12955018;A;[B]0.43[E]4.3[D]1.057;;1;1
220225;S 1030-B10G;;;12824453;A;[B]0.3[E]4.2[D]2.179;;1;1
220225;S 1030-B30G;;;12366213;A;[B]0.443[E]2.705[D]3.503;;1;1
220225;S 1030-B40G;;;12367496;A;[B]0.297[E]1.929[D]3.792;;1;1
220225;S 1030-B50G;;;12105097;A;[B]0.457[E]1.474[D]4.491;;1;1
220225;S 1030-B60G;;;12106124;A;[B]0.411[E]0.785[D]4.664;;1;1
220225;S 1030-B70G;;;11975312;A;[B]0.581[E]0.091[D]5.018;;1;1
220225;S 1030-B90G;;;11254163;A;[B]0.303[C]0.938[D]5.282;;1;1
220225;S 1030-G;;;10532501;A;[B]0.189[C]1.95[D]5.302;;1;1
220225;S 1030-G10Y;;;10073497;A;[C]3.019[D]5.414;;1;1
220225;S 1030-G20Y;;;9680287;A;[C]3.016[D]4.081[AN]1.262;;1;1
220225;S 1030-G30Y;;;9286819;A;[L]2.754[D]2.949[AN]5.985;;1;1
220225;S 1030-G40Y;;;9024686;A;[C]4.691[D]2.543[AN]1.867;;1;1
220225;S 1030-G50Y;;;8763318;A;[B]0.904[D]0.919[AN]9.883;;1;1
220225;S 1030-G60Y;;;8566974;A;[C]4.1[D]1.306[AN]5.133;;1;1
220225;S 1030-G70Y;;;8501698;A;[B]0.826[D]0.255[AN]11.071;;1;1
220225;S 1030-G80Y;;;8305095;A;[B]0.832[AN]12.085;;1;1
220225;S 1030-G90Y;;;8370636;A;[I]0.638[D]0.275[AN]11.082;;1;1
220225;S 1030-R;;;10196168;A;[L]2.241[RN]7.637[F]0.303;;1;1
220225;S 1030-R10B;;;10655430;A;[B]0.247[V]4.362[F]0.71;;1;1
220225;S 1030-R20B;;;11048642;A;[V]5.424[L]0.091[I]1.213;;1;1
220225;S 1030-R30B;;;11770562;A;[B]0.583[V]5.176[F]0.147;;1;1
220225;S 1030-R40B;;;12295097;A;[V]5.489[E]0.649[L]0.585;;1;1
220225;S 1030-R50B;;;12754610;A;[B]0.144[V]4.8[E]1.187;;1;1
220225;S 1030-R60B;;;13345702;A;[V]3.316[E]2.34;;1;1
220225;S 1030-R70B;;;13411996;A;[V]2.301[E]3.153;;1;1
220225;S 1030-R80B;;;13412501;A;[B]0.195[V]1.282[E]4.022;;1;1
220225;S 1030-R90B;;;13150864;A;[B]0.65[V]0.33[E]4.501;;1;1
220225;S 1030-Y;;;8106701;A;[B]0.583[C]4.452[AN]7.311;;1;1
220225;S 1030-Y10R;;;8105424;A;[C]10.03[L]0.16[D]0.18;;1;1
220225;S 1030-Y20R;;;8170711;A;[B]0.254[T]7.094[F]0.358;;1;1
220225;S 1030-Y30R;;;8103380;A;[C]9.95[RN]1.959;;1;1
220225;S 1030-Y40R;;;8233173;A;[C]9.858[RN]3.704;;1;1
220225;S 1030-Y50R;;;8428501;A;[C]8.444[RN]5.929;;1;1
220225;S 1030-Y60R;;;8624336;A;[T]3.245[RN]1.827[F]1.302;;1;1
220225;S 1030-Y70R;;;8951759;A;[C]3.169[RN]3.3[F]1.024;;1;1
220225;S 1030-Y80R;;;9081546;A;[I]0.228[RN]1.92[F]1.911;;1;1
220225;S 1030-Y90R;;;9540296;A;[B]0.354[RN]4.796[F]1.238;;1;1
220225;S 1040-B;;;12756082;A;[B]0.13[E]8.956[D]1.9;;1;1
220225;S 1040-B10G;;;12560750;A;[E]7.991[D]4;;1;1
220225;S 1040-B20G;;;12430705;A;[E]5.951[D]4.805;;1;1
220225;S 1040-B30G;;;12102767;A;[E]5.226[D]5.842;;1;1
220225;S 1040-B40G;;;11906668;A;[E]4.904[D]7.86;;1;1
220225;S 1040-B50G;;;11710575;A;[E]3.412[L]0.091[D]8.035;;1;1
220225;S 1040-B60G;;;11580020;A;[B]0.1[E]2.3[D]8.852;;1;1
220225;S 1040-B70G;;;11252083;A;[B]0.361[E]1.1[D]10.417;;1;1
220225;S 1040-B80G;;;10991226;A;[B]0.369[D]10.037[AN]0.443;;1;1
220225;S 1040-B90G;;;10532221;A;[B]0.407[D]9.857[AN]1.547;;1;1
220225;S 1040-G;;;9810306;A;[C]1.963[D]10.126[AN]1.1;;1;1
220225;S 1040-G10Y;;;9286283;A;[C]2.057[D]8.253[AN]3.965;;1;1
220225;S 1040-G20Y;;;8564883;A;[C]2.742[D]6.508[AN]6.394;;1;1
220225;S 1040-G30Y;;;8303517;A;[C]3.189[D]4.838[AN]8.248;;1;1
220225;S 1040-G40Y;;;7778471;A;[C]5.166[D]3.626[AN]9.564;;1;1
220225;S 1040-G50Y;;;7451311;A;[I]0.71[D]2.202[AN]17.699;;1;1
220225;S 1040-G60Y;;;7058358;A;[L]2.62[D]1.378[AN]21.007;;1;1
220225;S 1040-G70Y;;;6927807;A;[B]1.011[D]0.479[AN]23.555;;1;1
220225;S 1040-G80Y;;;6862790;A;[B]0.86[D]0.138[AN]24.546;;1;1
220225;S 1040-G90Y;;;7058891;A;[B]0.769[C]1.384[AN]20.89;;1;1
220225;S 1040-R;;;9077958;A;[L]1.955[RN]14.515[F]0.64;;1;1
220225;S 1040-R10B;;;9536704;A;[B]0.14[V]11[F]1.356;;1;1
220225;S 1040-R20B;;;10455236;A;[V]7.976[I]0.74[RN]5.055;;1;1
220225;S 1040-R30B;;;11176125;A;[B]0.496[V]12.307[I]0.163;;1;1
220225;S 1040-R40B;;;12226487;A;[V]10.191[E]0.935;;1;1
220225;S 1040-R80B;;;13410180;A;[V]2.1[E]7.661;;1;1
220225;S 1040-R90B;;;13082748;A;[B]0.381[V]0.601[E]9.003;;1;1
220225;S 1040-Y;;;7124180;A;[B]0.461[T]7.512[AN]6.898;;1;1
220225;S 1040-Y10R;;;6794200;A;[C]12.463[AN]8.025;;1;1
220225;S 1040-Y20R;;;6792407;A;[C]12.6[T]5.075[RN]0.911;;1;1
220225;S 1040-Y30R;;;6921431;A;[T]12.18[RN]0.221[F]1.029;;1;1
220225;S 1040-Y40R;;;6919121;A;[T]11.274[RN]0.391[F]1.745;;1;1
220225;S 1040-Y50R;;;7180757;A;[T]11.325[RN]6.4[F]0.74;;1;1
220225;S 1040-Y60R;;;7507409;A;[T]8.387[RN]8[F]0.901;;1;1
220225;S 1040-Y70R;;;7636941;A;[T]6.238[RN]10.3[F]1.481;;1;1
220225;S 1040-Y80R;;;8094923;A;[C]5.124[RN]15.897[F]0.831;;1;1
220225;S 1040-Y90R;;;8685514;A;[C]0.95[RN]9.812[F]1.635;;1;1
220225;S 1050-B;;;12622937;A;[E]17.434[D]3.257;;1;1
220225;S 1050-B80G;;;10334046;A;[C]0.2[L]0.1[D]20.311;;1;1
220225;S 1050-B90G;;;9612387;A;[B]0.152[D]20[AN]2.558;;1;1
220225;S 1050-G;;;8892011;A;[D]16.76[AN]6.136;;1;1
220225;S 1050-G10Y;;;8170620;A;[C]1.323[D]13.085[AN]10.443;;1;1
220225;S 1050-G20Y;;;7515015;A;[B]0.893[D]9.61[AN]18.082;;1;1
220225;S 1050-G30Y;;;6925202;A;[C]4.578[D]8.595[AN]20;;1;1
220225;S 1050-G40Y;;;6334877;A;[C]6.023[D]6.091[AN]26;;1;1
220225;S 1050-G50Y;;;6139306;A;[C]5.517[D]3.659[AN]29;;1;1
220225;S 1050-G60Y;;;5943734;A;[C]5.234[D]2.36[AN]31.275;;1;1
220225;S 1050-G70Y;;;5747647;A;[C]4.847[D]1.678[AN]33.619;;1;1
220225;S 1050-G80Y;;;5418688;A;[L]3.982[D]0.709[AN]46.989;;1;1
220225;S 1050-G90Y;;;5418954;A;[C]6.895[D]0.752[AN]35.914;;1;1
220225;S 1050-R;;;7959488;A;[I]1.164[RN]28.786[F]1.271;;1;1
220225;S 1050-R10B;;;8680896;A;[V]12.254[RN]12.511[F]1.325;;1;1
220225;S 1050-R20B;;;9467066;A;[V]25.279[I]0.093[F]0.811;;1;1
220225;S 1050-R30B;;;10516154;A;[V]27.029[E]0.244;;1;1
220225;S 1050-R90B;;;13277538;A;[V]0.092[E]17.984;;1;1
220225;S 1050-Y;;;5550035;A;[T]7.013[L]2.665[AN]28.806;;1;1
220225;S 1050-Y10R;;;5547479;A;[C]10.337[T]16.771[D]0.214;;1;1
220225;S 1050-Y20R;;;5544916;A;[T]25.045[L]2.129[RN]2.717;;1;1
220225;S 1050-Y30R;;;5673428;A;[T]22.539[RN]1.5[F]1.433;;1;1
220225;S 1050-Y40R;;;5736913;A;[T]22.54[RN]5.6[F]1.7;;1;1
220225;S 1050-Y50R;;;5998033;A;[T]20.3[RN]10.7[F]1.207;;1;1
220225;S 1050-Y60R;;;6258124;A;[T]16.558[RN]18.283[F]1.303;;1;1
220225;S 1050-Y70R;;;6453708;A;[T]14.558[RN]24.1[F]1.1;;1;1
220225;S 1050-Y80R;;;7108554;A;[C]6.459[AN]7.044[RN]33.607;;1;1
220225;S 1050-Y90R;;;7435460;A;[C]3.839[RN]29.471[F]1.634;;1;1
220225;S 1055-B90G;;;9087059;A;[D]31.189[AN]3.752;;1;1
220225;S 1060-G;;;7840596;A;[D]37.883[AN]13.181;;1;1
220225;S 1060-G10Y;;;6857571;A;[B]0.186[D]28.285[AN]24.848;;1;1
220225;S 1060-G20Y;;;6005621;A;[T]2.702[D]20.75[AN]35.917;;1;1
220225;S 1060-G30Y;;;5613193;A;[C]3.581[D]12.944[AN]44.946;;1;1
220225;S 1060-G40Y;;;5088919;A;[B]1.7[D]6.802[AN]64.492;;1;1
220225;S 1060-G60Y;;;4172719;A;[T]14.456[D]3.952[AN]52.548;;1;1
220225;S 1060-G70Y;;;3779255;A;[T]20.875[D]3.026[AN]49.589;;1;1
220225;S 1060-G80Y;;;3910079;A;[T]27.449[D]2.185[AN]33.031;;1;1
220225;S 1060-R;;;6840505;A;[I]1.1[RN]71.869[F]1.536;;1;1
220225;S 1060-R10B;;;7692218;A;[V]24.441[RN]39.765[F]0.874;;1;1
220225;S 1060-R20B;;;8215475;A;[V]48.301[RN]20.922;;1;1
220225;S 1060-Y10R;;;3973337;A;[T]45.2[L]2.32;;1;1
220225;S 1060-Y20R;;;4166872;A;[C]13.259[T]42.029[RN]3.374;;1;1
220225;S 1060-Y30R;;;4491989;A;[T]44.052[RN]4.3[F]1.526;;1;1
220225;S 1060-Y40R;;;4685775;A;[T]43.291[RN]11.9[F]2.235;;1;1
220225;S 1060-Y50R;;;4814796;A;[T]42.465[RN]24[F]1.678;;1;1
220225;S 1060-Y60R;;;5140680;A;[T]32.229[RN]35.737[F]1.204;;1;1
220225;S 1060-Y70R;;;5532870;A;[T]24.946[RN]44.12[F]1.9;;1;1
220225;S 1500-N;;;12433341;A;[B]1.149[C]0.09[L]0.225;;1;1
220225;S 1502-B;;;12564151;A;[B]1.248[E]0.09[D]0.232;;1;1
220225;S 1502-B50G;;;12564408;A;[B]1.043[L]0.255[D]0.326;;1;1
220225;S 1502-G;;;12236471;A;[B]0.955[I]0.278[D]0.492;;1;1
220225;S 1502-G50Y;;;12236732;A;[B]0.489[I]0.523[D]0.549;;1;1
220225;S 1502-R;;;12235964;A;[B]1.227[L]0.252[I]0.137;;1;1
220225;S 1502-R50B;;;12563899;A;[B]1.284[E]0.108[RN]0.169;;1;1
220225;S 1502-Y;;;11974333;A;[B]1.191[C]0.524[D]0.09;;1;1
220225;S 1502-Y50R;;;11973822;A;[B]1.141[C]0.317[I]0.139;;1;1
220225;S 1505-G80Y;;;11581374;A;[B]1.102[L]0.396[AN]1.098;;1;1
220225;S 1505-G90Y;;;11450303;A;[B]1.009[C]1.023[D]0.119;;1;1
220225;S 1505-Y;;;11384769;A;[B]1.008[C]0.929[AN]0.248;;1;1
220225;S 1505-Y10R;;;11384513;A;[I]0.957[D]0.49[AN]0.682;;1;1
220225;S 1505-Y20R;;;11384515;A;[B]0.984[C]1.113[RN]0.106;;1;1
220225;S 1505-Y30R;;;11318468;A;[B]0.911[C]0.969[F]0.098;;1;1
220225;S 1505-Y40R;;;11252418;A;[B]1.05[C]0.942[F]0.121;;1;1
220225;S 1505-Y50R;;;11383490;A;[B]1.002[C]0.695[F]0.156;;1;1
220225;S 1505-Y60R;;;11514305;A;[B]0.318[L]3.419[RN]0.214;;1;1
220225;S 1505-Y70R;;;11776704;A;[B]0.668[L]1.219[I]0.446;;1;1
220225;S 1505-Y80R;;;11776448;A;[B]1.079[C]0.09[F]0.198;;1;1
220225;S 1505-Y90R;;;11907262;A;[B]1.225[F]0.189;;1;1
220225;S 1510-B;;;12563112;A;[B]1.193[E]0.966[D]0.36;;1;1
220225;S 1510-B20G;;;12366759;A;[B]1.231[E]0.624[D]0.88;;1;1
220225;S 1510-B50G;;;12235944;A;[E]1.058[I]0.664[D]1.025;;1;1
220225;S 1510-B80G;;;12039851;A;[B]0.897[L]0.949[D]1.364;;1;1
220225;S 1510-G;;;11711917;A;[L]0.094[I]0.889[D]1.829;;1;1
220225;S 1510-G20Y;;;11318448;A;[C]0.427[I]0.881[D]1.7;;1;1
220225;S 1510-G40Y;;;11056566;A;[C]0.908[I]0.795[D]1.25;;1;1
220225;S 1510-G60Y;;;10794426;A;[B]0.93[C]1.792[D]0.512;;1;1
220225;S 1510-G80Y;;;10663615;A;[B]1.177[C]0.574[AN]2.007;;1;1
220225;S 1510-G90Y;;;10532032;A;[B]1.16[C]1.118[AN]1.548;;1;1
220225;S 1510-R;;;11446718;A;[B]0.77[L]2.114[RN]1.645;;1;1
220225;S 1510-R10B;;;11709118;A;[B]0.826[V]1.02[I]0.69;;1;1
220225;S 1510-R20B;;;11971517;A;[B]0.734[V]1.448[L]1.525;;1;1
220225;S 1510-R40B;;;12364984;A;[V]1.068[E]1.064[F]0.251;;1;1
220225;S 1510-R60B;;;12693427;A;[B]1.011[V]0.794[E]0.611;;1;1
220225;S 1510-R80B;;;12759468;A;[B]1.061[V]0.285[E]1.098;;1;1
220225;S 1510-R90B;;;12628394;A;[B]1.253[E]1.167;;1;1
220225;S 1510-Y;;;10466498;A;[C]1.806[L]2.817[D]0.326;;1;1
220225;S 1510-Y10R;;;10334915;A;[B]0.916[C]2.539[I]0.092;;1;1
220225;S 1510-Y20R;;;10268869;A;[B]0.921[C]2.598[F]0.09;;1;1
220225;S 1510-Y30R;;;10202821;A;[B]0.828[C]2.249[F]0.22;;1;1
220225;S 1510-Y40R;;;10333382;A;[B]0.839[C]1.925[F]0.29;;1;1
220225;S 1510-Y50R;;;10464197;A;[B]0.808[C]1.381[F]0.389;;1;1
220225;S 1510-Y60R;;;10660546;A;[C]0.147[L]4.166[F]0.289;;1;1
220225;S 1510-Y70R;;;10791362;A;[B]0.09[L]1.483[I]1.563;;1;1
220225;S 1510-Y80R;;;10987969;A;[B]0.984[C]0.09[F]0.525;;1;1
220225;S 1510-Y90R;;;11118527;A;[B]0.468[L]3.514[RN]1.643;;1;1
220225;S 1515-B;;;12562334;A;[B]1.128[E]1.741[D]0.546;;1;1
220225;S 1515-B20G;;;12366237;A;[B]1.154[E]1.2[D]1.29;;1;1
220225;S 1515-B50G;;;12104606;A;[B]1.233[E]0.398[D]1.941;;1;1
220225;S 1515-B80G;;;11711649;A;[B]0.563[I]0.503[D]2.757;;1;1
220225;S 1515-G;;;11187108;A;[C]0.485[I]0.822[D]2.913;;1;1
220225;S 1515-G20Y;;;10793642;A;[C]1.123[I]0.794[D]2.357;;1;1
220225;S 1515-G40Y;;;10269105;A;[C]2.089[I]0.727[D]1.778;;1;1
220225;S 1515-G60Y;;;10073016;A;[I]1.004[D]1.058[AN]3.229;;1;1
220225;S 1515-G80Y;;;9876413;A;[B]1.174[L]0.94[AN]4.532;;1;1
220225;S 1515-G90Y;;;9679553;A;[B]1.17[C]1.683[AN]3.148;;1;1
220225;S 1515-R;;;10986176;A;[B]0.503[L]3.172[RN]3.152;;1;1
220225;S 1515-R10B;;;11248317;A;[B]0.683[V]1.876[I]1.04;;1;1
220225;S 1515-R20B;;;11576251;A;[B]0.581[V]2.492[L]2.46;;1;1
220225;S 1515-R40B;;;12298167;A;[B]1.254[V]2.053[E]0.176;;1;1
220225;S 1515-R60B;;;12757934;A;[B]0.834[V]1.457[E]1.07;;1;1
220225;S 1515-R80B;;;12758435;A;[B]1.014[V]0.494[E]1.888;;1;1
220225;S 1515-R90B;;;12627360;A;[B]1.181[E]2.072[RN]0.122;;1;1
220225;S 1515-Y;;;9614020;A;[I]1.163[D]0.378[AN]4.446;;1;1
220225;S 1515-Y10R;;;9613253;A;[C]3.638[I]0.824[D]0.437;;1;1
220225;S 1515-Y20R;;;9415879;A;[C]3.73[L]3.675;;1;1
220225;S 1515-Y30R;;;9480648;A;[B]0.668[C]3.738[F]0.378;;1;1
220225;S 1515-Y40R;;;9545671;A;[B]0.699[C]3.064[F]0.495;;1;1
220225;S 1515-Y50R;;;9675718;A;[C]1.82[I]2.015[F]0.15;;1;1
220225;S 1515-Y60R;;;9937861;A;[C]0.765[L]3.215[F]0.667;;1;1
220225;S 1515-Y70R;;;10068419;A;[B]0.812[C]0.638[F]0.904;;1;1
220225;S 1515-Y80R;;;10396355;A;[B]0.85[F]0.908;;1;1
220225;S 1515-Y90R;;;10592705;A;[B]0.336[I]1.783[RN]1.772;;1;1
220225;S 1560-R90B;;;12091962;A;[E]54.746;;1;1
220225;S 2000-N;;;11709875;A;[B]2.076[C]0.218[I]0.092;;1;1
220225;S 2002-B;;;11774892;A;[B]2.361[E]0.118[D]0.287;;1;1
220225;S 2002-B50G;;;11840941;A;[B]2.084[L]0.177[D]0.455;;1;1
220225;S 2002-G;;;11512749;A;[B]1.832[I]0.401[D]0.615;;1;1
220225;S 2002-G50Y;;;11513264;A;[B]2.066[C]0.407[D]0.257;;1;1
220225;S 2002-R;;;11512240;A;[B]2.296[I]0.253[RN]0.118;;1;1
220225;S 2002-R50B;;;11905968;A;[B]2.259[V]0.195[E]0.137;;1;1
220225;S 2002-Y;;;11185074;A;[B]0.887[I]1.074[D]0.79;;1;1
220225;S 2002-Y50R;;;11184819;A;[B]1.165[I]1.055[D]0.483;;1;1
220225;S 2005-B;;;11840166;A;[B]2.291[E]0.612[D]0.31;;1;1
220225;S 2005-B20G;;;11774886;A;[B]2.089[E]0.356[D]0.701;;1;1
220225;S 2005-B50G;;;11709608;A;[E]1.525[I]1.115[D]0.615;;1;1
220225;S 2005-B80G;;;11512743;A;[B]2.454[D]0.798[AN]0.231;;1;1
220225;S 2005-G;;;11316136;A;[B]2.264[C]0.434[D]0.777;;1;1
220225;S 2005-G10Y;;;11184809;A;[B]2.383[D]0.586[AN]0.698;;1;1
220225;S 2005-G20Y;;;11185322;A;[B]1.252[L]3.04[D]1.006;;1;1
220225;S 2005-G30Y;;;11119531;A;[B]2.386[D]0.384[AN]0.955;;1;1
220225;S 2005-G40Y;;;11054254;A;[B]2.396[D]0.331[AN]1.146;;1;1
220225;S 2005-G50Y;;;10857133;A;[B]2.348[T]0.856[D]0.441;;1;1
220225;S 2005-G60Y;;;10857391;A;[B]0.634[L]4.816[D]0.704;;1;1
220225;S 2005-G70Y;;;10726063;A;[L]3.668[I]0.704[D]1.109;;1;1
220225;S 2005-G80Y;;;10792628;A;[B]1.93[L]0.562[AN]1.904;;1;1
220225;S 2005-G90Y;;;10792116;A;[B]1.927[C]1.339[D]0.104;;1;1
220225;S 2005-R;;;11315123;A;[B]1.914[L]1.613[RN]0.921;;1;1
220225;S 2005-R10B;;;11380402;A;[B]2.093[V]0.637[I]0.487;;1;1
220225;S 2005-R20B;;;11445681;A;[B]1.981[V]1.201[L]1.426;;1;1
220225;S 2005-R30B;;;11642544;A;[B]2.138[V]0.85[L]0.698;;1;1
220225;S 2005-R40B;;;11773871;A;[B]2.493[V]0.562[RN]0.145;;1;1
220225;S 2005-R50B;;;11707819;A;[B]2.413[V]0.752[E]0.248;;1;1
220225;S 2005-R60B;;;11905452;A;[B]2.116[V]0.532[E]0.403;;1;1
220225;S 2005-R70B;;;11905193;A;[B]1.998[V]0.357[E]0.559;;1;1
220225;S 2005-R80B;;;11905706;A;[B]2.123[V]0.124[E]0.648;;1;1
220225;S 2005-R90B;;;11971240;A;[B]1.928[E]0.796;;1;1
220225;S 2005-Y;;;10660788;A;[B]2.012[C]1.446[AN]0.09;;1;1
220225;S 2005-Y10R;;;10529461;A;[I]1.759[D]0.898[AN]0.79;;1;1
220225;S 2005-Y20R;;;10660533;A;[B]2.068[C]1.589[RN]0.23;;1;1
220225;S 2005-Y30R;;;10463414;A;[B]1.845[C]1.294[F]0.165;;1;1
220225;S 2005-Y40R;;;10397366;A;[B]1.966[C]1.409[F]0.231;;1;1
220225;S 2005-Y50R;;;10593971;A;[B]2.125[C]0.972[F]0.222;;1;1
220225;S 2005-Y60R;;;10725045;A;[B]1.175[L]2.365[I]0.764;;1;1
220225;S 2005-Y70R;;;10856117;A;[B]1.389[L]1.136[I]1.105;;1;1
220225;S 2005-Y80R;;;10921395;A;[B]2.234[C]0.09[F]0.334;;1;1
220225;S 2005-Y90R;;;11052466;A;[B]2.174[F]0.312;;1;1
220225;S 2010-B;;;11642267;A;[B]1.402[E]2.551[L]1.945;;1;1
220225;S 2010-B10G;;;11511453;A;[B]2.638[E]1.013[D]0.863;;1;1
220225;S 2010-B30G;;;11511707;A;[B]2.365[E]0.942[D]1.412;;1;1
220225;S 2010-B50G;;;11446429;A;[B]2.51[E]0.344[D]1.679;;1;1
220225;S 2010-B70G;;;11315612;A;[E]1.511[I]1.312[D]1.977;;1;1
220225;S 2010-B90G;;;11119519;A;[B]2.076[C]0.523[D]2.15;;1;1
220225;S 2010-G;;;10856864;A;[B]0.375[I]1.454[D]3.015;;1;1
220225;S 2010-G10Y;;;10791843;A;[B]2.029[C]1.038[D]1.705;;1;1
220225;S 2010-G20Y;;;10463394;A;[C]0.362[I]1.709[D]2.915;;1;1
220225;S 2010-G30Y;;;10398118;A;[B]2.685[D]0.911[AN]2.216;;1;1
220225;S 2010-G40Y;;;10332585;A;[L]6.955[D]1.511[AN]0.565;;1;1
220225;S 2010-G50Y;;;10333100;A;[B]2.461[D]0.382[AN]2.817;;1;1
220225;S 2010-G60Y;;;10070188;A;[I]1.97[D]1.744[AN]1.554;;1;1
220225;S 2010-G70Y;;;9939375;A;[C]1.874[I]1.571[D]1.777;;1;1
220225;S 2010-G80Y;;;9874098;A;[L]6.962[D]0.716[AN]2.159;;1;1
220225;S 2010-G90Y;;;9742516;A;[B]1.914[C]3.656[D]0.232;;1;1
220225;S 2010-R;;;10723250;A;[B]1.678[L]2.726[RN]2.277;;1;1
220225;S 2010-R10B;;;10919859;A;[B]1.655[V]1.494[I]1.045;;1;1
220225;S 2010-R20B;;;11050671;A;[B]2[V]1.937[I]0.562;;1;1
220225;S 2010-R30B;;;11247277;A;[B]2.513[V]1.94[F]0.116;;1;1
220225;S 2010-R40B;;;11575724;A;[B]2.562[V]1.76[E]0.09;;1;1
220225;S 2010-R50B;;;11838123;A;[B]2.149[V]1.714[E]0.535;;1;1
220225;S 2010-R60B;;;11904167;A;[B]1.963[V]1.213[E]0.898;;1;1
220225;S 2010-R70B;;;12101027;A;[B]1.225[E]2.022[RN]1.51;;1;1
220225;S 2010-R80B;;;11969694;A;[B]1.997[V]0.646[E]1.806;;1;1
220225;S 2010-R90B;;;11970464;A;[B]2.069[V]0.099[E]1.689;;1;1
220225;S 2010-Y;;;9742260;A;[B]2.21[C]3.403;;1;1
220225;S 2010-Y10R;;;9610678;A;[C]2.353[I]1.999[D]0.985;;1;1
220225;S 2010-Y20R;;;9413301;A;[B]0.921[C]2.677[L]5.565;;1;1
220225;S 2010-Y30R;;;9873342;A;[C]1.465[L]6.469[F]0.091;;1;1
220225;S 2010-Y40R;;;9478072;A;[B]1.735[C]2.83[F]0.571;;1;1
220225;S 2010-Y50R;;;9609145;A;[B]0.933[C]1.618[I]2.404;;1;1
220225;S 2010-Y60R;;;9936823;A;[B]0.512[L]6.084[F]0.532;;1;1
220225;S 2010-Y70R;;;10133433;A;[B]0.692[C]0.15[I]2.695;;1;1
220225;S 2010-Y80R;;;10066866;A;[B]0.83[L]7.109[RN]2.402;;1;1
220225;S 2010-Y90R;;;10263730;A;[B]1.098[L]5.81[RN]2.666;;1;1
220225;S 2020-B;;;11969163;A;[B]1.875[E]4.296[D]0.751;;1;1
220225;S 2020-B10G;;;11378310;A;[B]2.416[E]4.335[D]1.904;;1;1
220225;S 2020-B30G;;;11576970;A;[B]1.797[E]2.518[D]3.165;;1;1
220225;S 2020-B40G;;;11249034;A;[B]2.363[E]1.859[D]3.932;;1;1
220225;S 2020-B50G;;;10920584;A;[B]2.688[E]1.333[D]4.589;;1;1
220225;S 2020-B60G;;;10987147;A;[B]2.496[E]0.452[D]4.876;;1;1
220225;S 2020-B70G;;;10790280;A;[E]1.794[I]1.341[D]5.666;;1;1
220225;S 2020-B90G;;;10331534;A;[B]2.849[D]4.91[AN]1.258;;1;1
220225;S 2020-G;;;10069393;A;[C]0.801[I]1.561[D]6.029;;1;1
220225;S 2020-G10Y;;;9676180;A;[B]2.672[D]3.547[AN]3.82;;1;1
220225;S 2020-G20Y;;;9413526;A;[C]2.861[I]1.669[D]5.783;;1;1
220225;S 2020-G30Y;;;9282972;A;[L]7.181[D]3.179[AN]3.538;;1;1
220225;S 2020-G40Y;;;9020578;A;[C]4.805[I]1.414[D]3.727;;1;1
220225;S 2020-G50Y;;;8757924;A;[C]5.805[I]1.357[D]3.473;;1;1
220225;S 2020-G60Y;;;8627369;A;[B]1.651[C]7.415[D]2.002;;1;1
220225;S 2020-G70Y;;;8562349;A;[I]2.068[D]1.907[AN]8.481;;1;1
220225;S 2020-G80Y;;;8431280;A;[B]2.882[C]1.345[AN]9.308;;1;1
220225;S 2020-G90Y;;;8627893;A;[B]2.273[C]3.28[AN]5.538;;1;1
220225;S 2020-R;;;9670833;A;[B]1.193[L]6.4[RN]7.643;;1;1
220225;S 2020-R10B;;;10064304;A;[B]1.948[V]4.191[F]0.767;;1;1
220225;S 2020-R20B;;;10326189;A;[B]1.619[V]5.625[I]1.549;;1;1
220225;S 2020-R30B;;;10917294;A;[B]2.118[V]4.901[F]0.204;;1;1
220225;S 2020-R40B;;;11179175;A;[V]5.068[E]2.208[F]0.48;;1;1
220225;S 2020-R50B;;;11703969;A;[B]1.716[V]5.247[E]1.691;;1;1
220225;S 2020-R60B;;;11901082;A;[V]0.52[E]4.148[RN]4.673;;1;1
220225;S 2020-R70B;;;11967125;A;[E]5.156[RN]3.885[F]0.091;;1;1
220225;S 2020-R80B;;;11901839;A;[B]0.977[E]5.336[RN]2.312;;1;1
220225;S 2020-R90B;;;11902605;A;[B]2.011[V]0.544[E]4.706;;1;1
220225;S 2020-Y;;;8430006;A;[C]7.408[I]1.611[D]1.236;;1;1
220225;S 2020-Y10R;;;8363959;A;[C]7.048[I]2.011[D]0.936;;1;1
220225;S 2020-Y20R;;;8100793;A;[C]7.835[L]8.734[F]0.092;;1;1
220225;S 2020-Y30R;;;8362685;A;[B]1.398[C]6.802[F]0.9;;1;1
220225;S 2020-Y40R;;;8230330;A;[C]5.37[I]4.239;;1;1
220225;S 2020-Y50R;;;8295098;A;[B]1.423[C]4.207[F]1.817;;1;1
220225;S 2020-Y60R;;;8556982;A;[C]1.704[I]4.492[F]0.583;;1;1
220225;S 2020-Y70R;;;8884665;A;[L]6.597[F]1.61;;1;1
220225;S 2020-Y80R;;;9081012;A;[L]9.5[AN]1.425[RN]6.801;;1;1
220225;S 2020-Y90R;;;9277365;A;[C]0.422[L]9.317[RN]7.413;;1;1
220225;S 2030-B;;;11770232;A;[E]10.729[L]2.681[I]0.14;;1;1
220225;S 2030-B10G;;;11508855;A;[B]1.845[E]7.529[D]3;;1;1
220225;S 2030-B30G;;;10853231;A;[B]2.163[E]6.192[D]6.703;;1;1
220225;S 2030-B40G;;;10788467;A;[B]2[E]4.272[D]7.86;;1;1
220225;S 2030-B50G;;;10591860;A;[B]2.404[E]3.1[D]8.696;;1;1
220225;S 2030-B60G;;;10527095;A;[B]2.278[E]1.85[D]9.6;;1;1
220225;S 2030-B70G;;;10264694;A;[B]2.757[E]0.779[D]11.6;;1;1
220225;S 2030-B90G;;;9675386;A;[B]1.926[C]1.855[D]12;;1;1
220225;S 2030-G;;;9084799;A;[C]3.018[I]1.493[D]12.947;;1;1
220225;S 2030-G10Y;;;8757122;A;[B]3.234[D]8.483[AN]6.947;;1;1
220225;S 2030-G20Y;;;8297865;A;[C]7.469[I]1.242[D]10.53;;1;1
220225;S 2030-G30Y;;;8101520;A;[I]2.493[D]7.057[AN]10.592;;1;1
220225;S 2030-G40Y;;;7708057;A;[C]12.322[I]0.827[D]6.407;;1;1
220225;S 2030-G50Y;;;7709343;A;[I]2.326[D]3.816[AN]13.995;;1;1
220225;S 2030-G60Y;;;7315622;A;[C]16.182[I]0.188[D]4.473;;1;1
220225;S 2030-G70Y;;;7381417;A;[I]2.538[D]2.42[AN]17.464;;1;1
220225;S 2030-G80Y;;;7119278;A;[B]3.495[C]2.242[AN]20.822;;1;1
220225;S 2030-G90Y;;;7053234;A;[B]2.985[C]5.628[AN]15.851;;1;1
220225;S 2030-R;;;8618162;A;[L]10.544[RN]17.021[F]0.093;;1;1
220225;S 2030-R10B;;;9273774;A;[B]1.751[V]10.773[F]1.406;;1;1
220225;S 2030-R20B;;;9732779;A;[B]2.057[V]12.238[F]0.792;;1;1
220225;S 2030-R30B;;;10323628;A;[B]1.919[V]11.519[F]0.334;;1;1
220225;S 2030-R40B;;;10782112;A;[V]12.339[E]2.731[F]0.374;;1;1
220225;S 2030-R50B;;;11373469;A;[V]6.479[E]3.702[RN]4.371;;1;1
220225;S 2030-R60B;;;11767442;A;[B]0.589[V]8[E]4.855;;1;1
220225;S 2030-R70B;;;11833479;A;[B]1[V]5.762[E]7.003;;1;1
220225;S 2030-R80B;;;11899264;A;[B]1.1[V]4[E]8.713;;1;1
220225;S 2030-R90B;;;11638139;A;[B]2.227[V]0.973[E]9.521;;1;1
220225;S 2030-Y;;;6986676;A;[B]2.592[C]12.442[AN]8.641;;1;1
220225;S 2030-Y10R;;;7051963;A;[B]1.699[C]17.623[I]0.341;;1;1
220225;S 2030-Y20R;;;6984891;A;[B]1.886[T]12.107[F]0.983;;1;1
220225;S 2030-Y30R;;;6918078;A;[B]1.009[C]16.48[F]1.707;;1;1
220225;S 2030-Y40R;;;6982075;A;[B]1.08[C]12.525[F]2.64;;1;1
220225;S 2030-Y50R;;;7178429;A;[B]0.712[C]8.813[F]3.292;;1;1
220225;S 2030-Y60R;;;7571388;A;[B]0.665[C]4.356[F]3.648;;1;1
220225;S 2030-Y70R;;;7767227;A;[B]0.725[C]1.065[F]4.221;;1;1
220225;S 2030-Y80R;;;7897271;A;[L]5.907[RN]6.547[F]2.959;;1;1
220225;S 2030-Y90R;;;8290482;A;[L]8.999[RN]12.084[F]1.269;;1;1
220225;S 2040-B;;;11374433;A;[B]2[E]17.902[D]1.81;;1;1
220225;S 2040-B10G;;;11047516;A;[B]1.495[E]16.522[D]6.058;;1;1
220225;S 2040-B20G;;;10851930;A;[B]1[E]13.341[D]9.508;;1;1
220225;S 2040-B30G;;;10458713;A;[B]1.359[E]11.609[D]12.831;;1;1
220225;S 2040-B40G;;;10459484;A;[B]1.357[E]9.1[D]13.688;;1;1
220225;S 2040-B50G;;;10197599;A;[B]1.885[E]6.331[D]15.113;;1;1
220225;S 2040-B60G;;;10067292;A;[B]1.466[E]4.66[D]18.491;;1;1
220225;S 2040-B70G;;;9607516;A;[B]2.407[E]2.641[D]22.759;;1;1
220225;S 2040-B80G;;;9411681;A;[B]1.33[I]0.788[D]24.185;;1;1
220225;S 2040-B90G;;;8952675;A;[B]1.8[C]2.368[D]24.558;;1;1
220225;S 2040-G;;;8428139;A;[B]1.224[C]6.067[D]23.288;;1;1
220225;S 2040-G10Y;;;7772787;A;[C]10.072[D]20.363[AN]1.351;;1;1
220225;S 2040-G20Y;;;7379324;A;[B]3.965[D]11.723[AN]18.146;;1;1
220225;S 2040-G30Y;;;6855301;A;[L]11.198[D]10.486[AN]22.778;;1;1
220225;S 2040-G40Y;;;6330511;A;[B]4.924[D]4.827[AN]33.953;;1;1
220225;S 2040-G50Y;;;6331032;A;[I]3.277[D]6.011[AN]33.147;;1;1
220225;S 2040-G60Y;;;6134688;A;[C]22.635[D]6.071[AN]9.93;;1;1
220225;S 2040-G70Y;;;5872806;A;[C]23.737[D]5.24[AN]16.889;;1;1
220225;S 2040-G80Y;;;5807789;A;[B]3.233[L]2.364[AN]42.792;;1;1
220225;S 2040-G90Y;;;5807540;A;[B]3.193[T]9.699[AN]25.031;;1;1
220225;S 2040-R;;;7762094;A;[B]0.375[I]4.788[RN]31.002;;1;1
220225;S 2040-R10B;;;8220586;A;[B]1.381[V]23.973[F]2.605;;1;1
220225;S 2040-R20B;;;8745127;A;[V]26.011[E]1.277[F]1.695;;1;1
220225;S 2040-R30B;;;9532068;A;[B]2.403[V]28.369[F]0.27;;1;1
220225;S 2040-R40B;;;10450843;A;[V]21.672[E]3.526[RN]2.42;;1;1
220225;S 2040-R50B;;;10975634;A;[V]21.765[E]5.619;;1;1
220225;S 2040-R80B;;;11897199;A;[V]6.3[E]15.91[L]0.5;;1;1
220225;S 2040-R90B;;;11767145;A;[B]1.435[V]1.992[E]16.9;;1;1
220225;S 2040-Y;;;5740985;A;[B]2.299[C]17.034[AN]24.095;;1;1
220225;S 2040-Y10R;;;5936316;A;[B]1.622[C]36.668;;1;1
220225;S 2040-Y20R;;;5803711;A;[C]38.017[I]2.049[F]0.291;;1;1
220225;S 2040-Y30R;;;5867709;A;[B]0.573[C]31.545[F]2.532;;1;1
220225;S 2040-Y40R;;;5865917;A;[C]27.221[F]3.721;;1;1
220225;S 2040-Y50R;;;6127035;A;[C]18.365[F]5.407;;1;1
220225;S 2040-Y60R;;;6191287;A;[AN]10.222[F]7.184;;1;1
220225;S 2040-Y70R;;;6583989;A;[B]0.464[C]2.352[F]8.3;;1;1
220225;S 2040-Y80R;;;6976437;A;[B]0.508[RN]10.731[F]5.784;;1;1
220225;S 2040-Y90R;;;7303600;A;[B]1.572[RN]22.371[F]3.773;;1;1
220225;S 2050-B;;;11241799;A;[B]0.394[E]35.586[D]5.548;;1;1
220225;S 2050-B10G;;;10914876;A;[E]33.55[D]12.177;;1;1
220225;S 2050-B20G;;;10391101;A;[E]28.965[D]19.082;;1;1
220225;S 2050-B30G;;;10261058;A;[E]20.2[D]20.098;;1;1
220225;S 2050-B40G;;;9933373;A;[E]16.99[D]25;;1;1
220225;S 2050-B50G;;;9408830;A;[B]0.528[E]13.237[D]34.277;;1;1
220225;S 2050-B60G;;;9212734;A;[B]0.674[E]11.2[D]36.876;;1;1
220225;S 2050-B80G;;;8689224;A;[B]1.955[D]45.066;;1;1
220225;S 2050-B90G;;;8098891;A;[B]0.343[C]4.393[D]50;;1;1
220225;S 2050-G;;;7377495;A;[C]7.548[D]43.15[AN]4.679;;1;1
220225;S 2050-G10Y;;;6853217;A;[B]3.737[D]32.903[AN]23.431;;1;1
220225;S 2050-G20Y;;;6066540;A;[C]16.087[D]33.333[AN]22.3;;1;1
220225;S 2050-G30Y;;;5673341;A;[C]26.662[D]23.709[AN]23.069;;1;1
220225;S 2050-G40Y;;;5149577;A;[B]1.636[T]35.027[D]12.983;;1;1
220225;S 2050-G80Y;;;4494759;A;[B]1.862[T]46.434[D]3.745;;1;1
220225;S 2050-R;;;6578086;A;[I]7[RN]65.441[F]0.498;;1;1
220225;S 2050-R10B;;;7036321;A;[B]1.368[V]50.128[F]5.002;;1;1
220225;S 2050-R20B;;;8019620;A;[V]59.603[E]0.808[F]1.652;;1;1
220225;S 2050-R30B;;;8740765;A;[B]1.9[V]62.278[E]0.51;;1;1
220225;S 2050-R90B;;;11567693;A;[B]0.477[V]2[E]37.091;;1;1
220225;S 2050-Y;;;4559794;A;[B]3.959[T]41.805[AN]6.524;;1;1
220225;S 2050-Y10R;;;4492987;A;[C]21.886[T]32.552[L]9.737;;1;1
220225;S 2050-Y40R;;;4880827;A;[B]0.901[T]34.544[F]5.994;;1;1
220225;S 2050-Y50R;;;5075640;A;[B]0.343[T]25.292[F]8.718;;1;1
220225;S 2050-Y60R;;;5139379;A;[T]17.877[RN]4[F]10.643;;1;1
220225;S 2050-Y70R;;;5399984;A;[T]9.471[RN]15.6[F]11.797;;1;1
220225;S 2050-Y80R;;;5924272;A;[T]0.706[RN]21[F]10.529;;1;1
220225;S 2050-Y90R;;;6185387;A;[B]1.19[RN]47.371[F]7.108;;1;1
220225;S 2500-N;;;10986407;A;[B]3.577[C]0.218[L]0.232;;1;1
220225;S 2502-B;;;11116960;A;[B]3.683[E]0.378[D]0.32;;1;1
220225;S 2502-G;;;10855074;A;[B]3.048[I]0.486[D]0.974;;1;1
220225;S 2502-R;;;11051689;A;[B]3.39[RN]0.09[F]0.1;;1;1
220225;S 2502-Y;;;10527399;A;[B]3.426[C]1.096[D]0.13;;1;1
220225;S 3000-N;;;10460063;A;[B]4.503[I]0.536[D]0.299;;1;1
220225;S 3005-B20G;;;10262161;A;[B]5.689[E]0.8[D]1.183;;1;1
220225;S 3005-B80G;;;10065810;A;[B]5.272[I]0.478[D]2.003;;1;1
220225;S 3005-G20Y;;;9869719;A;[B]3.04[I]1.892[D]2.69;;1;1
220225;S 3005-G50Y;;;9607321;A;[B]6.081[D]0.364[AN]2.788;;1;1
220225;S 3005-G80Y;;;9608095;A;[B]5.203[C]1.301[AN]1.37;;1;1
220225;S 3005-R20B;;;10196382;A;[B]4.368[V]1.645[L]2.32;;1;1
220225;S 3005-R50B;;;10392728;A;[B]4.755[E]1.2[RN]2.036;;1;1
220225;S 3005-R80B;;;10590100;A;[B]4.886[E]1.65[RN]0.604;;1;1
220225;S 3005-Y20R;;;9147551;A;[B]5.015[T]2.212[I]0.97;;1;1
220225;S 3005-Y50R;;;9212318;A;[B]5.632[C]1.679[F]0.577;;1;1
220225;S 3005-Y80R;;;9737378;A;[B]4.59[L]0.31[F]0.683;;1;1
220225;S 3010-B;;;10392457;A;[B]2.506[E]5.981[I]1.681;;1;1
220225;S 3010-B10G;;;10195592;A;[B]6.134[E]2.776[D]1.568;;1;1
220225;S 3010-B30G;;;10261896;A;[B]5.733[E]2.009[D]2.712;;1;1
220225;S 3010-B50G;;;9999497;A;[B]6.088[E]0.567[D]3.111;;1;1
220225;S 3010-B70G;;;10065548;A;[B]5.991[L]0.536[D]3.457;;1;1
220225;S 3010-B90G;;;9935247;A;[B]5.502[C]0.781[D]3.365;;1;1
220225;S 3010-G;;;9606797;A;[B]2.819[I]2.23[D]5.275;;1;1
220225;S 3010-G10Y;;;9278861;A;[B]0.637[I]3.98[D]7.145;;1;1
220225;S 3010-G20Y;;;9278864;A;[B]0.598[I]4.191[D]6.198;;1;1
220225;S 3010-G30Y;;;9279892;A;[B]5.031[C]3.181[D]2.526;;1;1
220225;S 3010-G40Y;;;9016982;A;[C]0.925[I]4.443[D]5.261;;1;1
220225;S 3010-G50Y;;;8820117;A;[L]18.315[D]3.512[AN]1.239;;1;1
220225;S 3010-G60Y;;;8885913;A;[B]5.477[C]4.935[D]1.234;;1;1
220225;S 3010-G70Y;;;8754842;A;[B]6.316[I]0.091[AN]6.332;;1;1
220225;S 3010-G80Y;;;8820123;A;[B]5.819[C]5.336[D]0.562;;1;1
220225;S 3010-G90Y;;;8492190;A;[I]5.006[D]3.192[AN]3.651;;1;1
220225;S 3010-R;;;9144475;A;[B]4.861[L]6.887[RN]5.964;;1;1
220225;S 3010-R10B;;;9538716;A;[B]5.375[V]2.522[F]0.637;;1;1
220225;S 3010-R20B;;;9735322;A;[B]5.692[V]3.6[F]0.415;;1;1
220225;S 3010-R30B;;;9800601;A;[B]6.093[V]4.088[F]0.263;;1;1
220225;S 3010-R40B;;;10062998;A;[B]6.407[V]3.858[E]0.238;;1;1
220225;S 3010-R50B;;;10391446;A;[B]5.381[V]3.603[E]1.163;;1;1
220225;S 3010-R60B;;;10457233;A;[B]4.972[V]2.826[E]2.133;;1;1
220225;S 3010-R70B;;;10654610;A;[B]4.646[V]1.744[E]2.301;;1;1
220225;S 3010-R80B;;;10457483;A;[B]5.41[V]1.291[E]3.681;;1;1
220225;S 3010-R90B;;;10457482;A;[B]5.654[V]0.69[E]3.747;;1;1
220225;S 3010-Y;;;8426657;A;[B]5.081[C]6.644[I]0.34;;1;1
220225;S 3010-Y10R;;;8491938;A;[C]3.364[I]4.928[D]2.445;;1;1
220225;S 3010-Y20R;;;8425889;A;[B]5.287[C]5.86[F]0.526;;1;1
220225;S 3010-Y30R;;;8491429;A;[B]4.326[T]3.595[F]0.935;;1;1
220225;S 3010-Y40R;;;8359330;A;[B]4.776[C]4.3[F]1.206;;1;1
220225;S 3010-Y50R;;;8687525;A;[B]2.683[C]2.113[I]4.12;;1;1
220225;S 3010-Y60R;;;8620961;A;[B]1.802[L]5.599[I]4.646;;1;1
220225;S 3010-Y70R;;;8817825;A;[B]3.2[C]0.091[I]5.06;;1;1
220225;S 3010-Y80R;;;9014431;A;[B]2.893[L]11.209[RN]4.195;;1;1
220225;S 3010-Y90R;;;9145502;A;[B]3.923[L]8.461[RN]4.246;;1;1
220225;S 3020-B;;;10193526;A;[B]6.234[E]9.177;;1;1
220225;S 3020-B10G;;;10260086;A;[B]5.365[E]7.465[D]2.5;;1;1
220225;S 3020-B30G;;;9998711;A;[B]5.635[E]4.68[D]5.364;;1;1
220225;S 3020-B40G;;;9802103;A;[B]5.765[E]3.284[D]7.316;;1;1
220225;S 3020-B50G;;;9671032;A;[B]5.992[E]2.18[D]7.855;;1;1
220225;S 3020-B60G;;;9605751;A;[B]6.195[E]1.349[D]9.525;;1;1
220225;S 3020-B70G;;;9408885;A;[B]6.745[E]0.18[D]11.218;;1;1
220225;S 3020-B90G;;;9015672;A;[B]5.868[C]1.779[D]10.965;;1;1
220225;S 3020-G;;;8622203;A;[C]1[I]4.878[D]15.322;;1;1
220225;S 3020-G10Y;;;8491393;A;[B]7.249[D]6.937[AN]6.757;;1;1
220225;S 3020-G20Y;;;8229252;A;[C]4.093[I]4.399[D]11.677;;1;1
220225;S 3020-G30Y;;;8032648;A;[B]7.402[D]4.114[AN]10.969;;1;1
220225;S 3020-G40Y;;;7704461;A;[C]8.295[I]4.348[D]8.69;;1;1
220225;S 3020-G50Y;;;7705747;A;[I]4.877[D]5.734[AN]10.174;;1;1
220225;S 3020-G60Y;;;7508116;A;[C]10.674[I]4.455[D]6.774;;1;1
220225;S 3020-G70Y;;;7508117;A;[B]5.571[C]13.632[D]2.694;;1;1
220225;S 3020-G80Y;;;7311770;A;[B]7.277[C]4.872[AN]12.339;;1;1
220225;S 3020-G90Y;;;7245983;A;[T]8.714[I]4.756[D]3.635;;1;1
220225;S 3020-R;;;8420506;A;[B]4.085[L]10.276[RN]14.322;;1;1
220225;S 3020-R10B;;;8748699;A;[B]5.221[V]8.326[F]1.537;;1;1
220225;S 3020-R20B;;;9010584;A;[V]9.953[E]4.567[F]2.106;;1;1
220225;S 3020-R30B;;;9338515;A;[B]6.719[V]11.451[I]1.001;;1;1
220225;S 3020-R40B;;;9666449;A;[B]6.439[V]11.139[E]0.683;;1;1
220225;S 3020-R50B;;;10257808;A;[B]4.451[V]9.012[E]2.639;;1;1
220225;S 3020-R60B;;;10388872;A;[B]4.155[V]7.726[E]5.131;;1;1
220225;S 3020-R70B;;;10323841;A;[B]2.871[E]9.384[RN]7.191;;1;1
220225;S 3020-R80B;;;10520700;A;[B]3.125[E]10.346[RN]5.125;;1;1
220225;S 3020-R90B;;;10389880;A;[B]5.296[V]1.9[E]9.694;;1;1
220225;S 3020-Y;;;7180192;A;[B]5.628[C]15.624;;1;1
220225;S 3020-Y10R;;;7310757;A;[C]11.358[I]5.505[D]2.054;;1;1
220225;S 3020-Y20R;;;6981795;A;[B]5.231[C]15.493[F]1.223;;1;1
220225;S 3020-Y30R;;;7047078;A;[B]4.1[C]13.02[F]1.911;;1;1
220225;S 3020-Y40R;;;7177123;A;[B]4.819[C]9.047[F]2.638;;1;1
220225;S 3020-Y50R;;;7505322;A;[B]3.345[C]5.836[F]2.974;;1;1
220225;S 3020-Y60R;;;7504034;A;[C]1.558[L]0.091[I]12.25;;1;1
220225;S 3020-Y70R;;;7831973;A;[B]3.757[C]0.577[F]3.56;;1;1
220225;S 3020-Y80R;;;7896735;A;[L]21.277[I]2.255[RN]10.165;;1;1
220225;S 3020-Y90R;;;8093087;A;[B]1.157[L]20.453[RN]14.293;;1;1
220225;S 3030-B;;;10060641;A;[B]5.889[E]20.527[D]1.393;;1;1
220225;S 3030-B10G;;;9996387;A;[B]5[E]15.097[D]4.899;;1;1
220225;S 3030-B30G;;;9669731;A;[B]5.155[E]9.245[D]11.276;;1;1
220225;S 3030-B40G;;;9473120;A;[B]5.284[E]8.507[D]14.783;;1;1
220225;S 3030-B50G;;;9407844;A;[B]5.622[E]6[D]14.97;;1;1
220225;S 3030-B60G;;;9079905;A;[B]6.179[E]3.845[D]20.214;;1;1
220225;S 3030-B70G;;;8948834;A;[B]6.608[E]1.564[D]22.106;;1;1
220225;S 3030-B90G;;;8359268;A;[B]5.898[C]3.476[D]25.603;;1;1
220225;S 3030-G;;;7899754;A;[C]3.591[I]4.894[D]27.371;;1;1
220225;S 3030-G10Y;;;7704435;A;[T]5.259[L]14.672[D]19.429;;1;1
220225;S 3030-G20Y;;;7113333;A;[C]13.843[I]3.711[D]22.652;;1;1
220225;S 3030-G30Y;;;6917245;A;[B]6.247[T]13.464[D]12.623;;1;1
220225;S 3030-G40Y;;;6654854;A;[C]21.583[I]3.8[D]13.94;;1;1
220225;S 3030-G50Y;;;6524300;A;[B]3.556[C]26.072[D]9.1;;1;1
220225;S 3030-G60Y;;;6261648;A;[B]4.2[C]32.075[D]7.43;;1;1
220225;S 3030-G70Y;;;6327957;A;[B]3.223[C]32.466[D]7;;1;1
220225;S 3030-G80Y;;;6065303;A;[B]9.012[T]10.625[AN]22.456;;1;1
220225;S 3030-G90Y;;;5934239;A;[B]3.717[C]36.601[D]2.928;;1;1
220225;S 3030-R;;;7564954;A;[B]2.893[L]16.419[RN]33.71;;1;1
220225;S 3030-R10B;;;7892375;A;[B]5.008[V]20.266[F]2.613;;1;1
220225;S 3030-R20B;;;8285587;A;[B]4.404[V]27.018[I]4.235;;1;1
220225;S 3030-R30B;;;8744595;A;[B]6.956[V]19.595[RN]10.153;;1;1
220225;S 3030-R40B;;;9400972;A;[V]25.378[E]5.39[L]6.789;;1;1
220225;S 3030-R50B;;;9926280;A;[B]3.028[V]21[E]5.584;;1;1
220225;S 3030-R60B;;;10320508;A;[B]2.296[V]16.434[E]10.264;;1;1
220225;S 3030-R70B;;;10452339;A;[B]2.876[V]11.794[E]13.904;;1;1
220225;S 3030-R80B;;;10321514;A;[B]4.064[V]7[E]18.161;;1;1
220225;S 3030-R90B;;;10453864;A;[B]4.682[V]2.952[E]19.011;;1;1
220225;S 3030-Y;;;5999007;A;[B]6.88[C]22.543[T]8.531;;1;1
220225;S 3030-Y10R;;;6195365;A;[T]17.792[I]7.38[D]1.859;;1;1
220225;S 3030-Y20R;;;5931683;A;[B]5.884[T]22.737[F]2.309;;1;1
220225;S 3030-Y30R;;;5996197;A;[B]4.16[C]26.998[F]3.321;;1;1
220225;S 3030-Y40R;;;5929381;A;[B]4.194[C]24.393[F]5.2;;1;1
220225;S 3030-Y60R;;;6387108;A;[B]3.427[C]6.311[F]7.324;;1;1
220225;S 3030-Y70R;;;6582689;A;[B]3.604[C]0.091[F]8.394;;1;1
220225;S 3030-Y80R;;;6712733;A;[I]14.539[RN]17.5[F]1.017;;1;1
220225;S 3030-Y90R;;;7040412;A;[B]1.006[I]11.995[RN]25.033;;1;1
220225;S 3040-B;;;10058828;A;[B]4.48[E]39.888[D]4.279;;1;1
220225;S 3040-B10G;;;9797705;A;[B]3.779[E]32.395[D]11.071;;1;1
220225;S 3040-B20G;;;9536328;A;[B]3.6[E]26.584[D]16.723;;1;1
220225;S 3040-B30G;;;9340232;A;[B]3.614[E]21.647[D]21.555;;1;1
220225;S 3040-B40G;;;9012552;A;[B]4.17[E]18.8[D]27.13;;1;1
220225;S 3040-B50G;;;8815947;A;[B]5.273[E]15.218[D]31.891;;1;1
220225;S 3040-B60G;;;8685643;A;[B]4.929[E]9.64[D]35.694;;1;1
220225;S 3040-B70G;;;8357709;A;[B]6[E]4.772[D]41.044;;1;1
220225;S 3040-B80G;;;8095565;A;[B]7.102[E]0.096[D]51.965;;1;1
220225;S 3040-B90G;;;7571024;A;[B]5.767[C]5.133[D]52.516;;1;1
220225;S 3040-G;;;7046489;A;[B]4.539[C]13.572[D]49.897;;1;1
220225;S 3040-G10Y;;;6587745;A;[C]20.479[I]2.601[D]47.766;;1;1
220225;S 3040-G20Y;;;6129256;A;[B]5.352[T]20.945[D]31.688;;1;1
220225;S 3040-G30Y;;;5735794;A;[B]6.088[T]26.618[D]22.596;;1;1
220225;S 3040-G50Y;;;5277575;A;[T]33.206[I]4.693[D]14.679;;1;1
220225;S 3040-G70Y;;;5146511;A;[B]7.353[T]39.262[D]5.653;;1;1
220225;S 3040-G80Y;;;4819095;A;[B]7.096[T]45.409[D]3.04;;1;1
220225;S 3040-G90Y;;;4818585;A;[B]10.024[T]32.208[AN]25.286;;1;1
220225;S 3040-R10B;;;6642321;A;[B]5.964[V]60.479[F]6.069;;1;1
220225;S 3040-R20B;;;7297680;A;[B]5.358[V]65.631[F]2.815;;1;1
220225;S 3040-R30B;;;8085132;A;[V]58.766[E]4.773[I]4.412;;1;1
220225;S 3040-R40B;;;8872071;A;[B]1.598[V]56.437[E]6.366;;1;1
220225;S 3040-R50B;;;9463424;A;[V]45.494[E]10.297;;1;1
220225;S 3040-R70B;;;10449252;A;[V]23.079[E]26.696;;1;1
220225;S 3040-R80B;;;10449754;A;[B]0.8[V]14.949[E]34.844;;1;1
220225;S 3040-R90B;;;10254675;A;[B]4.141[V]3.5[E]38.09;;1;1
220225;S 3040-Y;;;4686749;A;[B]6.22[T]47.201[L]11.3;;1;1
220225;S 3040-Y20R;;;4881317;A;[B]1.023[T]39.402[I]12.226;;1;1
220225;S 3040-Y40R;;;5009315;A;[B]4.324[T]28.57[F]8.346;;1;1
220225;S 3040-Y50R;;;5008033;A;[C]37.882[I]10.301[F]9.75;;1;1
220225;S 3040-Y60R;;;5335201;A;[C]14.587[L]12.535[F]13.078;;1;1
220225;S 3040-Y70R;;;5530781;A;[I]9.414[RN]0.092[F]12.741;;1;1
220225;S 3040-Y80R;;;5857949;A;[L]19.654[RN]28.178[F]8.625;;1;1
220225;S 3050-Y70R;;;4280982;A;[B]1.957[F]35.165;;1;1
220225;S 3500-N;;;9671061;A;[B]7.39[C]0.276[I]0.439;;1;1
220225;S 3502-B;;;9736078;A;[B]8.407[E]0.535[D]0.683;;1;1
220225;S 3502-G;;;9605007;A;[B]7.307[I]0.729[D]1.741;;1;1
220225;S 3502-R;;;9604755;A;[B]8.026[L]0.506[F]0.17;;1;1
220225;S 3502-Y;;;9343124;A;[B]4.52[I]2.629[D]1.884;;1;1
220225;S 4000-N;;;9210251;A;[B]10.825[C]0.247[I]0.184;;1;1
220225;S 4005-B20G;;;9078142;A;[B]11.591[E]1.569[D]2.157;;1;1
220225;S 4005-B80G;;;8947586;A;[B]10.972[I]0.71[D]3.723;;1;1
220225;S 4005-G20Y;;;8685445;A;[B]7.049[I]3.278[D]4.813;;1;1
220225;S 4005-G50Y;;;8357511;A;[B]11.686[C]4.261[D]1.583;;1;1
220225;S 4005-G80Y;;;8226442;A;[B]11.631[C]5.076[D]0.658;;1;1
220225;S 4005-R20B;;;8814729;A;[B]11.001[V]3.516[I]1.237;;1;1
220225;S 4005-R50B;;;9142918;A;[B]11.875[V]2.945[E]1.083;;1;1
220225;S 4005-R80B;;;9340290;A;[B]10.638[V]0.992[E]2.949;;1;1
220225;S 4005-Y20R;;;8094862;A;[B]10.792[C]4.5[F]0.729;;1;1
220225;S 4005-Y50R;;;8225421;A;[B]10.804[C]2.379[F]1.12;;1;1
220225;S 4005-Y80R;;;8553358;A;[B]10.604[F]1.291;;1;1
220225;S 4010-B10G;;;9077111;A;[B]12.55[E]5.152[D]2.004;;1;1
220225;S 4010-B30G;;;8946294;A;[B]11.93[E]3.428[D]4.378;;1;1
220225;S 4010-B50G;;;8947066;A;[B]12.204[E]1.212[D]5.418;;1;1
220225;S 4010-B70G;;;8750455;A;[B]11.795[I]0.48[D]8.262;;1;1
220225;S 4010-B90G;;;8553848;A;[B]12.686[C]1.581[D]8.019;;1;1
220225;S 4010-G10Y;;;8226172;A;[B]3.56[I]6.174[D]11.468;;1;1
220225;S 4010-G30Y;;;7963775;A;[B]11.932[C]6.142[D]5.026;;1;1
220225;S 4010-G50Y;;;7964037;A;[B]11.477[C]6.35[D]2.715;;1;1
220225;S 4010-G70Y;;;7767433;A;[I]9.154[D]7.804[AN]2.484;;1;1
220225;S 4010-G90Y;;;7439244;A;[B]12.86[C]11.071[I]0.092;;1;1
220225;S 4010-R10B;;;8420235;A;[B]9.756[V]6.512[I]3.298;;1;1
220225;S 4010-R30B;;;8813706;A;[B]11.261[V]7.569[F]0.385;;1;1
220225;S 4010-R50B;;;9207684;A;[B]10.763[V]5.335[E]1.995;;1;1
220225;S 4010-R70B;;;9273469;A;[B]10.569[V]4[E]4.95;;1;1
220225;S 4010-R90B;;;9207672;A;[B]11.205[V]1.437[E]6.727;;1;1
220225;S 4010-Y10R;;;7570835;A;[C]3.734[I]9.079[D]4.537;;1;1
220225;S 4010-Y30R;;;7569810;A;[B]1.156[L]38.255[F]0.094;;1;1
220225;S 4010-Y50R;;;7700371;A;[B]9.396[C]3.8[F]2.188;;1;1
220225;S 4010-Y70R;;;7764880;A;[B]9.096[I]2.936[F]2.022;;1;1
220225;S 4010-Y90R;;;8026764;A;[B]7.797[L]14.994[RN]8.331;;1;1
220225;S 4020-B;;;9009250;A;[B]12.574[E]19.332[D]0.5;;1;1
220225;S 4020-B10G;;;9010533;A;[B]11.501[E]14[D]4.382;;1;1
220225;S 4020-B30G;;;8617314;A;[B]12.611[E]10.179[D]10.711;;1;1
220225;S 4020-B50G;;;8552550;A;[B]12.81[E]5.117[D]14.775;;1;1
220225;S 4020-B70G;;;8159074;A;[B]14.442[E]0.094[D]22.248;;1;1
220225;S 4020-B90G;;;7831399;A;[B]14.014[C]3.484[D]20.027;;1;1
220225;S 4020-G;;;7503207;A;[B]15[C]6.029[D]20.215;;1;1
220225;S 4020-G10Y;;;7307373;A;[C]3.455[I]9.743[D]26.73;;1;1
220225;S 4020-G30Y;;;6782581;A;[C]9.561[I]10.1[D]21.347;;1;1
220225;S 4020-G50Y;;;6521215;A;[B]16.331[D]2.77[AN]26.458;;1;1
220225;S 4020-G70Y;;;6521223;A;[B]12.55[T]16.477[D]2.887;;1;1
220225;S 4020-G90Y;;;6389387;A;[B]13.292[C]26.349[D]1.033;;1;1
220225;S 4020-R;;;7104649;A;[B]10.245[I]6.566[RN]29.705;;1;1
220225;S 4020-R10B;;;7564168;A;[B]11.301[V]17.306[F]2.654;;1;1
220225;S 4020-R20B;;;7760518;A;[B]12.002[V]22.295[F]1.796;;1;1
220225;S 4020-R30B;;;8154244;A;[B]12.844[V]20.953[F]0.781;;1;1
220225;S 4020-R40B;;;8547968;A;[B]12.78[V]21.932[E]1.723;;1;1
220225;S 4020-R50B;;;9007742;A;[B]10.035[V]17.616[E]4.568;;1;1
220225;S 4020-R60B;;;9073267;A;[B]9.304[V]15.32[E]10.251;;1;1
220225;S 4020-R70B;;;9270381;A;[B]3.977[E]20.186[RN]16.299;;1;1
220225;S 4020-R80B;;;9270633;A;[B]6.401[E]21.338[RN]10.654;;1;1
220225;S 4020-R90B;;;9205862;A;[B]10.768[V]4.1[E]18;;1;1
220225;S 4020-Y;;;6060941;A;[C]24.541[I]12.206[D]6.85;;1;1
220225;S 4020-Y10R;;;5994894;A;[C]22.373[I]14.256[D]5.425;;1;1
220225;S 4020-Y20R;;;6060434;A;[B]10.677[C]27.348[F]2.358;;1;1
220225;S 4020-Y30R;;;6190996;A;[B]9.632[C]19.883[F]3.83;;1;1
220225;S 4020-Y40R;;;6124433;A;[B]4.231[C]15.214[I]16.708;;1;1
220225;S 4020-Y50R;;;6254995;A;[B]9.811[C]11.32[F]6.355;;1;1
220225;S 4020-Y60R;;;6320017;A;[B]1.508[L]38.359[F]5.33;;1;1
220225;S 4020-Y70R;;;6516111;A;[B]10.306[C]0.092[F]7.592;;1;1
220225;S 4020-Y80R;;;6646670;A;[B]4.712[I]16.784[RN]14.084;;1;1
220225;S 4020-Y90R;;;6974604;A;[B]7.654[I]10.829[RN]19.42;;1;1
220225;S 4030-B;;;8876369;A;[E]51.48[I]6.333;;1;1
220225;S 4030-B10G;;;8746061;A;[B]11.4[E]35.698[D]11.058;;1;1
220225;S 4030-B30G;;;8419408;A;[B]10.843[E]21.317[D]20.016;;1;1
220225;S 4030-B50G;;;8026448;A;[B]13.053[E]14.094[D]33.003;;1;1
220225;S 4030-B70G;;;7764816;A;[E]12.942[I]6.948[D]40.118;;1;1
220225;S 4030-B90G;;;7043155;A;[B]15.286[C]5.185[D]48.777;;1;1
220225;S 4030-G30Y;;;5797737;A;[T]20.216[I]11.18[D]37.522;;1;1
220225;S 4030-G50Y;;;5142390;A;[B]17.366[T]38.411[D]12.073;;1;1
220225;S 4030-G90Y;;;5142665;A;[B]17.851[C]15.419[T]32.08;;1;1
220225;S 4030-R10B;;;6511234;A;[B]12.678[V]48.538[F]5.707;;1;1
220225;S 4030-R20B;;;6904449;A;[B]13.519[V]57.965[F]3.365;;1;1
220225;S 4030-R30B;;;7363454;A;[B]14.969[V]57.527[F]1.094;;1;1
220225;S 4030-R40B;;;8019320;A;[B]11.77[V]55.397[E]5.084;;1;1
220225;S 4030-R50B;;;8610421;A;[B]6.296[V]44.131[E]11.017;;1;1
220225;S 4030-R60B;;;8873063;A;[B]5.008[V]39.766[E]23.303;;1;1
220225;S 4030-R70B;;;9399138;A;[V]6.035[E]35.137[RN]19.239;;1;1
220225;S 4030-R80B;;;9202519;A;[E]48.023[RN]20.677[F]0.235;;1;1
220225;S 4030-R90B;;;9204055;A;[B]7.407[E]38.222[RN]7.382;;1;1
220225;S 4030-Y;;;5010828;A;[T]37.048[I]16.283[D]7.222;;1;1
220225;S 4030-Y10R;;;4813711;A;[T]40.51[I]19.156[D]4.886;;1;1
220225;S 4030-Y20R;;;4812688;A;[B]12.484[T]40.292[F]5.244;;1;1
220225;S 4030-Y30R;;;5074323;A;[B]10.849[C]54.748[F]8.2;;1;1
220225;S 4030-Y40R;;;4876176;A;[B]11.405[T]30.008[F]10.568;;1;1
220225;S 4030-Y50R;;;5072016;A;[B]11.154[C]31.421[F]14.956;;1;1
220225;S 4030-Y60R;;;5136526;A;[C]7.638[L]50.583[F]13.883;;1;1
220225;S 4030-Y70R;;;5398414;A;[I]28.242[RN]11.806[F]6.026;;1;1
220225;S 4030-Y80R;;;5660299;A;[I]32.948[RN]33.323[F]0.097;;1;1
220225;S 4030-Y90R;;;5921927;A;[B]13.2[RN]43.335[F]7.778;;1;1
220225;S 4040-Y70R;;;4280711;A;[B]12.009[C]0.095[F]36.709;;1;1
220225;S 4500-N;;;8552578;A;[B]15.6[L]1.146[F]0.092;;1;1
220225;S 4502-B;;;8683133;A;[B]15.976[E]1.281[D]0.475;;1;1
220225;S 4502-G;;;8487038;A;[B]14.242[I]1.337[D]2.872;;1;1
220225;S 4502-R;;;8486531;A;[B]14.634[V]1.582[L]4.032;;1;1
220225;S 4502-Y;;;8093315;A;[B]16.055[C]2.806[L]0.092;;1;1
220225;S 5000-N;;;8091770;A;[B]20.801[C]0.092[F]0.099;;1;1
220225;S 5005-B20G;;;8157041;A;[B]20.408[E]2.807[D]2.731;;1;1
220225;S 5005-B80G;;;7960689;A;[B]19.252[L]3.339[D]5.777;;1;1
220225;S 5005-G20Y;;;7435634;A;[B]13.393[I]6.687[D]10.222;;1;1
220225;S 5005-G50Y;;;7370359;A;[B]10.31[I]9.07[D]9.172;;1;1
220225;S 5005-G80Y;;;7239289;A;[B]22.398[C]7.876[D]0.534;;1;1
220225;S 5005-R20B;;;7828091;A;[B]20.001[V]5.687[F]0.642;;1;1
220225;S 5005-R50B;;;8090486;A;[B]20.527[V]5.2[E]1.85;;1;1
220225;S 5005-R80B;;;8090224;A;[B]21.727[V]2.348[E]4.799;;1;1
220225;S 5005-Y20R;;;7173503;A;[B]19.628[C]7.112[F]1.177;;1;1
220225;S 5005-Y50R;;;7172734;A;[B]20.253[C]3.596[F]1.892;;1;1
220225;S 5005-Y80R;;;7434876;A;[B]20.633[L]0.092[F]1.937;;1;1
220225;S 5010-B10G;;;7958886;A;[B]24.005[E]10.373[D]3.013;;1;1
220225;S 5010-B30G;;;7828326;A;[B]22.713[E]5.922[D]7.353;;1;1
220225;S 5010-B50G;;;7828584;A;[B]21.758[E]2.771[D]9.025;;1;1
220225;S 5010-B70G;;;7697767;A;[B]22.548[L]1.257[D]13.868;;1;1
220225;S 5010-B90G;;;7304038;A;[B]24.345[C]2.832[D]13.673;;1;1
220225;S 5010-G10Y;;;7041898;A;[B]9.956[I]10.41[D]20.898;;1;1
220225;S 5010-G30Y;;;6976623;A;[B]5.213[I]14.177[D]19.53;;1;1
220225;S 5010-G50Y;;;6780019;A;[B]24.295[C]12.933[D]4.869;;1;1
220225;S 5010-G70Y;;;6648951;A;[B]23.535[T]11.332[D]1.951;;1;1
220225;S 5010-G90Y;;;6517627;A;[B]24.041[C]17.521[I]0.757;;1;1
220225;S 5010-R10B;;;7301497;A;[B]22.117[V]10.51[F]1.993;;1;1
220225;S 5010-R30B;;;7629432;A;[B]21.667[V]15.573[F]0.814;;1;1
220225;S 5010-R50B;;;7891568;A;[B]21.436[V]13.993[E]4.334;;1;1
220225;S 5010-R70B;;;8154732;A;[B]19.824[V]8.2[E]9.668;;1;1
220225;S 5010-R90B;;;8089447;A;[B]21[V]3.4[E]12.365;;1;1
220225;S 5010-Y10R;;;6583169;A;[I]20.021[D]9.062[AN]2.935;;1;1
220225;S 5010-Y30R;;;6188416;A;[B]21.023[C]15.394[F]3.94;;1;1
220225;S 5010-Y50R;;;6450304;A;[B]20.836[C]7.068[F]4.434;;1;1
220225;S 5010-Y70R;;;6514813;A;[B]21.56[C]0.093[F]6.061;;1;1
220225;S 5010-Y90R;;;6711162;A;[B]19.485[I]10.113[RN]12.086;;1;1
220225;S 5020-B;;;7824979;A;[B]24.57[V]0.6[E]38.627;;1;1
220225;S 5020-B10G;;;7760211;A;[B]23.685[E]30.633[D]7.713;;1;1
220225;S 5020-B30G;;;7564372;A;[B]22.973[E]18[D]18.002;;1;1
220225;S 5020-B50G;;;7302484;A;[B]24.597[E]10.051[D]30.286;;1;1
220225;S 5020-B70G;;;7040340;A;[B]27.52[E]1.577[D]39.062;;1;1
220225;S 5020-G50Y;;;5401706;A;[B]31.358[T]31.273[D]10.721;;1;1
220225;S 5020-G70Y;;;5467762;A;[B]29.249[T]31.068[D]4.247;;1;1
220225;S 5020-G90Y;;;5270648;A;[B]28.403[T]32.925[I]3.6;;1;1
220225;S 5020-R10B;;;6248566;A;[B]23.098[V]42.949[F]6.223;;1;1
220225;S 5020-R50B;;;7626088;A;[B]19.717[V]42.657[E]12.402;;1;1
220225;S 5020-R90B;;;7956055;A;[B]17.668[E]38.981[RN]9.951;;1;1
220225;S 5020-Y;;;5073275;A;[T]24.887[I]28.67[D]13.072;;1;1
220225;S 5020-Y10R;;;5073020;A;[B]19.673[T]31.719[I]15.771;;1;1
220225;S 5020-Y20R;;;5007232;A;[B]15.009[T]32.134[I]20.698;;1;1
220225;S 5020-Y30R;;;4940414;A;[B]24.908[T]29.236[F]9.381;;1;1
220225;S 5020-Y40R;;;5202817;A;[B]9.108[T]15.725[I]34.329;;1;1
220225;S 5020-Y50R;;;5333376;A;[B]7.263[T]8.042[I]37.587;;1;1
220225;S 5020-Y60R;;;5332607;A;[B]3.607[L]1.614[I]48.216;;1;1
220225;S 5020-Y70R;;;5529215;A;[B]6.523[I]38.054[RN]14.131;;1;1
220225;S 5020-Y80R;;;5593980;A;[B]23.179[RN]21.085[F]11;;1;1
220225;S 5020-Y90R;;;5724536;A;[B]25.146[RN]40.061[F]7.85;;1;1
220225;S 5030-Y70R;;;4411258;A;[B]26.977[I]0.096[F]35.17;;1;1
220225;S 5500-N;;;7499889;A;[B]27.343[L]5.72;;1;1
220225;S 5502-B;;;7630445;A;[B]28.848[E]4.315[I]0.57;;1;1
220225;S 5502-G;;;7368557;A;[B]29.979[C]1.508[D]3.52;;1;1
220225;S 5502-R;;;7368050;A;[B]29.759[RN]1.621[F]0.694;;1;1
220225;S 5502-Y;;;7040625;A;[B]21.615[I]7.321[D]4.788;;1;1
220225;S 6000-N;;;6973289;A;[B]37.808[L]4.85[I]0.094;;1;1
220225;S 6005-B20G;;;6841439;A;[B]43.422[E]5.545[D]4.612;;1;1
220225;S 6005-B80G;;;6776417;A;[B]40.681[L]6.235[D]9.058;;1;1
220225;S 6005-G20Y;;;6383202;A;[B]26[I]12.464[D]21.307;;1;1
220225;S 6005-G50Y;;;6383463;A;[B]42.745[C]11.333[D]4.751;;1;1
220225;S 6005-G80Y;;;6252138;A;[B]42.901[C]13.299[I]0.278;;1;1
220225;S 6005-R20B;;;6709353;A;[B]38.145[V]14.735[F]1.448;;1;1
220225;S 6005-R50B;;;7103334;A;[B]37.918[V]11.505[E]4.277;;1;1
220225;S 6005-R80B;;;6971999;A;[B]38.597[V]6.5[E]10.547;;1;1
220225;S 6005-Y20R;;;5989485;A;[B]42.965[C]14.142[F]2.897;;1;1
220225;S 6005-Y50R;;;6120046;A;[B]38.439[C]5.932[F]4.307;;1;1
220225;S 6005-Y80R;;;6382188;A;[B]37.639[RN]2.83[F]3.139;;1;1
220225;S 6010-B10G;;;6906199;A;[B]14.457[E]42.069[I]13.777;;1;1
220225;S 6010-B30G;;;6775384;A;[B]43.547[E]10.721[D]12.695;;1;1
220225;S 6010-B50G;;;6644567;A;[B]44.17[E]6.087[D]20.216;;1;1
220225;S 6010-G70Y;;;5596006;A;[B]47.956[T]22.991[D]2.645;;1;1
220225;S 6010-G90Y;;;5595752;A;[I]39.315[D]27.922;;1;1
220225;S 6010-R70B;;;7167836;A;[B]32.981[V]16.708[E]20;;1;1
220225;S 6010-Y30R;;;5332849;A;[B]39.076[C]24.74[F]8;;1;1
220225;S 6010-Y50R;;;5331564;A;[B]45.304[C]10.29[F]9.627;;1;1
220225;S 6010-Y70R;;;5462122;A;[B]45.484[F]10.792;;1;1
220225;S 6010-Y90R;;;5855851;A;[B]42.285[RN]21.798[F]5.862;;1;1
220225;S 6500-N;;;6381409;A;[B]52.954[E]0.47[L]11.245;;1;1
220225;S 6502-B;;;5131083;A;[B]60.26[E]5.03[D]1.775;;1;1
220225;S 6502-G;;;6250076;A;[B]50.957[I]4.539[D]11.601;;1;1
220225;S 6502-R;;;6118240;A;[B]57.468[V]3.896[F]2.308;;1;1
220225;S 6502-Y;;;5987680;A;[B]41.862[I]13.376[D]9.035;;1;1
