2309011838;[Default];W2-1 Фарбитекс ВДК Интерьерная NEW Symphony;;;;;[lt]1;1;1
220224;F300;;;15069677;A;[B]0.2[L]0.691[AXX]1.289;;1;1
220224;F301;;;14742000;A;[B]0.256[C]0.506[AXX]1.391;;1;1
220224;F302;;;14085872;A;[T]0.664[L]0.779[AXX]2.976;;1;1
220224;F303;;;13954287;A;[L]0.667[I]0.234[AXX]4.336;;1;1
220224;F304;;;14085616;A;[L]0.513[I]0.214[AXX]4.152;;1;1
220224;F305;;;13953515;A;[C]1.357[L]2.094[AXX]1.903;;1;1
220224;F306;;;13691375;A;[T]0.998[I]0.454[AXX]3.68;;1;1
220224;F307;;;14347503;A;[T]1.132[L]1.181[AXX]1.08;;1;1
220224;F308;;;13493487;A;[C]4.722[I]0.399[R]0.231;;1;1
220224;F309;;;14872047;A;[C]0.973[L]1.031;;1;1
220224;F310;;;14477804;A;[C]1.465[L]1.913;;1;1
220224;F311;;;13100016;A;[B]0.201[C]6.791[F]0.201;;1;1
220224;F312;;;14083823;A;[C]2.131[F]0.247;;1;1
220224;F313;;;14609132;A;[B]0.2[C]1.293[I]0.342;;1;1
220224;F314;;;13493232;A;[C]4.265[F]0.294;;1;1
220224;F315;;;13886959;A;[C]2.681[F]0.27;;1;1
220224;F316;;;15199215;A;[B]0.2[T]0.373[R]0.661;;1;1
220224;F317;;;14411502;A;[B]0.2[C]1.184[F]0.337;;1;1
220224;F318;;;14410988;A;[L]1.73[AXX]1.544[R]1.43;;1;1
220224;F319;;;14608623;A;[C]0.808[L]0.596[F]0.215;;1;1
220224;F320;;;14410475;A;[C]0.206[I]0.789[F]0.432;;1;1
220224;F321;;;14410478;A;[I]0.313[F]0.608;;1;1
220224;F322;;;14145773;A;[B]0.275[T]1.1[R]4.762;;1;1
220224;F323;;;14606318;A;[C]0.703[L]1.23[R]2.553;;1;1
220224;F324;;;13881581;A;[B]0.358[T]1.141[R]8.346;;1;1
220224;F325;;;14738410;A;[L]2.171[AXX]0.525[R]1.45;;1;1
220224;F326;;;14146540;A;[I]0.344[R]0.687[F]0.772;;1;1
220224;F327;;;14473710;A;[L]0.846[R]4.051[F]0.225;;1;1
220224;F328;;;14143976;A;[B]0.201[L]2.106[R]7.507;;1;1
220224;F329;;;15067120;A;[T]0.413[I]0.2[R]1.166;;1;1
220224;F330;;;14012393;A;[E]0.368[R]7.067[F]0.534;;1;1
220224;F331;;;14671342;A;[B]0.2[R]2.933[F]0.258;;1;1
220224;F332;;;14473706;A;[V]2.5[F]0.613;;1;1
220224;F333;;;14672875;A;[V]0.521[L]1.426[F]0.371;;1;1
220224;F334;;;14672618;A;[V]0.455[L]1.58[F]0.393;;1;1
220224;F335;;;14869997;A;[B]0.252[R]0.467[F]0.317;;1;1
220224;F336;;;14738157;A;[B]0.2[R]0.973[F]0.39;;1;1
220224;F337;;;14869997;A;[B]0.21[R]0.634[F]0.275;;1;1
220224;F338;;;14735592;A;[V]6.122[I]0.637[F]0.201;;1;1
220224;F339;;;15261929;A;[V]2.887[L]1.071;;1;1
220224;F340;;;15460075;A;[V]1.089[L]1.165[R]0.2;;1;1
220224;F341;;;14732758;A;[B]1.175[V]8.485[E]1.105;;1;1
220224;F342;;;15195878;A;[B]0.252[V]3.033[L]1.006;;1;1
220224;F343;;;15525603;A;[V]1.066[E]0.497[L]0.949;;1;1
220224;F344;;;14868190;A;[V]1.965[E]0.811[L]2.673;;1;1
220224;F345;;;14933982;A;[V]1.773[E]0.768[L]2.37;;1;1
220224;F346;;;15392989;A;[V]2.348[E]1.205[L]0.809;;1;1
220224;F347;;;15460321;A;[V]0.75[E]0.819[L]1.198;;1;1
220224;F348;;;15262685;A;[B]1.26[V]0.748[E]0.584;;1;1
220224;F349;;;15195347;A;[B]1.137[V]1.785[E]1.975;;1;1
220224;F350;;;15327962;A;[B]1.199[V]0.755[E]0.831;;1;1
220224;F351;;;15525078;A;[B]0.845[V]0.309[E]1.793;;1;1
220224;F352;;;15394012;A;[V]0.665[E]1.359[I]0.443;;1;1
220224;F353;;;15393750;A;[B]1.165[V]0.417[E]1.414;;1;1
220224;F354;;;15525074;A;[V]0.2[E]2.967[I]0.361;;1;1
220224;F355;;;15590092;A;[B]0.763[E]3.471;;1;1
220224;F356;;;15391945;A;[B]0.93[V]1.5[E]3.707;;1;1
220224;F357;;;14934997;A;[B]1.74[E]0.489[D]0.756;;1;1
220224;F358;;;15461602;A;[E]0.379[L]1.548[D]0.302;;1;1
220224;F359;;;15330012;A;[E]0.687[L]1.521[D]0.541;;1;1
220224;F360;;;15395029;A;[E]1.186[I]0.388[D]1.289;;1;1
220224;F361;;;15328976;A;[B]0.781[E]1.141[D]1.481;;1;1
220224;F362;;;15131858;A;[B]1.266[E]0.784[D]1.093;;1;1
220224;F363;;;15394507;A;[B]0.456[E]1.935[D]1.931;;1;1
220224;F364;;;15263698;A;[B]0.858[E]0.756[D]1.6;;1;1
220224;F365;;;15329755;A;[B]1.106[E]0.242[D]0.575;;1;1
220224;F366;;;15132114;A;[B]1.145[E]0.807[D]1.425;;1;1
220224;F367;;;15329234;A;[B]0.718[E]1.007[D]1.478;;1;1
220224;F368;;;14607580;A;[L]4.47[D]0.966;;1;1
220224;F369;;;15264990;A;[L]1.559[D]1.074;;1;1
220224;F370;;;14937056;A;[B]0.512[C]0.773[D]0.815;;1;1
220224;F371;;;15527134;A;[B]0.55[L]0.2[D]0.884;;1;1
220224;F372;;;15134432;A;[B]0.265[C]0.67[D]0.984;;1;1
220224;F373;;;15068899;A;[C]0.606[L]0.857[D]0.741;;1;1
220224;F374;;;14805474;A;[C]0.353[L]2.194[D]0.501;;1;1
220224;F375;;;14216411;A;[B]0.436[D]1.517[AXX]3.43;;1;1
220224;F376;;;14543073;A;[B]0.783[C]1.432[D]0.602;;1;1
220224;F377;;;14805730;A;[C]0.667[L]1.881[D]0.689;;1;1
220224;F378;;;15003109;A;[B]0.402[C]0.854[D]0.376;;1;1
220224;F379;;;14279899;A;[B]1.133[C]1.826[D]1.114;;1;1
220224;F380;;;12839121;A;[B]0.311[D]3.75[AXX]10.939;;1;1
220224;F381;;;14675940;A;[B]0.375[D]0.68[AXX]2.348;;1;1
220224;F382;;;14348264;A;[B]0.2[D]0.276[AXX]3.139;;1;1
220224;F383;;;14873065;A;[B]0.264[D]0.2[AXX]1.89;;1;1
220224;F384;;;14806500;A;[B]0.464[D]0.366[AXX]1.355;;1;1
220224;F385;;;14413289;A;[L]1.385[D]0.209[AXX]2.601;;1;1
220224;F386;;;14872041;A;[C]0.75[L]1.101[D]0.251;;1;1
220224;F387;;;13496036;A;[B]0.205[D]0.874[AXX]7.715;;1;1
220224;F388;;;14479599;A;[B]0.2[T]0.462[AXX]2.167;;1;1
220224;F389;;;13822698;A;[B]0.523[C]1.111[AXX]3.707;;1;1
220224;F390;;;14807017;A;[L]1.212[D]0.219[AXX]1.434;;1;1
220224;F391;;;13363947;A;[B]0.469[I]0.201[AXX]7.628;;1;1
220224;F392;;;12838380;A;[C]2.413[L]2.276[AXX]7.302;;1;1
220224;F393;;;12904172;A;[C]1.773[L]2.066[AXX]6.909;;1;1
220224;F394;;;14084328;A;[B]0.712[C]1.916[AXX]1.303;;1;1
220224;F395;;;14544110;A;[C]0.656[L]0.915[AXX]1.176;;1;1
220224;F396;;;14347244;A;[B]0.381[C]2.522;;1;1
220224;F397;;;14215915;A;[B]0.413[C]1.723[AXX]0.907;;1;1
220224;F398;;;13821420;A;[B]0.2[C]3.134[I]0.415;;1;1
220224;F399;;;14937840;A;[C]1.119[I]0.267;;1;1
220224;F400;;;14018543;A;[L]0.39[AXX]3.281[F]0.28;;1;1
220224;F401;;;12770800;A;[C]6.837[F]0.465;;1;1
220224;F402;;;13099248;A;[C]4.013[T]1.12[F]0.44;;1;1
220224;F403;;;13165040;A;[C]5.485[F]0.399;;1;1
220224;F404;;;13492973;A;[B]0.321[C]4.033[F]0.275;;1;1
220224;F405;;;13952753;A;[C]3.443[L]0.329[F]0.216;;1;1
220224;F406;;;13689074;A;[C]3.749[T]0.201[R]1.928;;1;1
220224;F407;;;13491179;A;[C]2.312[L]1.185[F]0.68;;1;1
220224;F408;;;14016231;A;[C]0.784[L]3.372[F]0.508;;1;1
220224;F409;;;13294571;A;[B]0.446[C]3.457[F]0.801;;1;1
220224;F410;;;14476270;A;[C]0.535[I]0.474[F]0.374;;1;1
220224;F411;;;13687534;A;[C]1.058[F]1.245;;1;1
220224;F412;;;13292261;A;[B]0.2[L]2.184[F]1.741;;1;1
220224;F413;;;14344683;A;[L]1.993[AXX]1.545[R]1.925;;1;1
220224;F414;;;13950439;A;[C]0.61[L]3.155[F]0.591;;1;1
220224;F415;;;14080998;A;[I]2.226[AXX]0.2[R]0.653;;1;1
220224;F416;;;14344682;A;[C]0.285[I]0.692[F]0.442;;1;1
220224;F417;;;14607082;A;[C]0.379[L]2.175[R]1.596;;1;1
220224;F418;;;14409192;A;[L]3.384[AXX]0.444[R]2.571;;1;1
220224;F419;;;14869737;A;[B]0.589[C]0.613[R]1.431;;1;1
220224;F420;;;14935525;A;[B]0.798[F]0.266;;1;1
220224;F421;;;15460076;A;[B]0.299[R]1.469;;1;1
220224;F422;;;14476011;A;[C]0.235[L]1.387[F]0.526;;1;1
220224;F423;;;14935021;A;[V]0.943[I]0.237[F]0.36;;1;1
220224;F424;;;14011870;A;[B]1.202[V]5.606[F]0.774;;1;1
220224;F425;;;15394795;A;[V]1.058[L]0.322[I]0.281;;1;1
220224;F426;;;14935524;A;[V]0.637[E]0.327[L]3.346;;1;1
220224;F427;;;14736343;A;[E]2.072[L]3.378[R]2.255;;1;1
220224;F428;;;14211025;A;[B]4.612[L]0.201[I]0.201;;1;1
220224;F429;;;15001050;A;[B]0.2[E]1.302[L]2.699;;1;1
220224;F430;;;15459804;A;[V]0.573[E]1.249[I]0.39;;1;1
220224;F431;;;15459280;A;[B]0.942[E]2.555;;1;1
220224;F432;;;15590872;A;[B]1.014[V]0.425[E]1.458;;1;1
220224;F433;;;15523793;A;[B]0.567[V]1.472[E]2.78;;1;1
220224;F434;;;15591133;A;[V]0.776[E]1.12[L]0.97;;1;1
220224;F435;;;15132638;A;[E]0.669[I]0.761[D]0.4;;1;1
220224;F436;;;15000275;A;[B]2.045[E]0.66[D]1.102;;1;1
220224;F437;;;15264220;A;[E]0.468[I]0.448[D]0.837;;1;1
220224;F438;;;14605263;A;[B]3.511[E]0.626[D]0.801;;1;1
220224;F439;;;14870492;A;[E]0.2[L]3.529[D]0.835;;1;1
220224;F440;;;14672857;A;[E]0.409[L]4.491[D]0.94;;1;1
220224;F441;;;15396065;A;[E]0.278[L]1.362[D]0.382;;1;1
220224;F442;;;14608092;A;[C]0.5[L]3.114[D]1.036;;1;1
220224;F443;;;15462887;A;[C]0.2[L]0.331[D]0.272;;1;1
220224;F444;;;14279129;A;[B]2.035[C]1.527[D]0.814;;1;1
220224;F445;;;14673630;A;[B]1.236[C]0.982[D]0.589;;1;1
220224;F446;;;15396586;A;[C]0.231[I]0.275[D]0.2;;1;1
220224;F447;;;14937064;A;[C]0.557[L]1.822[D]0.265;;1;1
220224;F448;;;15134697;A;[C]0.472[L]1.156[D]0.235;;1;1
220224;F449;;;15200750;A;[C]1.103[L]0.15[D]0.15;;1;1
220224;F450;;;14543074;A;[B]0.788[C]1.553[D]0.444;;1;1
220224;F451;;;14345954;A;[C]1.369[L]2.565[D]0.59;;1;1
220224;F452;;;13690080;A;[B]0.63[C]4.18[D]0.981;;1;1
220224;F453;;;14017763;A;[B]1.088[C]2.771[D]0.207;;1;1
220224;F454;;;14018795;A;[C]2.939[I]0.289[D]0.273;;1;1
220224;F455;;;14543591;A;[C]1.218[L]1.968[D]0.321;;1;1
220224;F456;;;14805995;A;[B]0.289[C]1.005[I]0.2;;1;1
220224;F457;;;14411493;A;[B]0.756[C]1.559[L]0.909;;1;1
220224;F458;;;14345960;A;[B]0.538[C]1.743[I]0.429;;1;1
220224;F459;;;13886437;A;[B]0.422[C]2.677[L]2.475;;1;1
220224;F460;;;14739943;A;[B]0.574[C]0.987[I]0.246;;1;1
220224;F461;;;14412268;A;[B]0.325[AXX]2.852[R]0.674;;1;1
220224;F462;;;14477804;A;[B]0.333[C]1.648[I]0.213;;1;1
220224;F463;;;14279913;A;[B]0.543[C]1.361[F]0.321;;1;1
220224;F464;;;14279912;A;[B]0.646[C]1.507[F]0.258;;1;1
220224;F465;;;13688292;A;[B]1.09[C]2.713[F]0.41;;1;1
220224;F466;;;13360354;A;[B]1.546[C]4.119[F]0.295;;1;1
220224;F467;;;14345448;A;[B]0.64[C]1.511[F]0.244;;1;1
220224;F468;;;15001574;A;[B]0.545[L]0.2[I]0.621;;1;1
220224;F469;;;14147816;A;[C]0.905[I]1.663;;1;1
220224;F470;;;14279913;A;[B]0.583[C]1.508[F]0.25;;1;1
220224;F471;;;14673385;A;[B]0.616[C]0.763[F]0.255;;1;1
220224;F472;;;14015972;A;[B]0.2[C]0.872[I]2.038;;1;1
220224;F473;;;13292768;A;[C]1.041[I]4.267;;1;1
220224;F474;;;13950178;A;[C]0.322[L]6.015[F]0.351;;1;1
220224;F475;;;14343394;A;[B]1.457[T]0.887[R]1.952;;1;1
220224;F476;;;14278631;A;[B]0.592[C]0.504[F]0.573;;1;1
220224;F477;;;15067627;A;[B]0.26[L]0.43[F]0.2;;1;1
220224;F478;;;14869476;A;[B]0.752[V]0.3[F]0.263;;1;1
220224;F479;;;14540772;A;[B]0.932[V]0.4[F]0.485;;1;1
220224;F480;;;14541798;A;[B]0.825[C]0.762[F]0.294;;1;1
220224;F481;;;14935525;A;[B]0.828[F]0.234;;1;1
220224;F482;;;14607842;A;[B]1.145[C]0.914[I]0.217;;1;1
220224;F483;;;13818074;A;[B]1.72[C]0.842[I]1.964;;1;1
220224;F484;;;14673378;A;[B]0.98[C]0.727[L]1.351;;1;1
220224;F485;;;14739944;A;[B]0.552[C]0.899[I]0.221;;1;1
220224;F486;;;14804964;A;[B]0.833[C]0.624[L]0.651;;1;1
220224;F487;;;14278877;A;[B]2.018[C]1.334[I]0.201;;1;1
220224;F488;;;14606043;A;[B]2.352[V]0.2[I]0.504;;1;1
220224;F489;;;14275531;A;[B]4.414[V]0.796[E]1.172;;1;1
220224;F490;;;14736079;A;[B]2.932[V]0.411[E]1.313;;1;1
220224;F491;;;15132896;A;[B]0.985[C]0.231[D]0.305;;1;1
220224;F492;;;15001055;A;[E]0.799[L]2.242[I]0.27;;1;1
220224;F493;;;15330275;A;[E]0.293[L]1.739[D]0.212;;1;1
220224;F494;;;15330275;A;[B]0.788[C]0.26[D]0.2;;1;1
220224;F495;;;14803932;A;[B]1.374[I]0.326[D]0.268;;1;1
220224;F496;;;14935517;A;[B]1.287[L]0.779[D]0.391;;1;1
220224;F497;;;15396585;A;[B]0.28[C]0.225[L]0.376;;1;1
220224;F498;;;15198946;A;[E]0.228[I]0.495[D]0.434;;1;1
220224;F499;;;15001569;A;[B]0.544[E]0.324[L]2.148;;1;1
220224;F500;;;14869983;A;[B]1.178[L]1.365[D]0.2;;1;1
220224;F501;;;14869989;A;[B]0.2[V]0.502[L]2.85;;1;1
220224;F502;;;15328737;A;[V]0.989[E]0.622[L]1.48;;1;1
220224;G300;;;14019824;A;[B]0.2[C]2.088[AXX]1.921;;1;1
220224;G301;;;14085872;A;[B]0.251[AXX]4.71[R]0.246;;1;1
220224;G302;;;11790065;A;[L]1.156[AXX]20.742[R]0.305;;1;1
220224;G303;;;13363954;A;[C]2.566[L]0.473[AXX]4.437;;1;1
220224;G304;;;12773616;A;[B]0.201[C]3.58[AXX]7.034;;1;1
220224;G305;;;12969453;A;[B]0.324[C]5.829[AXX]1.952;;1;1
220224;G306;;;13363185;A;[C]3.404[I]0.308[AXX]2.772;;1;1
220224;G307;;;13297389;A;[C]2.635[L]1.928[AXX]3.832;;1;1
220224;G308;;;11786734;A;[C]14.078[I]0.365[F]0.201;;1;1
220224;G309;;;13756144;A;[T]3.027[I]0.686;;1;1
220224;G310;;;12246769;A;[T]9.253[I]1.122;;1;1
220224;G311;;;12377327;A;[C]9.307[F]0.381;;1;1
220224;G312;;;12507117;A;[C]6.81[F]0.958;;1;1
220224;G313;;;14149616;A;[C]2.283[L]0.28[F]0.219;;1;1
220224;G314;;;12311024;A;[C]5.952[T]2.606[F]0.688;;1;1
220224;G315;;;13163501;A;[B]0.256[T]3.384[F]0.798;;1;1
220224;G316;;;13623025;A;[B]0.201[T]3.173[R]2.555;;1;1
220224;G317;;;13031406;A;[B]0.338[T]5.015[R]3.828;;1;1
220224;G318;;;13358571;A;[C]0.961[I]0.2[F]1.613;;1;1
220224;G319;;;14082289;A;[T]1.878[I]0.2[R]2.282;;1;1
220224;G320;;;13227500;A;[C]1.874[F]1.501;;1;1
220224;G321;;;13752301;A;[F]1.554;;1;1
220224;G322;;;13487594;A;[B]0.216[R]5.069[F]1.165;;1;1
220224;G323;;;13751276;A;[C]1.902[L]1.557[R]6.469;;1;1
220224;G324;;;13223406;A;[B]0.208[T]1.983[R]15.051;;1;1
220224;G325;;;13422313;A;[B]0.283[R]3.865[F]1.431;;1;1
220224;G326;;;12500194;A;[L]5.666[R]14.513[F]1.228;;1;1
220224;G327;;;12564455;A;[L]2.1[R]24.501[F]0.543;;1;1
220224;G328;;;13485288;A;[B]0.43[L]1.253[R]15.663;;1;1
220224;G329;;;14604268;A;[B]0.275[L]0.201[R]5.754;;1;1
220224;G330;;;12826080;A;[V]18.524[R]4.957[F]1.633;;1;1
220224;G331;;;13946601;A;[E]0.391[R]7.672[F]0.513;;1;1
220224;G332;;;12762338;A;[V]11.443[F]2.515;;1;1
220224;G333;;;14145254;A;[V]2.334[E]0.375[F]0.883;;1;1
220224;G334;;;13684711;A;[V]3.615[L]0.707[F]1.343;;1;1
220224;G335;;;14146280;A;[B]0.407[V]0.592[F]0.951;;1;1
220224;G336;;;14209768;A;[V]5.116[I]0.316[F]0.656;;1;1
220224;G337;;;14604263;A;[V]3.546[E]0.293[F]0.511;;1;1
220224;G338;;;14273507;A;[V]8.257[I]1.052[R]1.217;;1;1
220224;G339;;;14406368;A;[B]0.541[V]5.424[I]1.055;;1;1
220224;G340;;;13615061;A;[V]6.293[E]0.889[F]0.437;;1;1
220224;G341;;;13876170;A;[V]18.384[E]4.24[F]0.635;;1;1
220224;G342;;;14799068;A;[B]1.097[V]7.604[E]0.291;;1;1
220224;G343;;;15260122;A;[V]3.799[E]1.466[I]0.248;;1;1
220224;G344;;;14997462;A;[V]3.465[E]2.069[F]0.225;;1;1
220224;G345;;;14733264;A;[V]3.527[E]3.299[R]3.319;;1;1
220224;G346;;;15059913;A;[V]9.425[E]5.023;;1;1
220224;G347;;;15126728;A;[B]0.39[V]5.622[E]4.945;;1;1
220224;G348;;;14601150;A;[B]2.262[V]5.182[E]6.866;;1;1
220224;G349;;;14797240;A;[B]1.331[V]6.307[E]9.665;;1;1
220224;G350;;;15063760;A;[B]1.429[V]1.921[E]2.411;;1;1
220224;G351;;;15391946;A;[B]0.89[V]1.229[E]4.152;;1;1
220224;G352;;;15129292;A;[B]1.401[V]1.505[E]3.178;;1;1
220224;G353;;;14930108;A;[B]1.766[V]3.233[E]7.525;;1;1
220224;G354;;;15261385;A;[B]1.423[V]0.201[E]4.201;;1;1
220224;G355;;;15193012;A;[B]1.205[V]1.106[E]11.319;;1;1
220224;G356;;;15193015;A;[B]1.05[V]1.8[E]9.45;;1;1
220224;G357;;;14800831;A;[B]2.558[E]5.088[D]0.69;;1;1
220224;G358;;;14999494;A;[B]1.759[E]2.436[D]2.032;;1;1
220224;G359;;;14801860;A;[B]2.161[E]2.872[D]1.767;;1;1
220224;G360;;;15655606;A;[E]6.759[D]3.768;;1;1
220224;G361;;;15063990;A;[B]0.947[E]6.183[D]3.005;;1;1
220224;G362;;;14997174;A;[B]1.934[E]7.724[D]1.13;;1;1
220224;G363;;;15195055;A;[B]0.211[E]7.922[D]3.381;;1;1
220224;G364;;;14604727;A;[B]2.188[E]4.404[D]4.8;;1;1
220224;G365;;;15261626;A;[B]0.658[E]5.314[D]3.152;;1;1
220224;G366;;;14868153;A;[B]0.945[E]3.801[D]4.735;;1;1
220224;G367;;;14209969;A;[B]3.53[E]4.606[D]6.515;;1;1
220224;G368;;;14344658;A;[B]1.937[C]1.065[D]1.897;;1;1
220224;G369;;;13948859;A;[B]3.986[C]0.674[D]7.033;;1;1
220224;G370;;;14477015;A;[B]0.97[C]1.383[D]1.735;;1;1
220224;G371;;;14937042;A;[B]0.344[C]0.54[D]2.913;;1;1
220224;G372;;;14871509;A;[B]0.383[C]0.764[D]2.504;;1;1
220224;G373;;;14346190;A;[B]0.315[C]1.796[D]4.191;;1;1
220224;G374;;;14674390;A;[B]0.73[D]1.942[AXX]1.465;;1;1
220224;G375;;;12706755;A;[B]0.42[D]7.337[AXX]11.488;;1;1
220224;G376;;;12769735;A;[B]1.732[C]6.869[D]5.689;;1;1
220224;G377;;;13885654;A;[B]1.52[C]3.018[D]1.694;;1;1
220224;G378;;;13954527;A;[B]0.247[D]1.249[AXX]4.92;;1;1
220224;G379;;;13361362;A;[B]0.716[C]4.955[D]3.425;;1;1
220224;G380;;;10541236;A;[B]0.704[D]15.674[AXX]41.078;;1;1
220224;G381;;;12707279;A;[B]0.569[D]4.182[AXX]12.108;;1;1
220224;G382;;;13823973;A;[B]0.183[D]0.696[AXX]6.054;;1;1
220224;G383;;;14019810;A;[B]0.557[D]0.614[AXX]4.718;;1;1
220224;G384;;;13952217;A;[B]1.567[D]1.013[AXX]3.691;;1;1
220224;G385;;;13888230;A;[B]0.696[D]0.206[AXX]5.12;;1;1
220224;G386;;;13690080;A;[L]4.752[D]0.672[AXX]4.412;;1;1
220224;G387;;;12248800;A;[B]0.99[D]0.931[AXX]17.273;;1;1
220224;G388;;;12578027;A;[B]0.248[D]0.201[AXX]12.864;;1;1
220224;G389;;;12380651;A;[B]0.623[AXX]14.485;;1;1
220224;G390;;;12905968;A;[L]0.908[AXX]11.028;;1;1
220224;G391;;;11461352;A;[B]0.601[L]2.203[AXX]24.663;;1;1
220224;G392;;;10541031;A;[B]1.211[C]12.088[AXX]23.87;;1;1
220224;G393;;;11722476;A;[C]6.416[L]2.533[AXX]11.692;;1;1
220224;G394;;;13230825;A;[B]0.702[C]5.69[L]0.201;;1;1
220224;G395;;;12244964;A;[B]1.395[C]10.003[F]0.359;;1;1
220224;G396;;;13231084;A;[B]0.301[C]5.736[I]0.201;;1;1
220224;G397;;;12838380;A;[B]0.592[C]3.721[AXX]6.241;;1;1
220224;G398;;;12835815;A;[B]0.961[C]7.04[F]0.347;;1;1
220224;G399;;;13953009;A;[C]3.586[L]0.34[R]0.449;;1;1
220224;G400;;;11391465;A;[B]0.356[C]14.948[F]0.917;;1;1
220224;G401;;;11654126;A;[C]7.867[T]4.053[F]1.026;;1;1
220224;G402;;;12114160;A;[C]5.919[T]3.364[F]0.827;;1;1
220224;G403;;;11850474;A;[C]11.312[I]0.706[F]0.945;;1;1
220224;G404;;;11653097;A;[B]0.313[C]12.194[F]1.319;;1;1
220224;G405;;;12902129;A;[C]4.582[T]1.206[F]0.471;;1;1
220224;G406;;;12046316;A;[C]4.178[T]2.86[F]1.98;;1;1
220224;G407;;;12177127;A;[B]0.339[C]6.259[F]1.769;;1;1
220224;G408;;;12373214;A;[C]3.548[L]8.695[F]1.463;;1;1
220224;G409;;;12637677;A;[C]5.45[F]1.321;;1;1
220224;G410;;;13490924;A;[C]2.047[I]0.387[F]0.898;;1;1
220224;G411;;;12833004;A;[C]2.435[F]2.2;;1;1
220224;G412;;;12700387;A;[L]4.342[R]0.589[F]2.584;;1;1
220224;G413;;;14212844;A;[L]0.98[F]0.855;;1;1
220224;G414;;;13226984;A;[C]0.846[L]1.899[F]1.571;;1;1
220224;G415;;;13357278;A;[B]1.766[F]1.674;;1;1
220224;G416;;;12831712;A;[B]1.315[I]0.2[F]2.632;;1;1
220224;G417;;;12632539;A;[L]12.786[R]10.711[F]0.598;;1;1
220224;G418;;;12699363;A;[L]4.372[R]3.953[F]2.106;;1;1
220224;G419;;;14277608;A;[L]3.258[R]2.183[F]0.327;;1;1
220224;G420;;;14409186;A;[B]1.283[F]0.608;;1;1
220224;G421;;;14473961;A;[C]0.151[L]2.495[R]3.382;;1;1
220224;G422;;;13752808;A;[C]0.385[L]2.565[F]1.053;;1;1
220224;G423;;;13618919;A;[V]3.743[I]0.201[F]1.377;;1;1
220224;G424;;;13156057;A;[V]11.663[E]1.256[F]1.991;;1;1
220224;G425;;;14208473;A;[B]2.307[V]6.391[F]0.361;;1;1
220224;G426;;;14144984;A;[V]2.42[E]0.75[L]8.114;;1;1
220224;G427;;;14077644;A;[B]5.478[V]2.783[L]0.426;;1;1
220224;G428;;;13617604;A;[B]9.053[V]1.879[E]0.758;;1;1
220224;G429;;;14013384;A;[E]4.678[L]8.869[F]0.201;;1;1
220224;G430;;;15523536;A;[E]3.465[L]0.201[R]1.639;;1;1
220224;G431;;;15194303;A;[B]1.385[V]0.918[E]6.415;;1;1
220224;G432;;;15063496;A;[B]1.611[V]1.258[E]4.012;;1;1
220224;G433;;;14865607;A;[B]2.166[V]2.346[E]4.077;;1;1
220224;G434;;;15457999;A;[B]0.668[V]1.506[E]3.03;;1;1
220224;G435;;;15130319;A;[B]2.072[V]0.35[E]2.312;;1;1
220224;G436;;;14209467;A;[B]4.972[E]3.995[D]2.44;;1;1
220224;G437;;;15458762;A;[B]0.876[E]3.745[D]0.334;;1;1
220224;G438;;;14144195;A;[B]5.984[E]1.782[D]1.407;;1;1
220224;G439;;;14146512;A;[B]1.711[L]5.403[D]1.796;;1;1
220224;G440;;;13948356;A;[E]2.546[I]2.531[D]3.5;;1;1
220224;G441;;;14738644;A;[E]0.691[L]3.697[D]1.494;;1;1
220224;G442;;;14477016;A;[B]0.929[C]1.42[D]1.701;;1;1
220224;G443;;;14871773;A;[C]0.635[L]0.941[D]1.276;;1;1
220224;G444;;;12898247;A;[B]6.274[C]4.738[D]2.122;;1;1
220224;G445;;;13621713;A;[B]3.193[C]3.152[D]1.267;;1;1
220224;G446;;;14477024;A;[B]1[C]1.603[D]0.506;;1;1
220224;G447;;;14148057;A;[B]1.792[C]2.167[D]0.998;;1;1
220224;G448;;;13951452;A;[B]1.477[C]2.832[D]0.595;;1;1
220224;G449;;;14020847;A;[L]0.39[D]0.201[AXX]5.202;;1;1
220224;G450;;;13360601;A;[B]1.679[C]4.638[D]0.947;;1;1
220224;G451;;;13427681;A;[B]0.558[C]5.425[D]1.032;;1;1
220224;G452;;;12508124;A;[B]1.114[C]9.102[D]1.296;;1;1
220224;G453;;;12441562;A;[B]2.501[C]9.554[D]0.529;;1;1
220224;G454;;;12180194;A;[C]11.051[I]1.104[D]1.186;;1;1
220224;G455;;;14214884;A;[C]1.775[L]2.99[D]0.406;;1;1
220224;G456;;;13362923;A;[C]2.041[L]1.979[AXX]3.626;;1;1
220224;G457;;;13031385;A;[B]3.066[C]5.439[I]0.201;;1;1
220224;G458;;;12307923;A;[B]4.595[C]7.472[F]0.509;;1;1
220224;G459;;;12506075;A;[B]2.752[C]7.738[F]0.358;;1;1
220224;G460;;;11981790;A;[B]2.387[C]12.118[F]0.201;;1;1
220224;G461;;;12637665;A;[B]1.58[C]6.113[F]0.715;;1;1
220224;G462;;;13360100;A;[B]1.144[C]3.737[F]0.527;;1;1
220224;G463;;;13359842;A;[B]1.397[C]3.806[F]0.51;;1;1
220224;G464;;;13688033;A;[B]1.41[C]2.691[F]0.392;;1;1
220224;G465;;;12110810;A;[B]1.11[C]6.687[I]4.195;;1;1
220224;G466;;;11520216;A;[B]3.133[C]11.989[F]1.304;;1;1
220224;G467;;;13227999;A;[B]1.795[C]3.552[F]0.664;;1;1
220224;G468;;;13424092;A;[B]2.359[C]2.103[F]0.769;;1;1
220224;G469;;;13030112;A;[C]1.994[L]7.213[F]0.947;;1;1
220224;G470;;;13491686;A;[B]0.763[C]3.331[F]0.453;;1;1
220224;G471;;;13424608;A;[B]1.451[C]2.15[F]0.804;;1;1
220224;G472;;;12832220;A;[C]0.308[L]10.392[F]1.291;;1;1
220224;G473;;;11648723;A;[C]2.396[I]10.7[F]0.342;;1;1
220224;G474;;;13291736;A;[B]0.957[L]3.579[I]3.33;;1;1
220224;G475;;;13620704;A;[B]0.301[I]3.026[F]0.32;;1;1
220224;G476;;;13883362;A;[B]1.057[I]0.246[F]1.058;;1;1
220224;G477;;;13160156;A;[B]0.474[I]4.231[F]0.462;;1;1
220224;G478;;;13948122;A;[B]2.464[V]0.8[F]0.774;;1;1
220224;G479;;;13685722;A;[B]2.501[F]1.143;;1;1
220224;G480;;;13621213;A;[B]1.973[C]1.562[F]0.733;;1;1
220224;G481;;;12830667;A;[B]5.315[C]0.71[I]4.052;;1;1
220224;G482;;;14081244;A;[B]2.189[C]1.172[F]0.301;;1;1
220224;G483;;;12634058;A;[B]5.784[C]2.009[I]3.599;;1;1
220224;G484;;;13753053;A;[B]2.224[C]2.232[F]0.379;;1;1
220224;G485;;;14213600;A;[B]1.372[C]1.55[I]0.317;;1;1
220224;G486;;;13291985;A;[B]4.655[C]2.242[F]0.39;;1;1
220224;G487;;;13358033;A;[B]4.364[C]2.377[I]0.875;;1;1
220224;G488;;;13552583;A;[B]8.149[V]0.634[I]0.398;;1;1
220224;G489;;;13682622;A;[B]7.652[V]1.995[E]2.529;;1;1
220224;G490;;;14341319;A;[B]4.227[V]0.201[E]2.515;;1;1
220224;G491;;;14935000;A;[B]1.894[D]0.571;;1;1
220224;G492;;;14737623;A;[B]1.36[E]0.94[L]2.193;;1;1
220224;G493;;;15198172;A;[E]1.294[C]0.283[L]1.993;;1;1
220224;G494;;;14607322;A;[E]0.473[L]4.607[D]0.669;;1;1
220224;G495;;;14080980;A;[B]3.598[C]1.552[D]0.369;;1;1
220224;G496;;;14803675;A;[B]2.189[C]0.213[D]0.2;;1;1
220224;G497;;;14541791;A;[B]1.505[C]0.873;;1;1
220224;G498;;;14671573;A;[B]2.775[L]0.205[D]0.357;;1;1
220224;G499;;;14211795;A;[B]4.001[C]0.896[D]0.216;;1;1
220224;G500;;;14539730;A;[B]3.456[D]0.391;;1;1
220224;G501;;;14343390;A;[B]1.619[V]0.368[F]0.427;;1;1
220224;G502;;;15131357;A;[V]0.761[E]1.195[I]0.73;;1;1
220224;H300;;;11461872;A;[T]0.93[I]0.728[AXX]21.721;;1;1
220224;H301;;;11331057;A;[L]0.203[I]0.51[AXX]24.445;;1;1
220224;H302;;;10346223;A;[C]3.34[I]0.908[AXX]36.277;;1;1
220224;H303;;;10805748;A;[L]0.203[AXX]33.198[F]0.404;;1;1
220224;H304;;;10280435;A;[L]0.371[AXX]45.423[F]0.537;;1;1
220224;H305;;;11393774;A;[B]0.204[C]18.034[AXX]1.413;;1;1
220224;H306;;;12247026;A;[T]0.977[AXX]14.399[F]0.689;;1;1
220224;H307;;;11196912;A;[C]18.95[T]1.925[I]0.202;;1;1
220224;H308;;;10540273;A;[C]10.099[AXX]26.082[R]3.486;;1;1
220224;H309;;;13230833;A;[T]4.105[I]0.323[F]0.307;;1;1
220224;H310;;;10409201;A;[C]9.473[AXX]30.535[R]3.285;;1;1
220224;H311;;;10540531;A;[C]5.853[AXX]31.128[R]3.595;;1;1
220224;H312;;;11455727;A;[B]0.471[T]13.524[R]6.735;;1;1
220224;H313;;;12703984;A;[C]7.846[R]3.383;;1;1
220224;H314;;;11127534;A;[C]19.03[T]1.803[R]6.437;;1;1
220224;H315;;;10798321;A;[B]0.203[T]19.333[R]11.381;;1;1
220224;H316;;;9811696;A;[B]0.18[T]31.614[R]23.507;;1;1
220224;H317;;;11651568;A;[B]0.277[T]11.599[R]9.914;;1;1
220224;H318;;;11451621;A;[AXX]6.152[R]7.001[F]4.083;;1;1
220224;H319;;;13095918;A;[C]4.726[I]0.395[R]5.406;;1;1
220224;H320;;;11648742;A;[T]8.091[I]2.277[R]14.597;;1;1
220224;H321;;;12897258;A;[T]3.434[I]1.434[R]7.92;;1;1
220224;H322;;;12369645;A;[B]0.356[T]4.739[R]19.159;;1;1
220224;H323;;;12566762;A;[C]1.385[R]11.945[F]1.757;;1;1
220224;H324;;;10789861;A;[B]0.724[T]8.478[R]58.354;;1;1
220224;H325;;;12105704;A;[B]0.739[T]4.803[R]26.37;;1;1
220224;H326;;;9868498;A;[L]13.504[R]60.613[F]6.966;;1;1
220224;H327;;;10326745;A;[L]7.813[R]93.462[F]1.305;;1;1
220224;H328;;;12234977;A;[E]0.3[L]5.099[R]33.891;;1;1
220224;H329;;;12760038;A;[V]2.3[E]0.6[R]32.243;;1;1
220224;H330;;;11640539;A;[V]35.413[R]23.871[F]2.151;;1;1
220224;H331;;;12892899;A;[V]11.871[R]5.932[F]1.702;;1;1
220224;H332;;;11709403;A;[V]23.605[F]4.724;;1;1
220224;H333;;;12959707;A;[V]9.338[E]0.959[F]2.246;;1;1
220224;H334;;;12828126;A;[B]0.706[V]11.546[F]2.253;;1;1
220224;H335;;;13420773;A;[V]6.343[L]0.46[F]1.564;;1;1
220224;H336;;;12825824;A;[V]18.312[R]5.451[F]1.615;;1;1
220224;H337;;;14274021;A;[V]5.715[I]0.929[R]2.353;;1;1
220224;H338;;;14140384;A;[V]14.705[E]0.356[F]0.45;;1;1
220224;H339;;;13550296;A;[V]11.233[E]0.563[I]3.091;;1;1
220224;H340;;;10981044;A;[V]14.344[E]1.887[F]1.068;;1;1
220224;H341;;;12426932;A;[B]7.669[V]57.736[E]5.57;;1;1
220224;H342;;;14137288;A;[V]24.513[E]4.746[R]0.536;;1;1
220224;H343;;;14401221;A;[V]16.45[E]5.454[R]0.594;;1;1
220224;H344;;;14600132;A;[V]6.355[E]6.307[R]3.149;;1;1
220224;H345;;;14597567;A;[V]20.184[E]8.244;;1;1
220224;H346;;;14728379;A;[V]20.544[E]11.328;;1;1
220224;H347;;;14531761;A;[V]15.989[E]14.157;;1;1
220224;H348;;;14400167;A;[B]0.575[V]15.461[E]19.185;;1;1
220224;H349;;;13938841;A;[B]1.727[V]20.937[E]30.65;;1;1
220224;H350;;;14731448;A;[B]1.135[V]7.257[E]9.477;;1;1
220224;H351;;;14927529;A;[B]0.692[V]6.063[E]17.357;;1;1
220224;H352;;;14865087;A;[B]1.886[V]2.523[E]6.741;;1;1
220224;H353;;;14533803;A;[B]2.648[V]6.446[E]15.062;;1;1
220224;H354;;;14732203;A;[B]2.403[V]1.986[E]15.119;;1;1
220224;H355;;;14465676;A;[B]1.33[V]6.228[E]41.078;;1;1
220224;H356;;;14927004;A;[B]0.705[V]4[E]23.522;;1;1
220224;H357;;;14797470;A;[E]22.508[L]2.027[I]0.403;;1;1
220224;H358;;;14931636;A;[B]1.797[E]8.318[D]1.26;;1;1
220224;H359;;;14929830;A;[B]0.202[E]17.769[L]2.753;;1;1
220224;H360;;;15388813;A;[E]30.62[D]7.769;;1;1
220224;H361;;;14666389;A;[B]0.993[E]21.662[D]4.613;;1;1
220224;H362;;;13943191;A;[B]5.399[E]21.053[D]3.18;;1;1
220224;H363;;;14797454;A;[B]0.204[E]26.624[D]7.792;;1;1
220224;H364;;;14668457;A;[B]1.505[E]11.048[D]4.593;;1;1
220224;H365;;;15127452;A;[B]0.172[E]17.005[D]5.716;;1;1
220224;H366;;;14341019;A;[B]0.829[E]11.486[D]11.612;;1;1
220224;H367;;;12762516;A;[B]10.775[E]12.709[D]17.548;;1;1
220224;H368;;;14277305;A;[B]3.21[D]8.016;;1;1
220224;H369;;;12632990;A;[B]10.992[I]0.357[D]21.919;;1;1
220224;H370;;;14015421;A;[B]2.936[C]0.683[D]6.956;;1;1
220224;H371;;;13885084;A;[B]0.345[E]0.3[D]25.351;;1;1
220224;H372;;;14017212;A;[B]1.039[D]8.99[AXX]2.409;;1;1
220224;H373;;;13163948;A;[I]0.556[D]17.124[AXX]4.841;;1;1
220224;H374;;;12834736;A;[B]1.222[C]4.695[D]15.391;;1;1
220224;H375;;;11589545;A;[T]5.55[D]22.712[AXX]11.638;;1;1
220224;H376;;;11783092;A;[B]4.103[C]11.972[D]12.288;;1;1
220224;H377;;;12505278;A;[B]4.438[C]6.916[D]7.158;;1;1
220224;H378;;;12244925;A;[B]3.413[D]7.955[AXX]13.133;;1;1
220224;H379;;;10475701;A;[B]0.802[D]15.408[AXX]42.882;;1;1
220224;H380;;;8767379;A;[I]0.934[D]51.882[AXX]93.62;;1;1
220224;H381;;;11527111;A;[B]0.301[D]8[AXX]25.749;;1;1
220224;H382;;;12511704;A;[B]0.137[D]2.792[AXX]14.707;;1;1
220224;H383;;;12180686;A;[B]2.384[D]2.95[AXX]16.439;;1;1
220224;H384;;;12835276;A;[B]3.621[D]2.233[AXX]9.12;;1;1
220224;H385;;;12969182;A;[B]1.307[D]0.835[AXX]9.754;;1;1
220224;H386;;;11983833;A;[I]2.099[D]2.152[AXX]16.897;;1;1
220224;H387;;;11001819;A;[B]1.851[D]1.44[AXX]33.734;;1;1
220224;H388;;;10610148;A;[B]0.448[D]0.999[AXX]38.251;;1;1
220224;H389;;;11264740;A;[B]1.249[D]0.226[AXX]27.611;;1;1
220224;H390;;;11922161;A;[B]0.202[L]0.387[AXX]19.021;;1;1
220224;H391;;;9623266;A;[B]0.715[L]7.072[AXX]59.068;;1;1
220224;H392;;;9359590;A;[C]17.177[L]7.596[AXX]47.649;;1;1
220224;H393;;;10081516;A;[C]17.873[I]0.979[AXX]24.84;;1;1
220224;H394;;;11522787;A;[B]1.569[C]16.924[R]0.891;;1;1
220224;H395;;;9553123;A;[B]1.629[C]45.569[F]0.826;;1;1
220224;H396;;;11326701;A;[C]17.07[F]0.491;;1;1
220224;H397;;;11198449;A;[I]0.34[AXX]26.012[F]0.437;;1;1
220224;H398;;;11063013;A;[C]19.65[I]2.557;;1;1
220224;H399;;;12442349;A;[B]0.256[C]8.613[F]0.494;;1;1
220224;H400;;;9551327;A;[B]1.695[C]41.392[F]2.509;;1;1
220224;H401;;;8893915;A;[B]1.978[C]55.062[F]3.577;;1;1
220224;H402;;;11062765;A;[C]9.582[T]7.38[F]1.563;;1;1
220224;H403;;;10470629;A;[B]0.457[C]23.372[F]2.322;;1;1
220224;H404;;;10404326;A;[C]22.92[F]3.03;;1;1
220224;H405;;;11849193;A;[C]9.102[L]0.693[F]1.927;;1;1
220224;H406;;;10862825;A;[B]1.014[T]19.019[R]14.408;;1;1
220224;H407;;;10796255;A;[C]12.042[L]4.645[F]4.042;;1;1
220224;H408;;;11255770;A;[C]7.848[I]5.876[F]1.928;;1;1
220224;H409;;;10534375;A;[T]19.615[I]3.089[R]11.784;;1;1
220224;H410;;;12241637;A;[C]3.479[L]2.548[F]2.513;;1;1
220224;H411;;;10531810;A;[AXX]15.479[R]8.864[F]6.104;;1;1
220224;H412;;;11450331;A;[L]7.607[R]4.09[F]5.118;;1;1
220224;H413;;;11516380;A;[B]1.364[F]6.084;;1;1
220224;H414;;;12240610;A;[C]1.27[L]3.46[F]2.917;;1;1
220224;H415;;;12436188;A;[L]9.865[R]6.139[F]1.644;;1;1
220224;H416;;;11778520;A;[L]14.299[R]9.168[F]2.653;;1;1
220224;H417;;;10922441;A;[L]40.011[R]25.705[F]1.521;;1;1
220224;H418;;;10988761;A;[B]1.567[R]14.37[F]6.408;;1;1
220224;H419;;;12303576;A;[L]16.222[R]14.044[F]0.765;;1;1
220224;H420;;;12370132;A;[L]19.395[R]7.512[F]0.622;;1;1
220224;H421;;;13223137;A;[L]7.304[R]11.692[F]0.202;;1;1
220224;H422;;;12371176;A;[AXX]0.34[R]3.687[F]3.196;;1;1
220224;H423;;;13157089;A;[V]26.366[E]2.081[F]5.775;;1;1
220224;H424;;;11905482;A;[V]29.827[E]0.804[I]10.074;;1;1
220224;H425;;;12957382;A;[V]17.458[E]5.913[F]2.246;;1;1
220224;H426;;;13090755;A;[V]9.687[E]4.131[L]17.606;;1;1
220224;H427;;;13024189;A;[B]12.198[V]7.74;;1;1
220224;H428;;;12827058;A;[B]15.467[V]6.12[E]4.258;;1;1
220224;H429;;;13222064;A;[B]13.043[V]0.202[E]6.866;;1;1
220224;H430;;;14997192;A;[B]1.491[V]2.482[E]4.206;;1;1
220224;H431;;;13415309;A;[B]9.255[V]3.503[E]36.593;;1;1
220224;H432;;;14140592;A;[B]5.599[V]4.056[E]10.76;;1;1
220224;H433;;;14008493;A;[B]5.038[V]6.083[E]12.082;;1;1
220224;H434;;;14799811;A;[B]1.969[V]2.603[E]4.835;;1;1
220224;H435;;;14338739;A;[B]5.011[V]1.56[E]9.424;;1;1
220224;H436;;;13747625;A;[B]7.449[E]11.287[D]2.04;;1;1
220224;H437;;;14995886;A;[E]14.209[I]0.893;;1;1
220224;H438;;;13683125;A;[B]8.418[E]4.98[D]2.131;;1;1
220224;H439;;;13224378;A;[B]8.148[L]4.628[D]4.928;;1;1
220224;H440;;;12369055;A;[B]15.227[E]0.294[D]16.478;;1;1
220224;H441;;;13619640;A;[E]3.484[I]3.218[D]6.565;;1;1
220224;H442;;;13489344;A;[B]4.236[C]2.233[D]5.265;;1;1
220224;H443;;;12898999;A;[B]3.821[C]4.293[D]9.508;;1;1
220224;H444;;;10398621;A;[B]29.125[C]17.256[D]12.577;;1;1
220224;H445;;;12109501;A;[B]9.066[C]8.557[D]4.298;;1;1
220224;H446;;;12701897;A;[B]5.73[C]6.028[D]1.711;;1;1
220224;H447;;;13293776;A;[B]3.618[C]4.26[D]1.783;;1;1
220224;H448;;;12833998;A;[B]3.651[C]6.202[D]1.866;;1;1
220224;H449;;;13363168;A;[B]1.183[D]0.571[AXX]8.316;;1;1
220224;H450;;;11717837;A;[B]4.802[C]13.923[D]1.753;;1;1
220224;H451;;;11521997;A;[B]3.221[C]16.184[D]3.286;;1;1
220224;H452;;;10338756;A;[B]6.684[C]31.186[D]4.734;;1;1
220224;H453;;;9023931;A;[C]49.967[L]46.371[D]7.139;;1;1
220224;H454;;;10340307;A;[B]3.896[C]32.33[D]1.655;;1;1
220224;H455;;;12703701;A;[B]2.937[C]7.177[D]0.903;;1;1
220224;H456;;;11063262;A;[B]2.603[C]19.049[AXX]5.221;;1;1
220224;H457;;;10730690;A;[B]12.091[C]21.931[F]0.203;;1;1
220224;H458;;;11124678;A;[B]10.23[C]16.279[F]0.601;;1;1
220224;H459;;;11520210;A;[B]5.08[C]13.536[F]0.674;;1;1
220224;H460;;;9286853;A;[B]11.908[C]50.835[F]0.601;;1;1
220224;H461;;;11914203;A;[B]0.85[C]7.937[I]4.504;;1;1
220224;H462;;;11322324;A;[B]3.86[C]12.127[F]1.98;;1;1
220224;H463;;;12636383;A;[C]3.808[L]0.538[I]4.418;;1;1
220224;H464;;;11715796;A;[B]1.576[C]6.915[I]6.342;;1;1
220224;H465;;;10927567;A;[B]5.408[C]13.735[F]2.519;;1;1
220224;H466;;;10861774;A;[B]5.93[C]14.673[F]2.528;;1;1
220224;H467;;;10466244;A;[B]10.051[C]16.035[F]3.539;;1;1
220224;H468;;;12437714;A;[B]4.327[C]3.915[F]1.388;;1;1
220224;H469;;;11978200;A;[C]3.535[L]13.84[F]1.747;;1;1
220224;H470;;;12111582;A;[B]1.914[C]8.273[F]1.272;;1;1
220224;H471;;;11583702;A;[C]5.334[I]8.611[F]0.419;;1;1
220224;H472;;;11779794;A;[C]1.457[I]10.688[F]0.351;;1;1
220224;H473;;;9478333;A;[C]4.376[I]34.143[F]1.262;;1;1
220224;H474;;;11055039;A;[B]8.598[I]9.709[F]2.452;;1;1
220224;H475;;;12765657;A;[B]1.696[L]3.727[F]2.125;;1;1
220224;H476;;;12501717;A;[L]18.784[AXX]0.882[R]7.787;;1;1
220224;H477;;;10989767;A;[B]7.617[C]0.201[F]6.511;;1;1
220224;H478;;;11579581;A;[B]13.025[V]4.5[F]3.75;;1;1
220224;H479;;;12041418;A;[B]6.926[C]0.201[F]3.179;;1;1
220224;H480;;;12634834;A;[B]2.807[C]2.219[I]5.206;;1;1
220224;H481;;;11778238;A;[B]10.05[L]0.485[I]8.501;;1;1
220224;H482;;;11910852;A;[B]7.605[C]3.85[I]5.354;;1;1
220224;H483;;;11516352;A;[B]12.21[C]5.553[F]2.05;;1;1
220224;H484;;;12832722;A;[B]4.61[C]3.993[F]0.605;;1;1
220224;H485;;;12503760;A;[B]5.527[C]5.176[F]0.803;;1;1
220224;H486;;;12239556;A;[B]8.497[C]3.995[I]2.724;;1;1
220224;H487;;;12173504;A;[B]12.097[C]4.349[F]0.585;;1;1
220224;H488;;;12696760;A;[B]15.957[V]1.62[F]0.202;;1;1
220224;H489;;;13287606;A;[B]10.824[V]3.122[E]4.24;;1;1
220224;H490;;;13813687;A;[B]7.81[V]0.772[E]5.51;;1;1
220224;H491;;;14079175;A;[B]5.481[C]0.201[D]1.83;;1;1
220224;H492;;;13684420;A;[B]7.808[L]1.262[D]0.999;;1;1
220224;H493;;;13750983;A;[B]6.276[C]0.941[D]1.653;;1;1
220224;H494;;;13752783;A;[B]3.406[C]2.446[D]1.495;;1;1
220224;H495;;;13225672;A;[B]7.043[C]2.428[D]0.665;;1;1
220224;H496;;;13948108;A;[B]5.625[C]0.667[D]0.556;;1;1
220224;H497;;;14081754;A;[B]2.512[C]1.711;;1;1
220224;H498;;;14078921;A;[B]5.801[E]0.562[D]0.466;;1;1
220224;H499;;;13027264;A;[B]11.594[C]1.406[D]0.666;;1;1
220224;H500;;;14013128;A;[B]5.98[E]0.437[D]0.505;;1;1
220224;H501;;;13553875;A;[B]3.035[V]0.79[I]2.809;;1;1
220224;H502;;;14605271;A;[B]3.147[V]1.039;;1;1
220224;J300;;;9953265;A;[T]0.896[I]1.154[AXX]49.466;;1;1
220224;J301;;;10281200;A;[C]0.204[I]0.946[AXX]42.287;;1;1
220224;J302;;;8706031;A;[C]4.123[I]1.441[AXX]85.357;;1;1
220224;J303;;;8573685;A;[I]0.21[AXX]94.845[R]4.827;;1;1
220224;J304;;;8377333;A;[AXX]106.271[F]1.17;;1;1
220224;J305;;;8702704;A;[T]11.022[AXX]65.384[F]2.052;;1;1
220224;J306;;;10146290;A;[T]10.039[AXX]27.058[F]1.398;;1;1
220224;J307;;;9425142;A;[T]1.811[AXX]65.069[R]6.224;;1;1
220224;J308;;;7980790;A;[T]56.081[AXX]24.771[F]1.447;;1;1
220224;J309;;;11064307;A;[T]16.059[I]0.202[F]1.041;;1;1
220224;J310;;;8767473;A;[AXX]91.743[R]6.423[F]1.262;;1;1
220224;J311;;;8964338;A;[C]8.627[AXX]69.777[R]8.255;;1;1
220224;J312;;;9879794;A;[C]6.38[T]25.524[R]11.28;;1;1
220224;J313;;;10733552;A;[C]11.388[T]10.909[R]8.311;;1;1
220224;J314;;;7907310;A;[C]10.651[T]69.541[R]36.727;;1;1
220224;J315;;;9550064;A;[B]0.223[T]34.203[R]18.633;;1;1
220224;J316;;;7444710;A;[C]32.543[T]62.994[R]72.064;;1;1
220224;J317;;;9087464;A;[B]0.699[T]41.346[R]39.336;;1;1
220224;J318;;;8755676;A;[T]24.043[R]39.995[F]10.003;;1;1
220224;J319;;;9609189;A;[B]0.687[T]24.071[R]62.33;;1;1
220224;J320;;;8820446;A;[B]1.815[T]39.348[R]84.877;;1;1
220224;J321;;;10924514;A;[T]4.248[R]11.469[F]5.87;;1;1
220224;J322;;;10986473;A;[B]0.281[T]7.021[R]56.943;;1;1
220224;J323;;;10264031;A;[AXX]4.578[R]50.563[F]5.818;;1;1
220224;J324;;;8814550;A;[R]168.655[F]7.364;;1;1
220224;J325;;;9474523;A;[C]8.498[R]80.027[F]5.776;;1;1
220224;J326;;;8881608;A;[L]22.874[R]100.766[F]8.98;;1;1
220224;J328;;;9931479;A;[E]0.6[L]9.038[R]131.1;;1;1
220224;J329;;;10390738;A;[V]61.703[R]36.592[F]5.395;;1;1
220224;J330;;;10258642;A;[V]62.813[R]54.922[F]4.223;;1;1
220224;J331;;;10852573;A;[V]19.606[R]52.021[F]3.157;;1;1
220224;J332;;;10655954;A;[V]49.709[F]8.479;;1;1
220224;J333;;;11117264;A;[B]1.829[V]30.712[F]6.261;;1;1
220224;J334;;;11511761;A;[V]27.476[E]1.584[F]5.384;;1;1
220224;J335;;;10919378;A;[B]0.518[V]40.565[F]7.374;;1;1
220224;J336;;;10324179;A;[V]61.539[R]63.236[F]2.878;;1;1
220224;J337;;;12165582;A;[V]48.415[E]1.567[F]2.358;;1;1
220224;J338;;;12886482;A;[V]60.427[E]0.734[F]0.206;;1;1
220224;J339;;;11904710;A;[V]34.883[E]1.709[I]8.992;;1;1
220224;J340;;;9335195;A;[B]12.587[V]88.286[F]2.716;;1;1
220224;J342;;;13739964;A;[V]50.079[E]9.283;;1;1
220224;J343;;;13872822;A;[V]32.757[E]11;;1;1
220224;J344;;;13940148;A;[V]16.16[E]12.793[R]5.797;;1;1
220224;J345;;;14199982;A;[V]35.912[E]17.794;;1;1
220224;J347;;;13738901;A;[V]42.241[E]41.655;;1;1
220224;J348;;;14002576;A;[V]27.319[E]43.502;;1;1
220224;J349;;;13082245;A;[B]2.811[V]39.611[E]58.028;;1;1
220224;J350;;;13873307;A;[B]2.226[V]21.267[E]28.662;;1;1
220224;J351;;;13607551;A;[V]30.399[E]66.029;;1;1
220224;J352;;;14665385;A;[B]1.974[V]5.134[E]16.177;;1;1
220224;J353;;;13808534;A;[B]4.565[V]11.886[E]30.416;;1;1
220224;J354;;;13741443;A;[B]4.289[V]11.384[E]55.364;;1;1
220224;J355;;;13541995;A;[B]2.018[V]15.466[E]100.708;;1;1
220224;J356;;;14003068;A;[B]0.605[V]15[E]63.659;;1;1
220224;J357;;;14006153;A;[B]5.228[V]1[E]43.06;;1;1
220224;J358;;;14333039;A;[E]79.233[L]3.945;;1;1
220224;J359;;;13346919;A;[E]103.47[L]11.85;;1;1
220224;J361;;;13741674;A;[B]3.78[E]77.816[D]6.041;;1;1
220224;J362;;;13611381;A;[E]68.75[L]11.045;;1;1
220224;J363;;;13086311;A;[B]5.3[E]73.082[D]18.761;;1;1
220224;J364;;;13745001;A;[E]63.955[D]25.915;;1;1
220224;J365;;;13349715;A;[E]92.967[D]38.528;;1;1
220224;J366;;;12562766;A;[E]81.481[D]60.151;;1;1
220224;J367;;;10853995;A;[B]32.581[E]45.505[D]54.751;;1;1
220224;J368;;;12105867;A;[B]15.507[E]9.7[D]32.235;;1;1
220224;J369;;;10133622;A;[B]42.759[C]3.85[D]71.273;;1;1
220224;J370;;;13160608;A;[B]4.312[C]0.777[D]23.406;;1;1
220224;J371;;;11847269;A;[B]1.001[E]3.5[D]103.455;;1;1
220224;J372;;;12571792;A;[B]1.036[D]39.982[AXX]5.235;;1;1
220224;J373;;;11257985;A;[T]8.101[D]66.909[AXX]2.045;;1;1
220224;J374;;;10928014;A;[B]3.918[C]15.084[D]47.863;;1;1
220224;J376;;;8759175;A;[B]16.295[C]59.735[D]72.359;;1;1
220224;J377;;;11256234;A;[B]8.969[C]14.452[D]15.983;;1;1
220224;J378;;;10404513;A;[B]9.196[D]22.991[AXX]37.264;;1;1
220224;J381;;;8639649;A;[D]38.979[AXX]115.157;;1;1
220224;J382;;;9624256;A;[B]0.562[D]11.278[AXX]66.177;;1;1
220224;J383;;;9684657;A;[B]8.081[D]12.354[AXX]60.53;;1;1
220224;J384;;;10995123;A;[C]17.622[I]3.334[D]17.404;;1;1
220224;J385;;;10803663;A;[B]2.579[D]3.15[AXX]35.816;;1;1
220224;J386;;;9028547;A;[I]7.735[D]9.845[AXX]92.923;;1;1
220224;J387;;;9425613;A;[B]3.995[D]4.209[AXX]75.432;;1;1
220224;J388;;;8312793;A;[B]1.553[D]2.591[AXX]108.664;;1;1
220224;J389;;;10018016;A;[L]5.006[D]1.19[AXX]49.861;;1;1
220224;J390;;;9757169;A;[L]0.668[I]0.433[AXX]53.183;;1;1
220224;J391;;;8178394;A;[B]4.571[C]11.713[AXX]105.643;;1;1
220224;J392;;;7649492;A;[B]6.097[T]85.813[I]3.432;;1;1
220224;J393;;;9030373;A;[B]1.276[C]37.304[AXX]31.186;;1;1
220224;J394;;;8765661;A;[B]2.792[C]58.49[AXX]12.958;;1;1
220224;J395;;;7384791;A;[C]132.552[I]6.678[F]0.214;;1;1
220224;J396;;;10012904;A;[B]0.521[C]35.435[R]2.719;;1;1
220224;J397;;;9885423;A;[C]12.198[AXX]35.052[F]0.405;;1;1
220224;J398;;;7123675;A;[B]3.19[C]134.979[T]12.735;;1;1
220224;J399;;;10143208;A;[C]30.858[F]1.501;;1;1
220224;J400;;;7317201;A;[B]3.863[C]128.74[F]5.266;;1;1
220224;J401;;;6725065;A;[B]5.728[C]183.191[F]8.883;;1;1
220224;J402;;;8434916;A;[C]78.204[T]0.209[R]13.005;;1;1
220224;J403;;;9091041;A;[B]1.578[T]35.456[F]4.6;;1;1
220224;J404;;;7906775;A;[B]0.794[C]76.452[F]9.494;;1;1
220224;J405;;;10534113;A;[C]16.399[L]2.84[F]4.686;;1;1
220224;J406;;;8628189;A;[B]3.645[T]52.415[R]39.039;;1;1
220224;J407;;;9087444;A;[B]1.767[C]31.722[F]9.218;;1;1
220224;J408;;;8691657;A;[C]28.537[I]16.36[F]9.132;;1;1
220224;J409;;;5995199;A;[C]116.096[F]64.535;;1;1
220224;J410;;;8493002;A;[B]2.983[C]16.135[F]21.056;;1;1
220224;J411;;;9019096;A;[AXX]21.194[R]17.286[F]14.863;;1;1
220224;J412;;;10069207;A;[B]1.101[R]9.663[F]12.135;;1;1
220224;J413;;;8491203;A;[L]34.159[R]18.692[F]21.96;;1;1
220224;J414;;;9477840;A;[B]1.609[F]16.805;;1;1
220224;J415;;;10989778;A;[L]18.808[R]8.361[F]4.754;;1;1
220224;J416;;;8817845;A;[L]93.175[R]58.399[F]6.678;;1;1
220224;J417;;;7041189;A;[B]26.715[R]129.485[F]41.603;;1;1
220224;J418;;;7567283;A;[I]40.196[R]145.03[F]12.576;;1;1
220224;J419;;;9408701;A;[L]74.247[R]67.255[F]2.265;;1;1
220224;J420;;;10856905;A;[L]40.546[R]25.223[F]1.506;;1;1
220224;J421;;;11907547;A;[L]12.071[R]26.748[F]0.953;;1;1
220224;J422;;;10331089;A;[L]19.254[R]24.855[F]6.957;;1;1
220224;J423;;;9405884;A;[V]91.727[E]4.528[F]15.258;;1;1
220224;J424;;;9864879;A;[B]17.668[V]99.384[F]8.723;;1;1
220224;J425;;;10719399;A;[B]25.145[V]64.08[F]2.954;;1;1
220224;J426;;;11906224;A;[V]14.06[E]16.961[F]4.794;;1;1
220224;J427;;;11971756;A;[V]14.377[E]16.241[I]11.074;;1;1
220224;J428;;;12234149;A;[B]23.581[V]8.897[E]7.857;;1;1
220224;J429;;;12299931;A;[B]21.642[V]3.981[E]16.476;;1;1
220224;J430;;;14600890;A;[B]2.706[V]4.927[E]8.268;;1;1
220224;J431;;;11571561;A;[B]30.794[V]22.766[E]120.196;;1;1
220224;J432;;;13217943;A;[B]9.622[V]10.977[E]28.079;;1;1
220224;J433;;;13217689;A;[B]9.035[V]13.194[E]26.204;;1;1
220224;J434;;;14469559;A;[B]2.702[V]4.947[E]8.551;;1;1
220224;J435;;;13087122;A;[B]13[V]5[E]34.008;;1;1
220224;J436;;;13221021;A;[B]11.019[E]16.585[D]3.348;;1;1
220224;J437;;;13350286;A;[B]10.633[E]37.358;;1;1
220224;J438;;;12498331;A;[B]20.172[E]14.361[D]5.09;;1;1
220224;J439;;;11842725;A;[B]20.261[L]11.923[D]8.485;;1;1
220224;J440;;;11119758;A;[B]26.441[I]2.96[D]32.701;;1;1
220224;J441;;;11382931;A;[B]22.5[I]3.125[D]29.669;;1;1
220224;J442;;;10529675;A;[B]27.876[C]10.916[D]37.205;;1;1
220224;J443;;;10202505;A;[C]8.833[I]15.076[D]64.283;;1;1
220224;J444;;;8621951;A;[E]2.017[I]58.121[D]81.663;;1;1
220224;J445;;;10202785;A;[B]24.511[C]23.084[D]12.52;;1;1
220224;J446;;;11320757;A;[B]13.691[C]13.274[D]4.639;;1;1
220224;J447;;;10992563;A;[B]14.025[C]17.568[D]7.389;;1;1
220224;J448;;;10400937;A;[B]18.874[C]24.237[D]10.414;;1;1
220224;J449;;;10599093;A;[B]13.097[C]23.902[D]6.49;;1;1
220224;J450;;;9088431;A;[B]19.63[C]58.66[D]8.197;;1;1
220224;J451;;;10535101;A;[B]8.136[C]27.462[D]6.547;;1;1
220224;J452;;;7447208;A;[C]127.935[I]16.631[D]33.614;;1;1
220224;J453;;;6460577;A;[B]52.881[T]143.021[I]1.9;;1;1
220224;J454;;;6989239;A;[B]12.24[C]173.714[D]11.849;;1;1
220224;J455;;;10205113;A;[B]14.468[C]29.903[D]3.206;;1;1
220224;J456;;;10207957;A;[B]5.001[C]33.136[F]0.644;;1;1
220224;J457;;;8955310;A;[B]29.454[C]51.816[F]0.994;;1;1
220224;J458;;;9809850;A;[B]17.295[C]30.993[F]1.976;;1;1
220224;J459;;;8956858;A;[B]18.268[C]52.437[F]2.078;;1;1
220224;J460;;;7445422;A;[B]33.06[C]125.576[F]2.418;;1;1
220224;J461;;;9022407;A;[B]8.854[C]44.117[F]5.054;;1;1
220224;J462;;;8692155;A;[B]16.166[C]44.603[F]7.827;;1;1
220224;J463;;;10401742;A;[B]5.638[C]18.489[F]3.838;;1;1
220224;J464;;;10466247;A;[B]2.633[C]11.945[I]14.269;;1;1
220224;J465;;;9413821;A;[B]2.26[C]16.571[I]29.484;;1;1
220224;J466;;;8757431;A;[B]18.487[C]41.305[F]7.582;;1;1
220224;J467;;;7901094;A;[B]16.992[C]44.802[I]50.839;;1;1
220224;J468;;;9215921;A;[B]12.914[C]20.082[I]27.697;;1;1
220224;J469;;;9151168;A;[C]22[I]30.583[F]1.04;;1;1
220224;J470;;;9744332;A;[C]22.009[I]17.913[F]0.551;;1;1
220224;J471;;;8559037;A;[C]24.707[I]32.688[F]5.21;;1;1
220224;J472;;;9872831;A;[B]0.762[C]4.063[I]32.847;;1;1
220224;J473;;;7965101;A;[L]114.255[F]22.664;;1;1
220224;J474;;;7833766;A;[B]33.221[C]25.185[F]24.252;;1;1
220224;J475;;;9607860;A;[B]19.134[F]13.221;;1;1
220224;J476;;;9015733;A;[L]101.063[R]41.441[F]5.876;;1;1
220224;J477;;;7173788;A;[I]121.656[R]64.429;;1;1
220224;J478;;;9803946;A;[B]28.013[V]9[F]10.23;;1;1
220224;J479;;;11054011;A;[B]13.738[V]3[F]5.204;;1;1
220224;J480;;;11582407;A;[B]8.831[C]5.389[F]2.664;;1;1
220224;J481;;;9871013;A;[B]26.021[C]4.652[I]20.751;;1;1
220224;J482;;;9938352;A;[B]23.94[C]13.465[F]5.262;;1;1
220224;J483;;;9215660;A;[B]17.711[C]20.21[I]25.358;;1;1
220224;J484;;;11254466;A;[B]12.149[C]11.01[F]1.671;;1;1
220224;J485;;;10661557;A;[B]19.303[C]11.778[F]2.573;;1;1
220224;J486;;;10266539;A;[B]26.874[C]12.778[F]2.877;;1;1
220224;J487;;;10792107;A;[B]26.787[C]9.7[F]1.055;;1;1
220224;J488;;;11578794;A;[B]28.116[V]1.568[F]0.976;;1;1
220224;J489;;;12958126;A;[B]13.869[V]4.243[E]6.074;;1;1
220224;J490;;;12562846;A;[B]17.395[V]4.312[E]15.026;;1;1
220224;J491;;;13157295;A;[B]11.955[E]3.145[D]4.604;;1;1
220224;J492;;;12959924;A;[B]11.3[E]3.995[L]4.84;;1;1
220224;J493;;;12172204;A;[B]18.296[C]2.455[D]5.277;;1;1
220224;J494;;;12832451;A;[B]4.088[E]4.812[C]6.636;;1;1
220224;J495;;;12173240;A;[B]14.361[C]4.886[D]1.946;;1;1
220224;J496;;;13158336;A;[B]10.706[C]0.96[D]0.578;;1;1
220224;J497;;;12766151;A;[B]8.19[C]4.414[D]0.201;;1;1
220224;J498;;;13354427;A;[B]11.517[E]1.883;;1;1
220224;J499;;;11974833;A;[B]21.479[C]3.392[D]0.639;;1;1
220224;J500;;;13354683;A;[B]11.034[E]2.597;;1;1
220224;J501;;;12698055;A;[B]6.616[V]1.849[I]4.64;;1;1
220224;J502;;;14209229;A;[B]4.751[V]2.734[E]0.356;;1;1
220224;K300;;;7394036;A;[T]34.148[L]2.66[AXX]83.859;;1;1
220224;K301;;;7460856;A;[T]25.677[L]1.445[AXX]98.96;;1;1
220224;K303;;;6537971;A;[C]36.844[T]87.405[AXX]30.995;;1;1
220224;K304;;;6998263;A;[T]57.19[AXX]81.708[F]1.021;;1;1
220224;K305;;;6142454;A;[T]149.067[AXX]15.126[F]2.418;;1;1
220224;K306;;;8701424;A;[C]12.913[AXX]81.502[R]9.112;;1;1
220224;K307;;;7652601;A;[T]82.035[L]0.904[R]4.673;;1;1
220224;K308;;;6077945;A;[T]158.599[AXX]0.216[F]1.641;;1;1
220224;K309;;;7584502;A;[C]7.484[T]82.225[R]11.234;;1;1
220224;K310;;;6534382;A;[T]88.675[AXX]64.703[F]4.457;;1;1
220224;K311;;;6402023;A;[T]63.069[AXX]127.857[F]6.876;;1;1
220224;K312;;;7450096;A;[B]0.39[T]95.327[R]26.527;;1;1
220224;K313;;;7514610;A;[T]89.893[I]0.212[R]33.016;;1;1
220224;K317;;;6982104;A;[T]87.158[R]90.422[F]10.569;;1;1
220224;K319;;;7636445;A;[T]52.704[R]138.026[F]5.312;;1;1
220224;K320;;;7241172;A;[T]43.167[R]142.528[F]12.107;;1;1
220224;K321;;;7503056;A;[T]28.674[R]153.387[F]15.742;;1;1
220224;K325;;;8224210;A;[C]7.921[R]166.722[F]10.515;;1;1
220224;K333;;;8287414;A;[V]169.492[E]3.074[F]25.237;;1;1
220224;K334;;;9339580;A;[V]106.508[E]4.176[F]14.7;;1;1
220224;K335;;;8352701;A;[V]174.548[F]23.254;;1;1
220224;K339;;;9995697;A;[V]109.869[E]3.742[I]24.54;;1;1
220224;K343;;;12686493;A;[V]82.548[E]29.874;;1;1
220224;K352;;;13211504;A;[V]44.915[E]106.815;;1;1
220224;K362;;;11965773;A;[B]11.134[E]166.343[D]20.325;;1;1
220224;K370;;;11580795;A;[B]15.084[E]7[D]62.024;;1;1
220224;K374;;;8824173;A;[T]27.634[I]12.624[D]157.544;;1;1
220224;K377;;;8233092;A;[C]69.209[I]18.443[D]98.812;;1;1
220224;K384;;;7184779;A;[T]97.461[I]15.291[D]85.05;;1;1
220224;K385;;;8239020;A;[L]46.116[D]16.841[AXX]101.513;;1;1
220224;K386;;;6663340;A;[T]136.433[L]35.836[D]25.533;;1;1
220224;K387;;;7061431;A;[C]41.284[D]20.196[AXX]136.321;;1;1
220224;K389;;;7259856;A;[L]19.505[D]3.345[AXX]174.952;;1;1
220224;K390;;;7262956;A;[B]1.555[T]21.065[AXX]121.711;;1;1
220224;K391;;;7193043;A;[B]6.946[C]18.139[AXX]159.991;;1;1
220224;K392;;;6204879;A;[B]12.098[C]49.465[T]136.239;;1;1
220224;K393;;;6665432;A;[B]6.454[C]66.749[T]92.832;;1;1
220224;K394;;;6990536;A;[B]11.43[C]126.117[T]24.251;;1;1
220224;K395;;;6988229;A;[B]10.901[C]174.182[F]4.9;;1;1
220224;K396;;;6594505;A;[B]7.976[C]184.664[F]5.162;;1;1
220224;K397;;;7784171;A;[T]50.547[I]3.801[AXX]46.959;;1;1
220224;K398;;;6005971;A;[B]7.885[T]178.187[F]6.64;;1;1
220224;K399;;;8763618;A;[C]59.781[F]2.971;;1;1
220224;K400;;;5804740;A;[B]10.136[T]169.542[F]18.124;;1;1
220224;K402;;;5674451;A;[B]2.416[T]178.932[F]16.455;;1;1
220224;K403;;;6723787;A;[B]3.381[C]154.278[F]13.96;;1;1
220224;K404;;;6131144;A;[T]130.155[I]17.411[F]20.32;;1;1
220224;K405;;;7050698;A;[B]3.943[C]110.185[F]20.368;;1;1
220224;K406;;;6853584;A;[C]88.521[T]22.941[F]23.236;;1;1
220224;K407;;;6326467;A;[B]3.121[C]150.839[F]32.736;;1;1
220224;K408;;;6192825;A;[C]111.424[I]17.114[F]46.852;;1;1
220224;K410;;;6454199;A;[C]55.094[L]29.01[F]55.615;;1;1
220224;K411;;;6454983;A;[T]64.778[R]55.049[F]40.359;;1;1
220224;K412;;;6846398;A;[B]0.931[R]46.309[F]57.104;;1;1
220224;K413;;;5531817;A;[B]9.144[C]28.805[F]115.674;;1;1
220224;K414;;;6845880;A;[B]6.326[R]63.09[F]53.272;;1;1
220224;K415;;;8029881;A;[L]62.243[R]32.378[F]24.287;;1;1
220224;K416;;;6844318;A;[B]42.913[R]107.495[F]47.393;;1;1
220224;K419;;;7106468;A;[B]30.356[R]131.149[F]36.297;;1;1
220224;K420;;;7764146;A;[I]48.983[R]139.899[F]8.066;;1;1
220224;K421;;;9012412;A;[L]67.998[I]0.22[R]129.584;;1;1
220224;K422;;;7369640;A;[B]26.01[R]144.417[F]27.375;;1;1
220224;K424;;;8286110;A;[B]23.13[V]157.19[F]17.483;;1;1
220224;K426;;;9801111;A;[B]54.888[V]34.257[F]4.895;;1;1
220224;K427;;;10325652;A;[B]54.777[V]44.817[L]0.718;;1;1
220224;K428;;;9602173;A;[B]90.406[V]32.767[E]22.198;;1;1
220224;K429;;;10193782;A;[B]69.031[V]12.206[E]58.026;;1;1
220224;K430;;;13414810;A;[B]7.173[V]14.607[E]26.038;;1;1
220224;K432;;;11439722;A;[B]26.043[V]30.437[E]108.06;;1;1
220224;K433;;;11966331;A;[B]19.097[V]29.261[E]64.134;;1;1
220224;K434;;;13283995;A;[B]10.007[V]10.197[E]24.002;;1;1
220224;K435;;;11506028;A;[B]29.031[V]24[E]105.835;;1;1
220224;K436;;;10259048;A;[B]68.454[E]100.687[D]3.6;;1;1
220224;K438;;;10458743;A;[B]54.578[E]34.963[D]27.575;;1;1
220224;K439;;;10198411;A;[B]45.902[L]28.84[D]23.718;;1;1
220224;K440;;;9869689;A;[B]46.069[I]6.256[D]64.325;;1;1
220224;K441;;;10132862;A;[B]47.311[I]4.584[D]56.416;;1;1
220224;K442;;;8489835;A;[B]32.506[I]34.356[D]130.94;;1;1
220224;K444;;;7569519;A;[B]21.353[I]71.783[D]104.667;;1;1
220224;K445;;;8228738;A;[B]75.956[C]60.777[D]41.967;;1;1
220224;K446;;;9544604;A;[B]39.693[C]31.36[D]9.334;;1;1
220224;K447;;;8690579;A;[B]46.453[C]53.831[D]18.753;;1;1
220224;K448;;;8231569;A;[B]45.818[C]74.106[D]27.98;;1;1
220224;K450;;;6590614;A;[T]107.163[I]46.034[D]44.605;;1;1
220224;K451;;;7907753;A;[I]24.817[D]21.45[AXX]110.046;;1;1
220224;K455;;;7774375;A;[B]31.011[C]107.923[D]8.549;;1;1
220224;K456;;;6593206;A;[B]27.752[T]136.931[F]6.244;;1;1
220224;K457;;;7573656;A;[B]65.072[C]103.656[F]1.375;;1;1
220224;K459;;;6917793;A;[B]50.15[C]141.366[F]6.286;;1;1
220224;K461;;;6918063;A;[B]10.431[C]128.13[I]47.942;;1;1
220224;K463;;;7706550;A;[B]20.081[C]79.497[F]11.698;;1;1
220224;K464;;;7506598;A;[B]9.957[C]51.865[I]72.282;;1;1
220224;K465;;;6059415;A;[B]56.294[C]94.117[F]47.391;;1;1
220224;K466;;;6323613;A;[B]49.175[C]116.057[F]32.57;;1;1
220224;K467;;;5795464;A;[B]92.25[T]56.679[F]48.873;;1;1
220224;K468;;;6584719;A;[B]80.536[T]69.703[F]32;;1;1
220224;K469;;;7113133;A;[C]80.125[I]70.049[F]3.596;;1;1
220224;K470;;;6915243;A;[C]80.545[I]82.228[F]7.452;;1;1
220224;K471;;;6782371;A;[I]100.165[AXX]56.332[F]11.345;;1;1
220224;K472;;;6255257;A;[T]21.036[I]149.276[F]23.14;;1;1
220224;K473;;;6057367;A;[B]56.779[C]32.898[F]79.008;;1;1
220224;K475;;;5136527;A;[B]57.305[C]4.604[F]135.893;;1;1
220224;K476;;;6384014;A;[B]74.268[R]59.141[F]64.393;;1;1
220224;K477;;;6055303;A;[B]97.235[R]16.471[F]84.097;;1;1
220224;K478;;;7501195;A;[B]90.028[V]26[F]32.177;;1;1
220224;K479;;;8291739;A;[B]48.181[F]21.999;;1;1
220224;K480;;;9018027;A;[B]17.756[C]19.019[I]32.331;;1;1
220224;K481;;;8554898;A;[B]53.347[C]8.113[I]38.517;;1;1
220224;K482;;;7044493;A;[B]92.742[C]77.453[F]20.619;;1;1
220224;K483;;;7505045;A;[B]50.698[C]48.624[I]56.045;;1;1
220224;K484;;;9150379;A;[B]23.098[C]26.691[I]19.579;;1;1
220224;K485;;;8227475;A;[B]58.056[C]30.291[I]32.734;;1;1
220224;K486;;;8753301;A;[B]60.134[C]26.278[F]5.692;;1;1
220224;K487;;;9542041;A;[B]53.313[C]16.769[F]2.111;;1;1
220224;K488;;;10394263;A;[B]53.873[V]3.142[F]1.483;;1;1
220224;K489;;;11971747;A;[B]25.737[V]6.345[E]6.185;;1;1
220224;K490;;;11642002;A;[B]30.489[V]5.068[E]21.02;;1;1
220224;K491;;;12038297;A;[B]24.574[E]10.432[D]6.058;;1;1
220224;K492;;;12301992;A;[B]21.662[E]2.795[D]2.618;;1;1
220224;K493;;;10922395;A;[B]33.922[C]6.112[D]9.156;;1;1
220224;K494;;;11779761;A;[B]12.832[C]8.332[D]6.2;;1;1
220224;K495;;;10858152;A;[B]28.126[C]11.068[D]2.089;;1;1
220224;K496;;;11974575;A;[B]21.199[C]2.62[D]1.095;;1;1
220224;K497;;;12042171;A;[B]14.226[C]6.554[D]0.356;;1;1
220224;K498;;;12762032;A;[B]16.617[V]0.202[E]3.746;;1;1
220224;K499;;;10790558;A;[B]44.506[C]5.996[D]1.349;;1;1
220224;K500;;;12499115;A;[B]19.206[V]0.203[E]5.927;;1;1
220224;K501;;;11118764;A;[B]26.181[V]3.13[F]2.901;;1;1
220224;K502;;;13222336;A;[B]10.605[V]4.377[I]0.202;;1;1
220224;L306;;;5090800;A;[T]194.59[R]0.22[F]2.992;;1;1
220224;L312;;;5872879;A;[T]157.868[R]39.204[F]0.731;;1;1
220224;L393;;;5939913;A;[B]13.233[T]179.643[F]4.926;;1;1
220224;L399;;;5869760;A;[B]14.147[T]165.68[F]17.975;;1;1
220224;L403;;;5539261;A;[B]10.216[T]157.685[F]29.901;;1;1
220224;L404;;;5210816;A;[B]5.949[T]159.501[F]32.353;;1;1
220224;L406;;;5077947;A;[B]3.411[T]151.815[F]42.576;;1;1
220224;L410;;;4480929;A;[B]6.796[T]52.548[F]138.459;;1;1
220224;L412;;;4412570;A;[B]3.22[F]194.582;;1;1
220224;L413;;;4413339;A;[B]6.218[F]191.585;;1;1
220224;L414;;;5267113;A;[R]59.219[F]138.584;;1;1
220224;L415;;;5332888;A;[B]30.611[R]27.844[F]139.347;;1;1
220224;L430;;;9665641;A;[B]68.53[V]43.624[E]85.648;;1;1
220224;L434;;;11439469;A;[B]25.891[V]39.812[E]107.692;;1;1
220224;L439;;;8619636;A;[B]90.852[L]58.317[D]47.195;;1;1
220224;L455;;;6654611;A;[B]72.74[T]119.064[I]5.998;;1;1
220224;L458;;;6520973;A;[B]87.391[T]98.996[F]11.415;;1;1
220224;L469;;;5469084;A;[B]39.554[T]104.929[F]53.319;;1;1
220224;L471;;;5137552;A;[B]56.272[T]42.686[F]98.844;;1;1
220224;L473;;;4939144;A;[B]71.676[T]0.22[F]125.906;;1;1
220224;L480;;;6713987;A;[B]122.853[T]38.692[F]36.257;;1;1
220224;L487;;;6845047;A;[B]154.227[T]27.072[F]16.503;;1;1
220224;L488;;;9276554;A;[B]84.176[V]1.561[I]12.298;;1;1
220224;L489;;;10261130;A;[B]66.654[V]13.878[E]11.738;;1;1
220224;L490;;;11181192;A;[B]38.437[V]7.857[E]29.099;;1;1
220224;L491;;;10393728;A;[B]59.287[E]20.879[D]19.384;;1;1
220224;L492;;;11052179;A;[B]41.993[E]3.657[D]8.813;;1;1
220224;L493;;;10132364;A;[B]62.095[C]4.275[D]14.023;;1;1
220224;L494;;;10596256;A;[B]25.302[C]15.313[D]12.232;;1;1
220224;L495;;;10331808;A;[B]38.868[C]15.874[D]3.342;;1;1
220224;L496;;;10855837;A;[B]42.885[C]4.299[D]1.938;;1;1
220224;L497;;;11318192;A;[B]24.342[C]8.352[I]0.203;;1;1
220224;L498;;;11512737;A;[B]34.529[E]0.212[D]2.209;;1;1
220224;L499;;;8487806;A;[B]130.965[C]17.567[F]1.317;;1;1
220224;L500;;;11512221;A;[B]35.226[E]6.134[I]0.204;;1;1
220224;L501;;;9079441;A;[B]70.913[V]9.656[F]9.126;;1;1
220224;L502;;;12366512;A;[B]19.79[V]9.195[E]0.832;;1;1
220224;M488;;;7828852;A;[B]184.259[V]2.207[F]9.47;;1;1
220224;M489;;;9537408;A;[B]92.428[V]16.533[E]12.678;;1;1
220224;M490;;;9997177;A;[B]78.978[V]9.657[E]46.664;;1;1
220224;M491;;;8617059;A;[B]117.311[E]48.688[D]31.803;;1;1
220224;M492;;;9736317;A;[B]80.957[E]8.741[D]23.867;;1;1
220224;M493;;;8618609;A;[B]139.695[D]36.066[AXX]6.294;;1;1
220224;M494;;;9147785;A;[B]69.058[C]24.158[D]19.364;;1;1
220224;M495;;;8885133;A;[B]71.964[C]32.373[D]7.244;;1;1
220224;M496;;;9935506;A;[B]64.645[C]8.576[D]2.3;;1;1
220224;M497;;;10265761;A;[B]42.324[C]12.289[F]0.972;;1;1
220224;M498;;;9604999;A;[B]90.573[C]3.322[D]2.682;;1;1
220224;M499;;;7632239;A;[B]182.596[T]15.206;;1;1
220224;M500;;;10525070;A;[B]60.841[E]10.675;;1;1
220224;M501;;;7895166;A;[B]133.613[V]14.285[F]15.329;;1;1
220224;M502;;;10853533;A;[B]41.433[V]15.442[F]1.081;;1;1
220224;N388;;;7518903;A;[I]9.605[D]16.005[AXX]162.278;;1;1
220224;N389;;;6731971;A;[B]12.679[T]16.439[AXX]168.685;;1;1
220224;N390;;;6470608;A;[B]7.84[T]48.894[AXX]141.067;;1;1
220224;N473;;;5924742;A;[B]109.851[T]4.675[F]83.276;;1;1
220224;N484;;;6386562;A;[B]113.229[T]56.705[F]27.868;;1;1
220224;N489;;;8550770;A;[B]155.894[V]24.319[E]17.589;;1;1
220224;N490;;;8747365;A;[B]124.763[V]4.424[E]68.615;;1;1
220224;N492;;;9275765;A;[B]101.569[E]12.38[D]31.334;;1;1
220224;N494;;;8094583;A;[B]122.054[C]36.377[D]31.482;;1;1
220224;N495;;;8029824;A;[B]117.312[C]52.895[D]12.825;;1;1
220224;N496;;;8421496;A;[B]146.239[C]11.779[D]6.297;;1;1
220224;N497;;;8161157;A;[B]109.626[C]43.661[I]5.211;;1;1
220224;N498;;;8486774;A;[B]158.212[C]4.733[D]4.924;;1;1
220224;N500;;;9932932;A;[B]86.426[V]0.375[E]14.664;;1;1
220224;N502;;;8353915;A;[B]126.112[V]52.99[I]18.7;;1;1
220224;S301;;;7524071;A;[B]1.487[C]19.056[AXX]119.947;;1;1
220224;S306;;;5091561;A;[B]0.719[T]194.529[F]2.555;;1;1
220224;S307;;;6075374;A;[T]155.745[L]2.718[F]3.022;;1;1
220224;S318;;;5006512;A;[T]57.888[R]16.773[F]123.141;;1;1
220224;S337;;;10257072;A;[V]134.07[E]4.664[I]18.728;;1;1
220224;S344;;;11304318;A;[V]130.071[E]67.732;;1;1
220224;S349;;;11833464;A;[B]14.975[V]48.638[E]78.084;;1;1
220224;S351;;;11897448;A;[V]22.78[E]143.915[R]31.108;;1;1
220224;S352;;;11505007;A;[B]24.04[V]44.246[E]100.05;;1;1
220224;S356;;;12426608;A;[B]16.5[V]11.2[E]84.772;;1;1
220224;S358;;;12951381;A;[B]6.715[E]160.153[D]10.479;;1;1
220224;S367;;;10920575;A;[B]37.605[E]15.513[D]36.523;;1;1
220224;S368;;;9343596;A;[B]69.271[C]2.699[D]94.713;;1;1
220224;S369;;;10132604;A;[B]52.636[C]1.312[D]56.989;;1;1
220224;S372;;;9284693;A;[B]2.505[T]16.544[D]178.753;;1;1
220224;S374;;;9609085;A;[B]3.683[I]26.956[D]78.812;;1;1
220224;S375;;;7904116;A;[T]43.82[I]21.624[D]132.358;;1;1
220224;S379;;;8099960;A;[T]38.348[I]31.815[D]125.208;;1;1
220224;S381;;;8170904;A;[T]69.764[L]47.999[D]57.66;;1;1
220224;S382;;;8175010;A;[T]74.696[D]43.036[AXX]0.212;;1;1
220224;S384;;;7904398;A;[B]34.611[C]96.285[D]50.929;;1;1
220224;S385;;;6982786;A;[B]67.011[T]91.232[D]39.559;;1;1
220224;S386;;;8300452;A;[C]74.328[L]65.24[D]27.994;;1;1
220224;S388;;;8571079;A;[B]7.11[D]3.433[AXX]99.944;;1;1
220224;S389;;;8177103;A;[B]8.128[T]8.156[AXX]107.032;;1;1
220224;S390;;;7915740;A;[B]4.699[T]25.69[AXX]85.354;;1;1
220224;S391;;;6600642;A;[B]13.031[T]32.366[AXX]152.405;;1;1
220224;S393;;;5806009;A;[B]20.763[T]170.017[F]7.022;;1;1
220224;S395;;;5866915;A;[B]39.89[T]140.368[F]17.544;;1;1
220224;S400;;;6261165;A;[B]32.813[T]135.94[F]22.768;;1;1
220224;S403;;;5802690;A;[B]10.005[T]160.035[F]27.762;;1;1
220224;S404;;;5865397;A;[B]17.739[T]132.215[F]42.817;;1;1
220224;S405;;;4943531;A;[B]9.567[T]110.644[F]77.591;;1;1
220224;S408;;;7966134;A;[C]11.485[L]80.121[F]21.052;;1;1
220224;S410;;;4743315;A;[B]40.784[T]23.872[F]133.146;;1;1
220224;S411;;;6190000;A;[C]19.359[L]45.881[F]74.327;;1;1
220224;S412;;;5859491;A;[B]21.882[R]81.004[F]94.917;;1;1
220224;S413;;;4676247;A;[B]22.58[F]175.222;;1;1
220224;S424;;;8549266;A;[B]49.823[V]134.841[F]13.139;;1;1
220224;S426;;;8683140;A;[B]100.65[V]41.895[F]7.861;;1;1
220224;S427;;;10918812;A;[B]43.061[V]21.351[R]1.8;;1;1
220224;S428;;;9406336;A;[B]101.189[V]14.58[E]8.715;;1;1
220224;S430;;;11246735;A;[B]37.15[V]13.919[E]21.169;;1;1
220224;S432;;;9798249;A;[B]75.901[V]17.839[E]93.332;;1;1
220224;S433;;;11111788;A;[B]39.048[V]22.178[E]100.39;;1;1
220224;S436;;;10062699;A;[B]71.772[E]78.935[D]14.113;;1;1
220224;S437;;;10324835;A;[B]62.225[E]108.013[D]20.368;;1;1
220224;S438;;;8945252;A;[B]108.888[E]64.091[D]24.823;;1;1
220224;S439;;;9408127;A;[B]85.794[L]16.243[D]22.129;;1;1
220224;S440;;;8750696;A;[B]97.14[I]4.841[D]95.82;;1;1
220224;S442;;;9081464;A;[B]33.451[I]29.062[D]86.697;;1;1
220224;S443;;;9542518;A;[B]50.099[C]13.23[D]78.93;;1;1
220224;S445;;;8226934;A;[B]102.605[C]40.439[D]54.758;;1;1
220224;S446;;;8558224;A;[B]63.383[C]51.111[D]13.921;;1;1
220224;S451;;;6392717;A;[B]65.232[T]120.098[D]12.473;;1;1
220224;S452;;;6131863;A;[T]119.542[I]38.175[D]40.086;;1;1
220224;S454;;;7379881;A;[B]36.114[C]135.584[D]1.617;;1;1
220224;S456;;;6984359;A;[B]43.309[C]148.802[F]5.691;;1;1
220224;S458;;;8690847;A;[B]51.929[C]51.894[I]0.21;;1;1
220224;S459;;;6193041;A;[B]74.589[T]109.206[F]14.008;;1;1
220224;S460;;;6653075;A;[B]77.579[T]107.712[F]12.511;;1;1
220224;S461;;;7378093;A;[B]30.806[C]107.04[F]9.618;;1;1
220224;S466;;;6454158;A;[B]87.245[T]87.166[F]23.391;;1;1
220224;S471;;;6781849;A;[B]14.59[C]48.052[I]127.202;;1;1
220224;S472;;;6254738;A;[B]74.242[C]42.419[F]66.27;;1;1
220224;S473;;;8358560;A;[B]14.081[L]12.023[I]64.174;;1;1
220224;S474;;;7437464;A;[B]42.011[I]37.911[F]24.856;;1;1
220224;S476;;;6777469;A;[B]141.196[R]15.244[F]41.362;;1;1
220224;S478;;;7369865;A;[B]90.057[V]29[F]35.02;;1;1
220224;S480;;;7174536;A;[B]69.131[C]27.815[I]92.746;;1;1
220224;S481;;;7173246;A;[B]141.391[C]23.077[F]23.754;;1;1
220224;S483;;;7505040;A;[B]72.47[C]59.525[I]37.367;;1;1
220224;S484;;;7111054;A;[B]92[C]92.595[F]13.207;;1;1
220224;S485;;;6517371;A;[B]129.576[T]48.363[F]19.863;;1;1
220224;S486;;;8161938;A;[B]74.672[C]43.351[F]8.237;;1;1
220224;S487;;;7634816;A;[B]126.326[C]46.392[I]18.305;;1;1
220224;S492;;;8157285;A;[B]148.65[E]20.763[D]28.389;;1;1
220224;S495;;;6976877;A;[E]50.316[D]102.324[F]45.162;;1;1
220224;S496;;;7434858;A;[B]160.243[D]28.394[F]9.165;;1;1
220224;S497;;;7371641;A;[B]42.618[I]92.047[D]63.137;;1;1
220224;S500;;;7959402;A;[B]186.278[V]0.916[E]10.608;;1;1
220224;V301;;;8904174;A;[C]0.874[L]3.513[AXX]80.949;;1;1
220224;V302;;;7260646;A;[B]2.757[T]50.064[AXX]78.577;;1;1
220224;V303;;;6472692;A;[C]33.413[T]76.647[AXX]57.355;;1;1
220224;V305;;;10213106;A;[C]8.237[AXX]34.96[R]2.832;;1;1
220224;V306;;;9487845;A;[C]42.13[I]1.425[F]0.204;;1;1
220224;V307;;;8572919;A;[C]17.499[T]44.35;;1;1
220224;V308;;;6141932;A;[C]90.412[T]107.391;;1;1
220224;V310;;;6989277;A;[C]77.292[T]50.872[F]8.173;;1;1
220224;V311;;;7973856;A;[C]101.812[T]0.212[R]21.738;;1;1
220224;V312;;;7710693;A;[C]60.298[T]36.583[R]32.341;;1;1
220224;V313;;;7710698;A;[C]27.169[T]61.264[R]36.305;;1;1
220224;V314;;;7315172;A;[C]54.183[T]59.027[R]54.185;;1;1
220224;V315;;;6196692;A;[T]139.314[R]20.361[F]23.611;;1;1
220224;V316;;;6717904;A;[T]84.184[R]90.577[F]22.661;;1;1
220224;V317;;;6126018;A;[T]81.614[R]70.389[F]45.799;;1;1
220224;V318;;;8427479;A;[T]26.063[R]23.556[F]15.201;;1;1
220224;V319;;;9282279;A;[B]0.662[T]33.857[R]54.592;;1;1
220224;V320;;;8228825;A;[T]50.273[I]6.359[R]110.636;;1;1
220224;V321;;;9409996;A;[L]19.653[R]43.366[F]11.394;;1;1
220224;V322;;;8157389;A;[L]4.237[R]180.952[F]12.613;;1;1
220224;V323;;;9605852;A;[AXX]5.702[R]76.484[F]7.118;;1;1
220224;V324;;;9472469;A;[L]8.392[R]122.433[F]4.133;;1;1
220224;V325;;;10065351;A;[L]42.359[R]71.621[F]0.753;;1;1
220224;V326;;;9012669;A;[L]63.333[R]118.641[F]1.458;;1;1
220224;V327;;;9735117;A;[L]24.839[R]111.699[F]1.507;;1;1
220224;V328;;;10653903;A;[V]6[E]4.5[R]100.715;;1;1
220224;V329;;;9140681;A;[V]112.66[R]76.007[F]9.136;;1;1
220224;V330;;;7696559;A;[B]6.203[V]159.382[F]32.217;;1;1
220224;V331;;;8287159;A;[V]171.429[E]2.467[F]23.906;;1;1
220224;V332;;;8287412;A;[V]145.499[E]4.808[F]25.842;;1;1
220224;V333;;;11907795;A;[V]13.354[E]2.042[F]4.564;;1;1
220224;V334;;;9930686;A;[V]93.366[E]4.613[F]10.699;;1;1
220224;V336;;;10519742;A;[B]4.558[V]132.735[F]4.659;;1;1
220224;V337;;;12363978;A;[B]0.567[V]38.936[L]16.194;;1;1
220224;V339;;;9927842;A;[B]25.204[V]153.134[F]3.661;;1;1
220224;V340;;;10981032;A;[B]24.141[V]81.005[F]1.111;;1;1
220224;V341;;;11046306;A;[B]27.493[V]85.574[E]2.08;;1;1
220224;V342;;;11240857;A;[B]12.93[V]124.102[E]22.165;;1;1
220224;V343;;;11241361;A;[B]16.773[V]105.25[E]31.84;;1;1
220224;V344;;;13743797;A;[V]9.577[E]13.332[R]10.298;;1;1
220224;V345;;;13676205;A;[B]1.601[V]30.407[E]14.184;;1;1
220224;V346;;;13084060;A;[B]4.799[V]36.901[E]27.273;;1;1
220224;V347;;;13348255;A;[B]5.61[V]23.097[E]23.016;;1;1
220224;V348;;;11046785;A;[B]36.72[V]43.642[E]47.01;;1;1
220224;V349;;;13151383;A;[B]8.346[V]19.254[E]28.907;;1;1
220224;V350;;;11111548;A;[B]33.64[V]50.174[E]61.353;;1;1
220224;V351;;;13477511;A;[B]3.056[V]25.702[E]52.064;;1;1
220224;V352;;;13809049;A;[B]4.935[V]10.9[E]27.907;;1;1
220224;V353;;;13086612;A;[B]11.024[V]10.051[E]30.048;;1;1
220224;V354;;;12294512;A;[B]15.025[V]21.36[E]94.014;;1;1
220224;V355;;;13480589;A;[B]9.009[V]4.648[E]40.528;;1;1
220224;V356;;;14073242;A;[B]5.36[V]3.8[E]24.674;;1;1
220224;V357;;;12032358;A;[B]22.846[V]0.9[E]116.541;;1;1
220224;V358;;;14532996;A;[E]38.973[I]0.305[D]5.571;;1;1
220224;V359;;;12756844;A;[B]11.989[E]78.527[D]9.912;;1;1
220224;V360;;;13742949;A;[B]0.51[E]78.295[D]16.306;;1;1
220224;V361;;;12688214;A;[E]154.326[I]5.085;;1;1
220224;V362;;;12955004;A;[E]65.058[I]5.836;;1;1
220224;V363;;;11902553;A;[B]15.51[E]115.693[D]32.227;;1;1
220224;V364;;;13614479;A;[B]6.225[E]27.354[D]7.653;;1;1
220224;V365;;;12101750;A;[B]19.791[E]54.677[D]18.843;;1;1
220224;V366;;;12298593;A;[B]7.27[E]76.087[D]37.443;;1;1
220224;V367;;;13092012;A;[B]11.008[E]2.46[D]7.425;;1;1
220224;V368;;;13159600;A;[B]7.735[C]1.274[D]10.155;;1;1
220224;V369;;;12369821;A;[B]13.469[C]0.993[D]20.906;;1;1
220224;V370;;;11186302;A;[B]22.607[D]63.77;;1;1
220224;V371;;;11385698;A;[B]5.046[E]7[D]117.303;;1;1
220224;V372;;;11519624;A;[B]1.945[C]8.699[D]55.369;;1;1
220224;V373;;;11386257;A;[C]5.026[I]6.935[D]45.999;;1;1
220224;V374;;;12042404;A;[B]1.414[I]7.256[D]21.653;;1;1
220224;V375;;;10467998;A;[C]18.844[I]7.268[D]34.183;;1;1
220224;V377;;;10860707;A;[B]15.165[C]16.826[D]17.907;;1;1
220224;V378;;;7964792;A;[C]10.748[I]70[D]114.45;;1;1
220224;V379;;;10599329;A;[T]12.429[I]8.636[D]31.937;;1;1
220224;V381;;;10931644;A;[B]6.539[D]7.926[AXX]31.861;;1;1
220224;V382;;;11064511;A;[B]3.803[D]7.564[AXX]32.829;;1;1
220224;V383;;;8563091;A;[C]66.602[I]10.823[D]61.298;;1;1
220224;V384;;;9942180;A;[C]24.649[I]11.125[D]29.48;;1;1
220224;V385;;;10468529;A;[B]11.249[C]25.386[D]11.445;;1;1
220224;V386;;;10403257;A;[C]22.557[L]33.905[D]10.319;;1;1
220224;V387;;;9291975;A;[I]5.925[D]7.929[AXX]70.522;;1;1
220224;V388;;;10016211;A;[B]3.603[D]1.607[AXX]51.298;;1;1
220224;V389;;;10081498;A;[L]10.976[D]1.188[AXX]46.834;;1;1
220224;V390;;;10148326;A;[T]2.91[L]7.269[AXX]40.748;;1;1
220224;V391;;;8704219;A;[B]2.872[L]4.423[AXX]94.134;;1;1
220224;V392;;;8042961;A;[B]7.161[C]61.402[AXX]66.305;;1;1
220224;V393;;;7253455;A;[B]7.933[C]147.547;;1;1
220224;V394;;;6922167;A;[B]25.082[C]172.501[F]0.22;;1;1
220224;V395;;;7971001;A;[B]20.8[C]84.397[F]5.954;;1;1
220224;V396;;;7248311;A;[B]21.364[C]122.111[F]8.11;;1;1
220224;V397;;;7191004;A;[B]5.13[T]103.36[F]1.204;;1;1
220224;V398;;;6004939;A;[B]11.631[T]179.219[F]6.952;;1;1
220224;V399;;;6922183;A;[C]151.026[I]23.096;;1;1
220224;V400;;;8300230;A;[B]9.831[C]66.935[F]6.101;;1;1
220224;V401;;;7115956;A;[B]6.629[C]122.367[I]45.518;;1;1
220224;V402;;;7447245;A;[B]4.777[C]105.752[F]8.335;;1;1
220224;V403;;;6526666;A;[B]3.797[C]172.442[F]14.755;;1;1
220224;V404;;;9089244;A;[B]0.928[C]40.401[F]7.111;;1;1
220224;V405;;;6983110;A;[C]82.359[I]10.921[F]24.664;;1;1
220224;V406;;;5669304;A;[B]12.443[T]145.48[F]39.879;;1;1
220224;V407;;;6588081;A;[C]113.355[I]52.211[F]15.092;;1;1
220224;V408;;;10399178;A;[C]3.811[I]17.508[F]2.737;;1;1
220224;V409;;;7181013;A;[C]116.921[R]59.526[F]7.55;;1;1
220224;V410;;;8163774;A;[C]11.224[L]50.567[F]21.977;;1;1
220224;V411;;;9938639;A;[C]0.203[L]18.076[F]12.316;;1;1
220224;V413;;;7766967;A;[L]64.435[R]36.784[F]26.76;;1;1
220224;V414;;;6976162;A;[B]33.911[R]108.152[F]39.587;;1;1
220224;V416;;;8490672;A;[B]12.837[I]25.204[F]15.359;;1;1
220224;V417;;;9146792;A;[B]15.816[I]38.013[R]22.808;;1;1
220224;V418;;;7173547;A;[I]60.136[R]98.396[F]20.351;;1;1
220224;V419;;;8618669;A;[B]12.796[I]38.793[R]100.063;;1;1
220224;V420;;;8489377;A;[B]42.342[F]23.044;;1;1
220224;V421;;;7697844;A;[B]13.54[R]163.742[F]20.52;;1;1
220224;V422;;;9211821;A;[B]15.365[I]31.958[R]43.759;;1;1
220224;V423;;;10854083;A;[B]7.156[V]31.828[F]6.584;;1;1
220224;V424;;;9535900;A;[B]38.879[V]101.073[F]7.522;;1;1
220224;V426;;;11972529;A;[B]19.978[V]8.679[F]0.944;;1;1
220224;V427;;;12695991;A;[V]6.984[E]10.506[I]7.048;;1;1
220224;V428;;;12762037;A;[B]16.841[V]2.457[E]0.673;;1;1
220224;V429;;;11248277;A;[B]39.712[V]3.888[E]12.642;;1;1
220224;V430;;;13023660;A;[B]13.086[V]5.572[E]9.319;;1;1
220224;V431;;;10784630;A;[B]49.799[V]19.444[E]68.606;;1;1
220224;V432;;;12430996;A;[B]20.693[V]0.405[E]24.403;;1;1
220224;V433;;;13219742;A;[B]11.465[V]4.065[E]20.027;;1;1
220224;V434;;;11439210;A;[B]26.051[V]38.142[E]115.202;;1;1
220224;V435;;;12365206;A;[B]22.614[V]2.8[E]24.016;;1;1
220224;V436;;;12564128;A;[B]17.805[E]10.898[D]3.078;;1;1
220224;V437;;;12825746;A;[B]13.835[E]26.641[D]4.098;;1;1
220224;V438;;;11051663;A;[B]47.183[E]10.173[D]9.882;;1;1
220224;V439;;;12369841;A;[B]11.957[L]11.042[D]5.651;;1;1
220224;V440;;;12566446;A;[B]13.557[L]4.844[D]6.688;;1;1
220224;V441;;;8947565;A;[B]102.221[E]2.084[D]70.876;;1;1
220224;V442;;;12305325;A;[B]11.007[C]3.981[D]10.088;;1;1
220224;V443;;;11252110;A;[B]24.768[C]3.749[D]35.212;;1;1
220224;V444;;;9344650;A;[B]38.613[L]94.155[D]25.871;;1;1
220224;V445;;;9938325;A;[B]36.807[C]22.472[D]18.741;;1;1
220224;V446;;;11189689;A;[B]13.019[C]15.014[D]3.535;;1;1
220224;V447;;;10464419;A;[B]30.005[C]16.646[D]6.274;;1;1
220224;V448;;;10070173;A;[B]32.7[C]22.51[D]10.841;;1;1
220224;V449;;;9283234;A;[B]32.652[C]44.089[D]9.267;;1;1
220224;V450;;;10599096;A;[B]12.988[C]23.346[D]4.441;;1;1
220224;V451;;;9877434;A;[B]13.185[C]38.503[D]4.993;;1;1
220224;V452;;;10273481;A;[B]6.845[C]32.166[D]3.058;;1;1
220224;V453;;;7381163;A;[B]26.241[C]140.65[D]10.908;;1;1
220224;V454;;;10339018;A;[B]6.52[C]31.005[D]1.921;;1;1
220224;V455;;;7180184;A;[B]65.854[T]97.012[I]9.17;;1;1
220224;V456;;;7973056;A;[B]15.409[C]95.961[F]1.66;;1;1
220224;V457;;;6915984;A;[B]85.751[T]106.825[F]5.227;;1;1
220224;V458;;;10729144;A;[B]18.082[C]18.421[F]0.204;;1;1
220224;V459;;;10072507;A;[B]17.17[C]27.369[F]1.376;;1;1
220224;V460;;;8692399;A;[B]28.523[C]56.938[F]3.473;;1;1
220224;V461;;;9481668;A;[B]10.561[C]32.208[F]4.759;;1;1
220224;V462;;;9088454;A;[B]11.557[T]36.241[F]4.246;;1;1
220224;V463;;;8034220;A;[B]28.951[C]67.009[F]8.66;;1;1
220224;V464;;;7899551;A;[B]22.877[C]27.898[I]58.561;;1;1
220224;V465;;;9018285;A;[B]14.482[C]19.648[I]30.752;;1;1
220224;V466;;;9151411;A;[B]15.943[C]32.568[I]19.724;;1;1
220224;V467;;;7438221;A;[B]58.748[I]73.709[AXX]35.6;;1;1
220224;V469;;;9611458;A;[B]1.906[C]17.234[I]23.97;;1;1
220224;V470;;;10793927;A;[B]2.475[C]6.671[I]16.094;;1;1
220224;V471;;;8294056;A;[B]4.744[I]66.037[AXX]13.596;;1;1
220224;V472;;;8096938;A;[B]0.209[C]10.325[I]78.574;;1;1
220224;V473;;;10266038;A;[B]10.028[I]21.246[F]1.271;;1;1
220224;V474;;;9476524;A;[B]13.988[I]33.396[F]2.176;;1;1
220224;V475;;;9805490;A;[B]16.526[I]11.935[F]7.1;;1;1
220224;V476;;;8093588;A;[B]67.082[R]24.776[F]20.787;;1;1
220224;V477;;;7437713;A;[B]41.181[C]16.143[I]94.397;;1;1
220224;V478;;;9803688;A;[B]32.053[V]7.7[F]10.798;;1;1
220224;V479;;;8817304;A;[B]55.182[F]14.682;;1;1
220224;V480;;;11385027;A;[B]7.681[C]4.367[I]9.405;;1;1
220224;V481;;;10922672;A;[B]19.072[I]10.121[F]1.032;;1;1
220224;V482;;;9806507;A;[B]28.695[C]14.66[F]5.294;;1;1
220224;V483;;;9938091;A;[B]28.877[C]15.898[F]3.789;;1;1
220224;V484;;;10596535;A;[B]18.651[C]14.527[F]2.2;;1;1
220224;V485;;;10398123;A;[B]27.325[C]11.434[F]2.364;;1;1
220224;V486;;;10398124;A;[B]26.628[C]12.117[F]2.297;;1;1
220224;V487;;;11187122;A;[B]20.555[C]8.977[F]0.754;;1;1
220224;X300;;;9560045;A;[B]0.207[L]3.205[AXX]64.886;;1;1
220224;X301;;;11003632;A;[L]1.519[AXX]29.677;;1;1
220224;X302;;;10805229;A;[C]4.008[L]3.184[AXX]29.278;;1;1
220224;X303;;;10409451;A;[B]0.588[C]20.153[AXX]15.414;;1;1
220224;X304;;;6210295;A;[T]86.867[AXX]94.536[F]1.369;;1;1
220224;X305;;;12706541;A;[C]6.007[L]1.988[AXX]3.526;;1;1
220224;X306;;;11589352;A;[B]0.657[C]15.463[I]0.533;;1;1
220224;X307;;;12377583;A;[C]9.817[I]0.252[F]0.201;;1;1
220224;X308;;;8701930;A;[B]0.208[C]59.611[AXX]16.413;;1;1
220224;X309;;;7058160;A;[C]24.415[T]91.151[R]16.38;;1;1
220224;X310;;;9552361;A;[C]27.12[T]11.384[F]2.54;;1;1
220224;X311;;;10339557;A;[B]0.673[C]28.52[F]2.129;;1;1
220224;X312;;;12244716;A;[C]8.176[F]0.931;;1;1
220224;X313;;;11784176;A;[B]0.345[T]11.163[R]6.259;;1;1
220224;X314;;;9680357;A;[C]36.775[R]15.487[F]1.305;;1;1
220224;X315;;;9089505;A;[C]15.295[T]18.703[F]7.004;;1;1
220224;X316;;;9282787;A;[B]1.439[T]34.778[R]49.571;;1;1
220224;X317;;;9939935;A;[AXX]21.419[R]13.813[F]7.55;;1;1
220224;X318;;;11057892;A;[C]9.583[R]8.707[F]3.586;;1;1
220224;X319;;;12636396;A;[T]5.1[I]1.194[R]5.212;;1;1
220224;X320;;;13292782;A;[C]2.494[R]2.767[F]0.868;;1;1
220224;X321;;;12830435;A;[L]4.147[R]5.18[F]1.786;;1;1
220224;X322;;;12370923;A;[T]4.945[I]1.401[R]13.829;;1;1
220224;X323;;;13619689;A;[L]1.281[R]3.148[F]1.137;;1;1
220224;X324;;;11579367;A;[B]0.7[T]5.475[R]36.766;;1;1
220224;X325;;;11973846;A;[L]17.136[R]22.365[F]0.37;;1;1
220224;X326;;;12696288;A;[L]7.544[R]19.557;;1;1
220224;X327;;;12235745;A;[L]6.315[R]27.225[F]0.466;;1;1
220224;X328;;;13023969;A;[B]1.045[E]0.4[R]23.028;;1;1
220224;X329;;;11970523;A;[V]31.797[R]6.726[F]3.057;;1;1
220224;X330;;;10656715;A;[B]2.908[V]38.794[F]8.318;;1;1
220224;X331;;;11775449;A;[V]23.791[L]1.69[F]4.149;;1;1
220224;X332;;;12170449;A;[V]13.229[E]2.45[F]3.852;;1;1
220224;X333;;;12961499;A;[V]3.521[E]1.429[F]2.47;;1;1
220224;X334;;;12103648;A;[V]13.767[R]13.17[F]2.581;;1;1
220224;X335;;;12368088;A;[V]11.51[E]1.197[F]3.434;;1;1
220224;X336;;;13221076;A;[V]15.609[E]0.859[I]4.012;;1;1
220224;X337;;;13615832;A;[V]10.917[E]0.468[I]3.015;;1;1
220224;X338;;;13415636;A;[V]25.958[E]1.414[F]0.843;;1;1
220224;X339;;;13614290;A;[B]1.972[V]17.649[L]4.283;;1;1
220224;X340;;;12561344;A;[B]9.043[V]29.462[F]0.581;;1;1
220224;X341;;;13284547;A;[B]6.709[V]22.051[E]1.184;;1;1
220224;X342;;;13414844;A;[B]4.774[V]26.589[E]5.239;;1;1
220224;X343;;;14467521;A;[V]10.725[E]7.38[R]2.797;;1;1
220224;X344;;;14206405;A;[V]8.571[E]5.749[F]0.594;;1;1
220224;X345;;;14602448;A;[V]5.019[E]3.034[F]0.378;;1;1
220224;X346;;;14270650;A;[B]2.583[V]11.999[E]8.309;;1;1
220224;X347;;;14469053;A;[B]2.061[V]7.999[E]7.124;;1;1
220224;X348;;;14404030;A;[B]3.179[V]6.032[E]6.499;;1;1
220224;X349;;;14337461;A;[B]3.407[V]6.42[E]9.784;;1;1
220224;X350;;;13152933;A;[B]10.011[V]13.358[E]15.006;;1;1
220224;X351;;;14466462;A;[B]1.891[V]8.31[E]24.207;;1;1
220224;X352;;;14336681;A;[B]3.117[V]6.092[E]15.202;;1;1
220224;X353;;;14470586;A;[B]3.283[V]2.54[E]7.512;;1;1
220224;X354;;;14470064;A;[B]3.768[V]1.594[E]11.874;;1;1
220224;X355;;;14535597;A;[B]3.455[V]1.223[E]13.076;;1;1
220224;X356;;;14931649;A;[B]2.442[V]1[E]5.804;;1;1
220224;X357;;;14140830;A;[B]4.621[E]18.68[D]2.18;;1;1
220224;X358;;;14800571;A;[B]2.345[E]6.399[D]0.759;;1;1
220224;X359;;;14472375;A;[B]3.087[E]5.494[D]2.504;;1;1
220224;X360;;;15195575;A;[B]0.602[E]6.225[D]3.281;;1;1
220224;X361;;;14466691;A;[B]1.891[E]42.921[D]3.429;;1;1
220224;X362;;;14206624;A;[B]4.656[E]17.493[D]1.544;;1;1
220224;X363;;;14272144;A;[B]1.748[E]24.444[D]7.085;;1;1
220224;X364;;;14801855;A;[B]1.881[E]4.109[D]2.531;;1;1
220224;X365;;;13813412;A;[B]6.642[E]11.498[D]3.794;;1;1
220224;X366;;;14604470;A;[B]2.017[E]4.531[D]4.529;;1;1
220224;X367;;;14014149;A;[B]3.541[L]2.782[D]3.622;;1;1
220224;X368;;;14672335;A;[B]1.987[L]0.692[D]2.163;;1;1
220224;X369;;;14278089;A;[B]2.734[C]0.829[D]3.349;;1;1
220224;X370;;;12896672;A;[B]7.878[C]0.285[D]22.19;;1;1
220224;X371;;;13950627;A;[B]1.011[E]0.5[D]20.95;;1;1
220224;X372;;;13885370;A;[B]1.309[C]1.752[D]10.211;;1;1
220224;X373;;;13424830;A;[B]2.772[C]3.022[D]7.245;;1;1
220224;X374;;;13753800;A;[B]2.608[D]3.79[AXX]3.441;;1;1
220224;X375;;;13031369;A;[B]3.212[C]5.037[D]3.707;;1;1
220224;X376;;;10529937;A;[B]2.472[I]19.332[D]43.838;;1;1
220224;X377;;;14214104;A;[B]1.317[C]1.842[D]1.396;;1;1
220224;X378;;;11255472;A;[B]11.666[C]14.035[D]9.891;;1;1
220224;X379;;;13754321;A;[B]1.52[C]3.013[D]2.657;;1;1
220224;X380;;;9029273;A;[B]3.774[D]39.645[AXX]80.908;;1;1
220224;X381;;;11852236;A;[B]3.435[D]3.209[AXX]18.605;;1;1
220224;X382;;;12575444;A;[B]1.528[D]2.355[AXX]12.604;;1;1
220224;X383;;;10929845;A;[C]21.403[I]3.122[D]16.678;;1;1
220224;X384;;;12505543;A;[C]5.724[L]11.343[D]5.229;;1;1
220224;X385;;;11651008;A;[B]7.539[C]13.772[D]4.765;;1;1
220224;X386;;;13622487;A;[B]1.63[C]2.036[D]0.511;;1;1
220224;X387;;;10803162;A;[I]2.79[D]2.244[AXX]34.301;;1;1
220224;X388;;;12379619;A;[B]0.983[D]0.43[AXX]14.213;;1;1
220224;X389;;;12182244;A;[L]4.62[D]0.405[AXX]15.223;;1;1
220224;X390;;;13232879;A;[C]0.201[I]0.385[AXX]7.311;;1;1
220224;X391;;;11198695;A;[B]0.988[I]0.379[AXX]28.219;;1;1
220224;X392;;;9555423;A;[B]2.805[C]18.91[AXX]36.674;;1;1
220224;X393;;;9552090;A;[B]3.439[C]45.533[F]0.772;;1;1
220224;X394;;;9615046;A;[B]11.567[C]41.135[F]1.187;;1;1
220224;X395;;;9811916;A;[B]8.228[T]25.806[F]2.961;;1;1
220224;X396;;;8891843;A;[B]13.178[C]54.84[F]2.82;;1;1
220224;X397;;;8768488;A;[C]29.536[L]4.903[AXX]44.842;;1;1
220224;X398;;;8633565;A;[B]2.545[C]71.143[R]1.813;;1;1
220224;X399;;;10996193;A;[B]2.009[T]14.441[F]1.72;;1;1
220224;X400;;;9418193;A;[B]5.269[C]39.5[F]3.194;;1;1
220224;X401;;;9614285;A;[B]6.85[C]33.247[F]3.736;;1;1
220224;X402;;;9354469;A;[C]44.141[F]3.226;;1;1
220224;X403;;;9223140;A;[C]44.704[F]2.874;;1;1
220224;X404;;;11455209;A;[C]12.36[F]2.06;;1;1
220224;X405;;;9876188;A;[C]19.751[L]4.668[F]6.812;;1;1
220224;X406;;;9418976;A;[B]1.678[T]29.375[F]4.816;;1;1
220224;X407;;;9940939;A;[C]15.411[I]15.72[F]1.582;;1;1
220224;X408;;;11977431;A;[C]1.064[I]8.246[F]1.031;;1;1
220224;X409;;;9942754;A;[B]0.422[T]17.676[F]6.074;;1;1
220224;X410;;;11057111;A;[C]3.194[L]12.752[F]5.25;;1;1
220224;X411;;;11385820;A;[C]2.344[L]6.577[F]5.072;;1;1
220224;X412;;;10923729;A;[L]21.132[R]11.357[F]4.985;;1;1
220224;X413;;;11714519;A;[L]14.989[AXX]0.664[F]3.424;;1;1
220224;X414;;;8489666;A;[L]37.056[R]46.371[F]17.694;;1;1
220224;X415;;;10200516;A;[L]49.145[R]14.411[F]4.793;;1;1
220224;X416;;;10003649;A;[B]2.792[I]21.612[F]4.779;;1;1
220224;X417;;;11449292;A;[L]30.995[R]12.854[F]1.219;;1;1
220224;X418;;;9477066;A;[L]25.411[R]15.802[F]12.869;;1;1
220224;X419;;;12368594;A;[B]1.573[L]16.112[R]16.377;;1;1
220224;X420;;;11056325;A;[B]3.617[C]2.584[I]15.552;;1;1
220224;X421;;;12236504;A;[C]0.204[L]15.396[R]21.353;;1;1
220224;X422;;;12304079;A;[B]1.049[L]24.25[R]8.758;;1;1
220224;X423;;;13223389;A;[V]5.767[E]1.217[F]2.153;;1;1
220224;X424;;;11180720;A;[B]20.404[V]46.856[F]2.547;;1;1
220224;X425;;;10983847;A;[B]26.834[V]37.723[F]2.075;;1;1
220224;X426;;;13157833;A;[B]7.346[V]2.104[F]0.95;;1;1
220224;X427;;;14340814;A;[B]4.152[V]2.523[E]0.64;;1;1
220224;X428;;;13618379;A;[B]7.005[V]0.362[F]0.477;;1;1
220224;X429;;;12629414;A;[B]17.851[V]3.37[E]9.295;;1;1
220224;X430;;;14340550;A;[B]4.621[V]1.252[E]2.838;;1;1
220224;X431;;;12958636;A;[B]15.517[V]1.707[E]8.594;;1;1
220224;X432;;;13352357;A;[B]11.986[E]14.783;;1;1
220224;X433;;;14867146;A;[B]2.714[V]0.201[E]2.869;;1;1
220224;X434;;;13679269;A;[B]7.456[V]6.906[E]16.587;;1;1
220224;X435;;;14275009;A;[B]5.843[E]3.936;;1;1
220224;X436;;;13353905;A;[B]11.002[E]4.854[D]1.593;;1;1
220224;X437;;;14407365;A;[B]3.908[E]2.125[D]1.5;;1;1
220224;X438;;;12762797;A;[B]16.862[E]2.442[D]4.6;;1;1
220224;X439;;;13751496;A;[B]2.965[L]6.501[D]2.604;;1;1
220224;X440;;;14014157;A;[B]2.949[L]4.627[D]1.474;;1;1
220224;X441;;;12171422;A;[B]20.63[E]1.207[D]14.288;;1;1
220224;X442;;;14409937;A;[B]1.929[C]0.94[D]2.017;;1;1
220224;X443;;;12962478;A;[B]8.459[C]1.993[D]12.399;;1;1
220224;X444;;;12172205;A;[B]18.736[C]2.817[D]5.633;;1;1
220224;X445;;;11582122;A;[B]16.494[C]9.372[D]9.196;;1;1
220224;X446;;;13031119;A;[B]3.688[C]5.558[D]1.716;;1;1
220224;X447;;;12897476;A;[B]7.688[C]3.881[D]1.838;;1;1
220224;X448;;;12043193;A;[B]10.876[C]7.591[D]3.874;;1;1
220224;X449;;;10534848;A;[B]9.562[C]26.286[D]3.686;;1;1
220224;X450;;;12964816;A;[B]4.457[C]5.122[D]0.582;;1;1
220224;X451;;;12835546;A;[B]2.224[C]6.853[D]0.673;;1;1
220224;X452;;;11587536;A;[C]13.8[I]2.419[D]3.893;;1;1
220224;X453;;;9878209;A;[B]10.346[C]36.721[D]2.494;;1;1
220224;X454;;;12112086;A;[B]4.103[C]10.386[I]0.521;;1;1
220224;X455;;;10467776;A;[B]14.537[C]25.315[I]0.263;;1;1
220224;X456;;;11521498;A;[B]3.565[C]16.212[F]0.327;;1;1
220224;X457;;;9875897;A;[B]19.792[C]34.079[F]0.217;;1;1
220224;X458;;;12438733;A;[B]6.348[C]7.012[I]0.201;;1;1
220224;X459;;;11321543;A;[B]9.363[C]13.502[F]0.684;;1;1
220224;X460;;;11716043;A;[B]7.648[C]11.322[F]0.559;;1;1
220224;X461;;;11257301;A;[B]3.979[C]14.088[F]1.399;;1;1
220224;X462;;;11192281;A;[B]3.371[C]16.469[F]1.167;;1;1
220224;X463;;;10531521;A;[B]11.598[C]14.449[F]3.367;;1;1
220224;X464;;;10334403;A;[B]4.711[C]11.096[I]15.744;;1;1
220224;X465;;;11714249;A;[B]4.664[C]4.131[I]7.507;;1;1
220224;X466;;;12241620;A;[B]4.1[C]6.041[F]1.177;;1;1
220224;X467;;;10201008;A;[B]17.779[C]8.676[I]16.023;;1;1
220224;X468;;;8952748;A;[B]17.238[C]22.946[I]29.902;;1;1
220224;X469;;;10795214;A;[C]9.646[I]14.283;;1;1
220224;X470;;;12306902;A;[B]1.051[C]3.298[I]6.021;;1;1
220224;X471;;;10663113;A;[B]7.697[C]11.594[F]4.465;;1;1
220224;X472;;;10990792;A;[B]1.666[C]2.991[I]17.6;;1;1
220224;X473;;;12831186;A;[B]2.206[C]0.201[I]5.652;;1;1
220224;X474;;;11844296;A;[B]5.575[I]5.848[F]1.725;;1;1
220224;X475;;;11779018;A;[B]6.664[C]1.281[F]3.626;;1;1
220224;X476;;;11184822;A;[B]15.202[I]9.902[R]10.295;;1;1
220224;X477;;;11778245;A;[B]9.151[C]0.917[F]3.517;;1;1
220224;X478;;;11909057;A;[B]10.912[V]2.5[F]2.872;;1;1
220224;X479;;;10790574;A;[B]23.256[F]5.214;;1;1
220224;X480;;;13620956;A;[B]1.428[C]1.109[I]2.613;;1;1
220224;X481;;;12502214;A;[B]8.783[C]4.542[R]2.968;;1;1
220224;X482;;;11254209;A;[B]11.539[C]8.654[F]2.1;;1;1
220224;X483;;;11319230;A;[B]12.773[C]6.765[F]2.052;;1;1
220224;X484;;;11780293;A;[B]9.274[C]7.423[F]1.167;;1;1
220224;X485;;;13094351;A;[B]5.576[C]2.202[F]0.636;;1;1
220224;X486;;;13028299;A;[B]6.854[C]2.742[F]0.336;;1;1
220224;X487;;;12107967;A;[B]12.945[C]5.776[F]0.234;;1;1
220224;Y300;;;13363435;A;[B]0.487[C]1.987[AXX]4.943;;1;1
220224;Y301;;;12773871;A;[C]1.243[L]1.019[AXX]9.027;;1;1
220224;Y302;;;13493737;A;[B]0.674[C]3.839[AXX]1.162;;1;1
220224;Y303;;;11985391;A;[C]5.443[I]0.665[AXX]10.411;;1;1
220224;Y304;;;11919596;A;[B]0.506[C]8.434[AXX]8.149;;1;1
220224;Y305;;;14084588;A;[C]2.017[L]1.872[AXX]1.227;;1;1
220224;Y306;;;13690348;A;[B]0.255[C]3.96[L]0.91;;1;1
220224;Y307;;;14215404;A;[C]0.83[T]1.063[L]1.647;;1;1
220224;Y308;;;10607343;A;[B]0.204[AXX]37.54[F]0.928;;1;1
220224;Y309;;;9030131;A;[C]1.836[AXX]75.483[R]8.998;;1;1
220224;Y310;;;13755885;A;[C]3.639[L]0.931[I]0.341;;1;1
220224;Y311;;;12114671;A;[C]11.121[F]0.453;;1;1
220224;Y312;;;13886444;A;[B]0.276[C]2.937[F]0.307;;1;1
220224;Y313;;;13360618;A;[C]3.648[I]1.22[F]0.201;;1;1
220224;Y314;;;12047856;A;[B]0.384[T]10.325[R]4.15;;1;1
220224;Y315;;;12704236;A;[C]5.652[F]0.811;;1;1
220224;Y316;;;12504300;A;[C]5.881[R]6.01[F]0.701;;1;1
220224;Y317;;;13884396;A;[T]0.425[I]0.359[F]0.968;;1;1
220224;Y318;;;13424620;A;[C]1.259[F]1.458;;1;1
220224;Y319;;;14213869;A;[B]0.407[T]1.852[R]1.636;;1;1
220224;Y320;;;14278888;A;[C]0.994[L]3.638[R]1.57;;1;1
220224;Y321;;;13687016;A;[C]0.276[L]2.513[F]1.165;;1;1
220224;Y322;;;13489903;A;[B]0.201[T]3[R]5.056;;1;1
220224;Y323;;;14672875;A;[L]1.939[AXX]0.53[R]1.36;;1;1
220224;Y324;;;12697322;A;[B]0.472[T]2.847[R]20.053;;1;1
220224;Y325;;;13421788;A;[B]0.214[L]10.307[R]6.025;;1;1
220224;Y326;;;14078950;A;[L]3.176[R]4.62[F]0.181;;1;1
220224;Y327;;;14078955;A;[L]1.564[R]5.427[F]0.358;;1;1
220224;Y328;;;14407141;A;[B]0.95[I]0.201[R]5.355;;1;1
220224;Y329;;;13353701;A;[V]3.522[I]1.812[R]11.511;;1;1
220224;Y330;;;13946853;A;[B]0.308[V]4.847[F]1.056;;1;1
220224;Y331;;;13685225;A;[V]2.248[F]1.51;;1;1
220224;Y332;;;12961501;A;[V]3.335[E]1.242[F]2.492;;1;1
220224;Y333;;;14146021;A;[V]0.876[E]0.568[F]0.906;;1;1
220224;Y334;;;14078185;A;[V]0.76[I]1.195[R]6.244;;1;1
220224;Y335;;;14670819;A;[V]2.494[E]0.283[I]1.132;;1;1
220224;Y336;;;14342886;A;[B]0.836[R]1.591[F]0.541;;1;1
220224;Y337;;;14143966;A;[V]3.936[E]0.928[F]0.874;;1;1
220224;Y338;;;14404065;A;[V]11.121[L]2.215[R]0.413;;1;1
220224;Y339;;;15130083;A;[B]0.623[V]2.927[L]0.725;;1;1
220224;Y340;;;12561344;A;[B]2.218[V]6.454[F]0.305;;1;1
220224;Y341;;;14536406;A;[B]2.072[V]7.319[E]0.52;;1;1
220224;Y342;;;14535378;A;[B]1.773[V]8.973[E]1.358;;1;1
220224;Y343;;;14997462;A;[B]1.202[V]3.594[E]1.322;;1;1
220224;Y344;;;15130072;A;[V]2.187[E]1.799[I]0.589;;1;1
220224;Y345;;;15195612;A;[V]0.507[E]1.616[R]2.329;;1;1
220224;Y346;;;14997457;A;[B]1.309[V]3.409[E]2.278;;1;1
220224;Y347;;;14998227;A;[B]1.635[V]1.945[E]1.595;;1;1
220224;Y348;;;14866639;A;[B]2.219[V]1.906[E]2.172;;1;1
220224;Y349;;;14932171;A;[B]1.878[V]1.535[E]3.145;;1;1
220224;Y350;;;14735051;A;[B]2.449[V]1.952[E]2.694;;1;1
220224;Y351;;;15063499;A;[B]1.555[V]1.546[E]3.352;;1;1
220224;Y352;;;15129294;A;[B]1.403[V]1.62[E]2.888;;1;1
220224;Y353;;;15130579;A;[B]1.41[V]0.515[E]1.697;;1;1
220224;Y354;;;14865855;A;[B]2.345[V]0.839[E]6.335;;1;1
220224;Y355;;;15130056;A;[B]1.757[E]4.31;;1;1
220224;Y356;;;15262163;A;[B]1.36[V]0.5[E]1.991;;1;1
220224;Y357;;;14999754;A;[B]1.892[E]1.458[D]1.715;;1;1
220224;Y358;;;15395287;A;[E]0.941[I]0.485[D]1.097;;1;1
220224;Y359;;;15329753;A;[E]0.777[I]0.434[D]0.972;;1;1
220224;Y360;;;15197133;A;[B]1.162[E]1.751[D]1.561;;1;1
220224;Y361;;;15391931;A;[B]0.692[E]6.511[D]1.034;;1;1
220224;Y362;;;15065807;A;[B]1.479[E]1.074[D]1.195;;1;1
220224;Y363;;;15131595;A;[B]1.121[E]1.861[D]1.525;;1;1
220224;Y364;;;15066321;A;[B]1.397[E]0.893[D]1.42;;1;1
220224;Y365;;;14671051;A;[B]2.651[E]1.5[D]0.926;;1;1
220224;Y366;;;15066844;A;[E]0.858[I]0.768[D]0.533;;1;1
220224;Y367;;;14672082;A;[E]1.335[I]1.294[D]1.628;;1;1
220224;Y368;;;15395549;A;[B]0.911[D]0.791;;1;1
220224;Y369;;;14278089;A;[B]1.04[C]0.402[D]1.125;;1;1
220224;Y370;;;13884603;A;[B]2.087[C]1.499[D]8.992;;1;1
220224;Y371;;;14805200;A;[B]0.654[C]0.605[D]3.193;;1;1
220224;Y372;;;14673362;A;[B]1.142[C]0.719[D]2.404;;1;1
220224;Y373;;;14477012;A;[B]1.336[D]1.895[AXX]1.794;;1;1
220224;Y374;;;14411221;A;[B]0.947[C]1.348[D]1.857;;1;1
220224;Y375;;;14542813;A;[B]0.908[C]1.438[D]0.912;;1;1
220224;Y376;;;13950414;A;[B]2.357[C]2.029[D]2.619;;1;1
220224;Y377;;;14937317;A;[B]0.416[C]0.914[D]0.352;;1;1
220224;Y378;;;13096390;A;[B]3.831[C]4.425[D]4.292;;1;1
220224;Y379;;;14608864;A;[B]0.564[C]1.368[D]0.895;;1;1
220224;Y380;;;12246726;A;[B]1.475[D]5.996[AXX]15.451;;1;1
220224;Y381;;;13559517;A;[B]1.183[D]0.97[AXX]6.387;;1;1
220224;Y382;;;13954018;A;[B]0.585[D]0.729[AXX]4.996;;1;1
220224;Y383;;;13625053;A;[B]1.233[D]0.664[AXX]6.189;;1;1
220224;Y384;;;14871522;A;[B]0.632[C]0.9[D]0.481;;1;1
220224;Y385;;;13885659;A;[B]1.731[C]2.838[D]0.69;;1;1
220224;Y386;;;14805476;A;[B]0.896[C]1.015[D]0.242;;1;1
220224;Y387;;;10803162;A;[I]0.827[D]0.541[AXX]9.554;;1;1
220224;Y388;;;14217197;A;[B]0.244[L]0.2[AXX]3.602;;1;1
220224;Y389;;;13625834;A;[B]0.547[C]1.216[AXX]4.58;;1;1
220224;Y390;;;14019823;A;[C]0.844[L]0.76[AXX]2.936;;1;1
220224;Y391;;;12511211;A;[B]0.272[L]1.49[AXX]12.865;;1;1
220224;Y392;;;11984100;A;[B]1.483[C]7.751[AXX]7.673;;1;1
220224;Y393;;;13033705;A;[B]0.603[C]6.523[I]0.317;;1;1
220224;Y394;;;14083816;A;[B]0.493[C]2.325[L]0.915;;1;1
220224;Y395;;;11782870;A;[B]4.132[C]11.309[F]0.817;;1;1
220224;Y396;;;10469842;A;[B]5.477[C]25.522[F]0.969;;1;1
220224;Y397;;;9884650;A;[C]16.803[L]4.085[AXX]28.442;;1;1
220224;Y398;;;11523300;A;[B]1.571[C]16.997[F]0.202;;1;1
220224;Y399;;;12178919;A;[C]8.682[I]1.763[F]0.201;;1;1
220224;Y400;;;11653089;A;[B]1.634[C]12.512[F]0.802;;1;1
220224;Y401;;;12637665;A;[B]1.629[C]6.383[F]0.692;;1;1
220224;Y402;;;11719145;A;[B]0.397[C]12.876[F]0.998;;1;1
220224;Y403;;;12442089;A;[B]0.541[C]8.316[F]0.471;;1;1
220224;Y404;;;13426669;A;[B]0.206[C]3.821[F]0.487;;1;1
220224;Y405;;;13885419;A;[C]1.692[L]1.823[F]0.6;;1;1
220224;Y406;;;12966378;A;[B]0.388[C]4.969[F]0.834;;1;1
220224;Y407;;;12110558;A;[C]5.445[I]4.855[F]0.461;;1;1
220224;Y408;;;13094878;A;[C]0.55[I]4.55[F]0.408;;1;1
220224;Y409;;;13688298;A;[B]0.434[C]2.415[F]0.659;;1;1
220224;Y410;;;13293031;A;[C]1.151[L]2.196[F]1.357;;1;1
220224;Y411;;;12766178;A;[C]0.201[L]4.297[F]2.379;;1;1
220224;Y412;;;13225699;A;[L]5.797[R]2.847[F]1.198;;1;1
220224;Y413;;;12832737;A;[C]3.793[L]8.556[R]4.381;;1;1
220224;Y414;;;12304340;A;[L]19.876[R]7.815[F]0.51;;1;1
220224;Y415;;;11581649;A;[L]23.252[R]7.272[F]2.365;;1;1
220224;Y416;;;11385040;A;[B]4.879[C]2.39[F]4.927;;1;1
220224;Y417;;;14080486;A;[L]3.201[R]1.945[F]0.424;;1;1
220224;Y418;;;12895709;A;[L]9.697[R]7.949[F]0.719;;1;1
220224;Y419;;;13224672;A;[L]8.178[R]6.723[F]0.55;;1;1
220224;Y420;;;14146269;A;[B]1.411[C]0.2[I]1.931;;1;1
220224;Y421;;;13618659;A;[L]5.275[R]6.55[F]0.267;;1;1
220224;Y422;;;12962520;A;[C]0.714[L]15.546[R]4.726;;1;1
220224;Y423;;;14606823;A;[V]0.699[L]0.848[I]1.136;;1;1
220224;Y424;;;12892360;A;[B]6.975[V]15.177[F]1.068;;1;1
220224;Y425;;;12826820;A;[B]8.637[V]11.883[F]0.903;;1;1
220224;Y426;;;14276825;A;[B]2.257[V]0.543[I]1.267;;1;1
220224;Y427;;;15065307;A;[V]0.86[E]1.511[I]0.88;;1;1
220224;Y428;;;14671836;A;[B]2.017[V]0.2[I]0.596;;1;1
220224;Y429;;;14143942;A;[B]6.04[V]0.217[E]1.853;;1;1
220224;Y430;;;15260879;A;[B]1.139[V]1.463[E]2.7;;1;1
220224;Y431;;;13946306;A;[B]7.312[V]0.637[E]2.538;;1;1
220224;Y432;;;15328215;A;[B]1.238[V]0.538[E]1.216;;1;1
220224;Y433;;;15525079;A;[V]0.506[E]2.025[I]0.415;;1;1
220224;Y434;;;15457743;A;[B]0.619[V]1.418[E]2.8;;1;1
220224;Y435;;;15065300;A;[B]2.036[E]1.44;;1;1
220224;Y436;;;14209732;A;[B]6.392[E]1.739[D]1.223;;1;1
220224;Y437;;;14671052;A;[B]2.955[E]1.248[D]1.072;;1;1
220224;Y438;;;14013124;A;[B]6.767[E]0.597[D]2.251;;1;1
220224;Y439;;;14607580;A;[B]0.218[L]3.809[D]0.838;;1;1
220224;Y440;;;14540759;A;[B]1.897[L]2.806[D]0.764;;1;1
220224;Y441;;;13750203;A;[B]7.192[E]0.732[D]4.4;;1;1
220224;Y442;;;15461858;A;[B]0.6[C]0.2[D]0.432;;1;1
220224;Y443;;;14081224;A;[B]2.691[C]1.172[D]3.554;;1;1
220224;Y444;;;14343376;A;[B]3.48[C]0.374[D]1.04;;1;1
220224;Y445;;;14147284;A;[B]2.325[C]1.738[D]1.318;;1;1
220224;Y446;;;14214625;A;[B]1.13[C]2.322[D]0.4;;1;1
220224;Y447;;;14738908;A;[B]1.482[C]0.737[D]0.55;;1;1
220224;Y448;;;14673113;A;[B]1.583[C]0.658[D]0.646;;1;1
220224;Y449;;;13692140;A;[B]0.303[L]0.745[AXX]6.229;;1;1
220224;Y450;;;14477026;A;[B]1.134[C]1.654[D]0.217;;1;1
220224;Y451;;;13821412;A;[B]0.637[C]3.38[D]0.397;;1;1
220224;Y452;;;13361118;A;[B]1.443[C]5.074[D]0.523;;1;1
220224;Y453;;;11981012;A;[B]3.684[C]11.649[D]0.642;;1;1
220224;Y454;;;13952230;A;[B]0.56[C]2.706[L]1.631;;1;1
220224;Y455;;;13031642;A;[B]2.994[C]5.911[L]0.201;;1;1
220224;Y456;;;14412008;A;[B]0.582[C]1.825[L]0.952;;1;1
220224;Y457;;;11585483;A;[B]7.533[C]13.118[F]0.202;;1;1
220224;Y458;;;13688541;A;[B]2.137[C]3.182[I]0.201;;1;1
220224;Y459;;;13819871;A;[B]1.523[C]2.696[L]1.329;;1;1
220224;Y460;;;13754079;A;[B]1.823[C]3.358[R]0.413;;1;1
220224;Y461;;;13820393;A;[B]0.613[C]2.958[F]0.28;;1;1
220224;Y462;;;13359838;A;[B]1.985[C]4.006[F]0.316;;1;1
220224;Y463;;;12372949;A;[B]2.367[C]4.784[I]4.02;;1;1
220224;Y464;;;12766937;A;[B]1.209[C]2.918[I]3.993;;1;1
220224;Y465;;;13687263;A;[B]1.084[C]1.51[I]1.911;;1;1
220224;Y466;;;13359069;A;[B]1.176[C]2.523[I]2.177;;1;1
220224;Y467;;;12502988;A;[B]5.306[C]2.923[I]3.788;;1;1
220224;Y468;;;12503764;A;[B]3.983[C]3.59[F]1.426;;1;1
220224;Y469;;;12964317;A;[C]1.871[L]3.419[I]3.841;;1;1
220224;Y470;;;13753314;A;[C]1.2[L]2.922[I]1.637;;1;1
220224;Y471;;;13228255;A;[B]1.817[C]3.338[F]0.635;;1;1
220224;Y472;;;12766426;A;[C]1.078[L]3.328[I]5.725;;1;1
220224;Y473;;;14080733;A;[B]1.033[L]2.359[I]1.542;;1;1
220224;Y474;;;13291994;A;[B]1.163[C]0.432[I]3.926;;1;1
220224;Y475;;;12831190;A;[B]2.028[L]6.787[F]1.532;;1;1
220224;Y476;;;13487058;A;[B]3.486[L]6.402[R]4.28;;1;1
220224;Y477;;;14212321;A;[B]0.8[C]0.2[I]1.889;;1;1
220224;Y478;;;13290450;A;[B]4.712[V]0.9[F]1.317;;1;1
220224;Y479;;;12829123;A;[B]10.369[V]1[F]1.062;;1;1
220224;Y480;;;14607331;A;[B]1.208[C]0.668[F]0.26;;1;1
220224;Y481;;;14343901;A;[B]2.079[C]0.553[F]0.245;;1;1
220224;Y482;;;13555159;A;[B]3.313[C]1.753[F]0.526;;1;1
220224;Y483;;;13424088;A;[B]3.359[C]2.241[F]0.558;;1;1
220224;Y484;;;12832724;A;[B]3.906[C]4.102[F]0.619;;1;1
220224;Y485;;;13490138;A;[B]2.114[C]2.253[I]1.582;;1;1
220224;Y486;;;14344155;A;[B]2.212[C]0.881[I]0.2;;1;1
220224;Y487;;;12963790;A;[B]5.952[C]3.731[F]0.201;;1;1
