2312151304;[Default];W2 Фарбитекс ВДК Интерьерная NCS II;;;;;[lt]1;1;1
220224;S 0300-N;;;14342109;A;[B]0.212[AXX]0.332[R]0.212;;1;1
220224;S 0500-N;;;14013143;A;[B]0.244[L]0.566[I]0.262;;1;1
220224;S 0502-B;;;14078160;A;[B]0.212[E]0.869[L]0.972;;1;1
220224;S 0502-B50G;;;14078159;A;[B]0.84[D]0.53[AXX]0.28;;1;1
220224;S 0502-G;;;13816017;A;[B]0.984[D]0.424[AXX]0.487;;1;1
220224;S 0502-G50Y;;;13750996;A;[B]0.852[D]0.106[AXX]1.661;;1;1
220224;S 0502-R;;;13749975;A;[B]0.212[L]1.809[I]0.352;;1;1
220224;S 0502-R50B;;;13946322;A;[V]0.472[E]0.551[L]1.907;;1;1
220224;S 0502-Y;;;13488599;A;[C]1.04[L]1.136[D]0.253;;1;1
220224;S 0502-Y50R;;;13487575;A;[C]0.54[I]0.872[D]0.276;;1;1
220224;S 0505-B;;;14077128;A;[E]2.193[L]1.649;;1;1
220224;S 0505-B20G;;;14077898;A;[E]1.188[L]1.224[D]0.618;;1;1
220224;S 0505-B50G;;;13881034;A;[E]0.879[L]1.58[D]0.803;;1;1
220224;S 0505-B80G;;;14013391;A;[B]0.529[C]0.434[D]0.883;;1;1
220224;S 0505-G;;;13750735;A;[B]0.504[C]0.787[D]0.985;;1;1
220224;S 0505-G10Y;;;13750994;A;[C]0.775[I]0.328[D]0.973;;1;1
220224;S 0505-G20Y;;;13488335;A;[C]0.946[L]1.575[D]1.036;;1;1
220224;S 0505-G30Y;;;13357008;A;[B]0.586[C]1.317[D]0.718;;1;1
220224;S 0505-G40Y;;;13554901;A;[B]0.233[C]1.623[D]0.615;;1;1
220224;S 0505-G50Y;;;13358551;A;[L]1.271[D]0.371[AXX]2.177;;1;1
220224;S 0505-G60Y;;;13292502;A;[L]1.666[D]0.262[AXX]2.185;;1;1
220224;S 0505-G70Y;;;13226454;A;[B]0.243[C]2.329[D]0.436;;1;1
220224;S 0505-G80Y;;;13161175;A;[B]0.223[C]2.531[D]0.363;;1;1
220224;S 0505-G90Y;;;13161436;A;[L]1.598[AXX]2.82;;1;1
220224;S 0505-R;;;13552343;A;[L]2.092[I]0.46[F]0.212;;1;1
220224;S 0505-R10B;;;13551572;A;[V]0.661[E]0.776[F]0.602;;1;1
220224;S 0505-R20B;;;13682899;A;[B]0.614[V]0.88[I]0.898;;1;1
220224;S 0505-R30B;;;13880020;A;[V]1.239[E]0.212[L]2.283;;1;1
220224;S 0505-R40B;;;13879504;A;[V]1.209[E]0.784[I]0.808;;1;1
220224;S 0505-R50B;;;13945295;A;[V]1.155[E]0.876[L]2.489;;1;1
220224;S 0505-R60B;;;14273999;A;[V]0.714[E]0.797[L]1.174;;1;1
220224;S 0505-R70B;;;14077133;A;[B]1.435[V]0.212[E]0.456;;1;1
220224;S 0505-R80B;;;14076875;A;[V]0.301[E]1.959[F]0.222;;1;1
220224;S 0505-R90B;;;14142923;A;[V]0.4[E]1.632[L]1.357;;1;1
220224;S 0505-Y;;;13030108;A;[B]0.33[C]1.45[AXX]1.544;;1;1
220224;S 0505-Y10R;;;12898267;A;[B]0.339[C]2.68[AXX]0.784;;1;1
220224;S 0505-Y20R;;;12767197;A;[C]2.159[L]1.307[AXX]1.517;;1;1
220224;S 0505-Y30R;;;12701150;A;[C]2.703[I]0.607[AXX]0.994;;1;1
220224;S 0505-Y40R;;;12766429;A;[T]2.902[L]0.587[I]0.622;;1;1
220224;S 0505-Y50R;;;12634330;A;[C]2.7[L]2.509[F]0.253;;1;1
220224;S 0505-Y60R;;;13159389;A;[C]1.345[L]1.251[F]0.279;;1;1
220224;S 0505-Y70R;;;13027288;A;[C]0.508[L]2.025[F]0.395;;1;1
220224;S 0505-Y80R;;;13355738;A;[B]0.24[C]0.28[F]0.427;;1;1
220224;S 0505-Y90R;;;13355480;A;[C]0.621[L]3.133[R]0.901;;1;1
220224;S 0507-B;;;14274248;A;[E]2.221[L]1.152[D]0.127;;1;1
220224;S 0507-B20G;;;14143688;A;[E]1.416[L]1.071[D]0.897;;1;1
220224;S 0507-B80G;;;13947595;A;[B]0.538[C]0.277[D]1.48;;1;1
220224;S 0507-G;;;13685710;A;[B]0.228[C]0.811[D]1.312;;1;1
220224;S 0507-G40Y;;;13160914;A;[L]1.82[D]0.67[AXX]2.615;;1;1
220224;S 0507-G80Y;;;12767447;A;[B]0.65[L]0.494[AXX]4.976;;1;1
220224;S 0507-R;;;13420503;A;[V]0.42[E]0.437[F]0.643;;1;1
220224;S 0507-R20B;;;13682389;A;[B]0.335[V]1.8[I]0.699;;1;1
220224;S 0507-R40B;;;14010578;A;[V]1.709[E]0.624[I]0.426;;1;1
220224;S 0507-R60B;;;14273486;A;[B]0.594[V]1.116[E]0.788;;1;1
220224;S 0507-R80B;;;14273737;A;[B]0.604[V]0.489[E]1.667;;1;1
220224;S 0507-Y;;;12636381;A;[B]0.343[C]2.007[AXX]2.933;;1;1
220224;S 0507-Y20R;;;12373214;A;[B]0.281[C]5.133;;1;1
220224;S 0507-Y40R;;;12437725;A;[C]1.501[T]2.343[I]1.078;;1;1
220224;S 0507-Y60R;;;12765149;A;[C]2.245[L]1.07[F]0.528;;1;1
220224;S 0507-Y80R;;;13224156;A;[C]0.342[I]0.436[F]0.522;;1;1
220224;S 0510-B;;;13945023;A;[E]3.817[L]2.103[D]0.212;;1;1
220224;S 0510-B10G;;;13945791;A;[E]2.416[L]1.839[D]1.69;;1;1
220224;S 0510-B50G;;;13947077;A;[E]0.566[L]1.891[D]2.515;;1;1
220224;S 0510-B70G;;;13750467;A;[C]0.321[I]0.441[D]3.604;;1;1
220224;S 0510-B90G;;;13553863;A;[C]0.801[I]0.365[D]2.733;;1;1
220224;S 0510-G;;;13357513;A;[B]0.212[C]1.71[D]2.811;;1;1
220224;S 0510-G10Y;;;13292236;A;[C]1.809[D]2.123;;1;1
220224;S 0510-G20Y;;;13095116;A;[B]0.218[C]2.312[D]2.013;;1;1
220224;S 0510-G30Y;;;12832973;A;[C]3.629[D]2.116;;1;1
220224;S 0510-G40Y;;;12767954;A;[B]0.466[D]0.659[AXX]5.228;;1;1
220224;S 0510-G50Y;;;12635856;A;[I]0.598[D]1.098[AXX]5.076;;1;1
220224;S 0510-G60Y;;;12439506;A;[I]0.625[D]0.915[AXX]6.004;;1;1
220224;S 0510-G70Y;;;12243927;A;[B]0.492[D]0.213[AXX]7.809;;1;1
220224;S 0510-G80Y;;;12112087;A;[B]0.787[C]0.232[AXX]8.412;;1;1
220224;S 0510-G90Y;;;12243163;A;[B]0.489[C]1.625[AXX]6.216;;1;1
220224;S 0510-R;;;13025495;A;[B]0.447[V]0.951[F]1.197;;1;1
220224;S 0510-R10B;;;13353943;A;[B]0.314[V]1.434[F]0.728;;1;1
220224;S 0510-R20B;;;13353427;A;[V]2.078[E]0.619[F]0.699;;1;1
220224;S 0510-R30B;;;13681619;A;[V]2.561[E]0.6[F]0.347;;1;1
220224;S 0510-R40B;;;13944273;A;[V]2.655[E]0.537[L]1.929;;1;1
220224;S 0510-R50B;;;14075599;A;[B]1.242[V]2.043[E]0.28;;1;1
220224;S 0510-R60B;;;14075594;A;[B]0.777[V]1.909[E]1.335;;1;1
220224;S 0510-R70B;;;14141383;A;[B]1.125[V]1.089[E]1.86;;1;1
220224;S 0510-R80B;;;14076099;A;[B]0.758[V]0.623[E]2.586;;1;1
220224;S 0510-R90B;;;14207683;A;[B]0.526[V]0.212[E]2.726;;1;1
220224;S 0510-Y;;;11848408;A;[B]0.689[C]3.674[AXX]5.401;;1;1
220224;S 0510-Y10R;;;11652319;A;[C]5.222[L]0.64[AXX]4.668;;1;1
220224;S 0510-Y20R;;;11651295;A;[B]0.213[C]9.055;;1;1
220224;S 0510-Y30R;;;11912927;A;[B]0.286[T]6.892[R]1.282;;1;1
220224;S 0510-Y40R;;;11781087;A;[B]0.244[T]6.463[F]0.827;;1;1
220224;S 0510-Y50R;;;12240094;A;[C]4.008[AXX]0.212[F]0.688;;1;1
220224;S 0510-Y60R;;;12436703;A;[T]2.947[R]0.212[F]0.773;;1;1
220224;S 0510-Y70R;;;12370399;A;[T]3.809[I]0.57[R]3.068;;1;1
220224;S 0510-Y80R;;;12632542;A;[T]2.833[I]0.684[R]2.943;;1;1
220224;S 0510-Y90R;;;12829404;A;[T]1.491[I]0.928[R]2.541;;1;1
220224;S 0515-B;;;14010037;A;[E]5.896[L]1.572[D]1.074;;1;1
220224;S 0515-B20G;;;13813940;A;[B]0.807[E]3.276[D]3.846;;1;1
220224;S 0515-B50G;;;13683896;A;[E]1.75[L]1.62[D]4.396;;1;1
220224;S 0515-B80G;;;13290938;A;[B]0.602[C]0.855[D]5.745;;1;1
220224;S 0515-G;;;12963777;A;[C]2.298[D]4.6;;1;1
220224;S 0515-G20Y;;;12438468;A;[I]0.747[D]3.78[AXX]5.682;;1;1
220224;S 0515-G40Y;;;12177102;A;[C]3.032[D]2.034[AXX]4.456;;1;1
220224;S 0515-G60Y;;;11587025;A;[I]0.613[D]1.26[AXX]12.379;;1;1
220224;S 0515-G80Y;;;11390679;A;[L]2.334[D]0.348[AXX]14.078;;1;1
220224;S 0515-G90Y;;;11259100;A;[T]0.717[L]2.475[AXX]14.196;;1;1
220224;S 0515-R;;;12630487;A;[V]2.662[I]0.387[F]1.488;;1;1
220224;S 0515-R10B;;;12958677;A;[V]3.355[E]0.314[F]1.146;;1;1
220224;S 0515-R20B;;;13220819;A;[V]4.696[E]0.387[F]0.695;;1;1
220224;S 0515-R40B;;;13942992;A;[V]4.484[E]0.729[I]0.233;;1;1
220224;S 0515-R60B;;;14139588;A;[B]0.271[V]3.971[E]3.158;;1;1
220224;S 0515-R80B;;;14140089;A;[B]0.728[V]1.318[E]5.488;;1;1
220224;S 0515-R90B;;;14074807;A;[V]0.531[E]6.504[I]0.487;;1;1
220224;S 0515-Y;;;11193568;A;[T]4.612[L]1.479[AXX]9.21;;1;1
220224;S 0515-Y10R;;;10995680;A;[T]7.045[I]0.706[AXX]7.336;;1;1
220224;S 0515-Y20R;;;10798303;A;[C]12.624[I]0.214[AXX]3.306;;1;1
220224;S 0515-Y30R;;;10665439;A;[B]0.447[T]14.8[R]2.904;;1;1
220224;S 0515-Y40R;;;10927328;A;[T]10.639[I]0.357[F]1.138;;1;1
220224;S 0515-Y50R;;;11123423;A;[B]0.34[T]11.035[R]5.14;;1;1
220224;S 0515-Y60R;;;11451103;A;[T]7.98[I]0.855[R]4.774;;1;1
220224;S 0515-Y70R;;;11581661;A;[C]7.196[L]0.684[R]6.657;;1;1
220224;S 0515-Y80R;;;12106462;A;[T]2.419[R]2.657[F]1.278;;1;1
220224;S 0515-Y90R;;;12237018;A;[L]0.337[R]1.107[F]2.064;;1;1
220224;S 0520-B;;;14009517;A;[B]0.664[E]7.195[D]3.097;;1;1
220224;S 0520-B10G;;;13747368;A;[B]0.52[E]6.815[D]5.14;;1;1
220224;S 0520-B40G;;;13420202;A;[B]1.124[E]2.809[D]8.793;;1;1
220224;S 0520-B50G;;;13420973;A;[B]0.684[E]1.586[D]8.438;;1;1
220224;S 0520-B60G;;;13289901;A;[B]1.038[E]0.213[D]10.343;;1;1
220224;S 0520-B70G;;;13224877;A;[B]0.531[T]0.571[D]10.794;;1;1
220224;S 0520-B90G;;;12832180;A;[C]1.211[D]8.949[AXX]1.694;;1;1
220224;S 0520-G;;;12570040;A;[C]1.146[D]7.026[AXX]3.389;;1;1
220224;S 0520-G20Y;;;11979711;A;[C]3.039[D]5.704[AXX]5.34;;1;1
220224;S 0520-G30Y;;;11454914;A;[B]1.235[D]3.576[AXX]13.395;;1;1
220224;S 0520-G40Y;;;11127753;A;[C]3.123[D]3.113[AXX]12.928;;1;1
220224;S 0520-G50Y;;;11129040;A;[B]0.25[D]1.443[AXX]17.127;;1;1
220224;S 0520-G60Y;;;10734542;A;[I]0.729[D]1.892[AXX]20.878;;1;1
220224;S 0520-G70Y;;;10801623;A;[B]0.265[D]0.612[AXX]21.07;;1;1
220224;S 0520-G80Y;;;10538457;A;[B]0.785[AXX]24.837;;1;1
220224;S 0520-G90Y;;;10341081;A;[B]0.275[L]2.557[AXX]25.965;;1;1
220224;S 0520-R;;;11972825;A;[L]0.689[R]7.369[F]2.066;;1;1
220224;S 0520-R10B;;;12366292;A;[V]6.721[I]0.501[F]1.654;;1;1
220224;S 0520-R20B;;;12825810;A;[V]7.671[L]1.965[F]0.966;;1;1
220224;S 0520-R30B;;;13350867;A;[B]0.4[V]7.626[F]0.479;;1;1
220224;S 0520-R40B;;;13613005;A;[V]8.778[E]1.256[F]0.287;;1;1
220224;S 0520-R50B;;;13809861;A;[B]0.532[V]7.88[E]2.311;;1;1
220224;S 0520-R60B;;;14006974;A;[V]5.526[E]4.505;;1;1
220224;S 0520-R70B;;;14138551;A;[B]0.269[V]4.047[E]6.184;;1;1
220224;S 0520-R80B;;;14073521;A;[B]0.67[V]1.476[E]8.11;;1;1
220224;S 0520-R90B;;;14008237;A;[B]1.07[V]0.213[E]8.819;;1;1
220224;S 0520-Y;;;10406367;A;[C]5.23[L]1.463[AXX]18.78;;1;1
220224;S 0520-Y10R;;;10471137;A;[C]5.848[T]11.469[D]0.214;;1;1
220224;S 0520-Y20R;;;9879777;A;[T]23.6[I]1.217[AXX]0.214;;1;1
220224;S 0520-Y30R;;;10140128;A;[B]0.494[T]20.125[R]3.975;;1;1
220224;S 0520-Y40R;;;10139617;A;[C]8.501[T]11.659[R]5.093;;1;1
220224;S 0520-Y50R;;;10203614;A;[B]0.477[T]17.745[R]8.763;;1;1
220224;S 0520-Y60R;;;10662624;A;[B]0.341[T]14.631[R]9.574;;1;1
220224;S 0520-Y70R;;;10858460;A;[C]11.582[T]0.214[R]11.237;;1;1
220224;S 0520-Y80R;;;11383263;A;[B]0.229[T]7.155[R]10.816;;1;1
220224;S 0520-Y90R;;;11645404;A;[C]3.921[R]9.056[F]1.252;;1;1
220224;S 0525-R60B;;;13873846;A;[V]10.908[E]7.77;;1;1
220224;S 0525-R70B;;;14071472;A;[V]6.062[E]9.37;;1;1
220224;S 0530-B;;;13876117;A;[B]0.214[E]19.968[D]5.649;;1;1
220224;S 0530-B10G;;;13548689;A;[E]19.148[L]0.215[D]10.605;;1;1
220224;S 0530-B30G;;;13221777;A;[B]0.278[E]11.13[D]17;;1;1
220224;S 0530-B40G;;;13157012;A;[E]7.73[D]18.054;;1;1
220224;S 0530-B50G;;;13223319;A;[E]4.036[D]18.958;;1;1
220224;S 0530-B60G;;;12829847;A;[B]0.625[E]1.904[D]21.551;;1;1
220224;S 0530-B70G;;;12633496;A;[B]0.577[T]0.621[D]25.627;;1;1
220224;S 0530-B90G;;;12175775;A;[D]20.305[AXX]6.208;;1;1
220224;S 0530-G;;;11322529;A;[C]1.121[D]18.679[AXX]10.396;;1;1
220224;S 0530-G10Y;;;10929575;A;[B]0.339[D]15.841[AXX]17.361;;1;1
220224;S 0530-G20Y;;;10536365;A;[C]2.539[D]14.125[AXX]20.86;;1;1
220224;S 0530-G30Y;;;10077365;A;[C]4.352[D]10.778[AXX]25.878;;1;1
220224;S 0530-G40Y;;;9946817;A;[C]3.332[D]5.982[AXX]29.855;;1;1
220224;S 0530-G50Y;;;9488325;A;[B]0.854[D]3.714[AXX]44.416;;1;1
220224;S 0530-G60Y;;;9226187;A;[C]3.428[D]3.077[AXX]45.15;;1;1
220224;S 0530-G70Y;;;9359317;A;[D]1.222[AXX]46.553;;1;1
220224;S 0530-G80Y;;;9226712;A;[C]3.866[D]1.026[AXX]43.655;;1;1
220224;S 0530-G90Y;;;9161696;A;[L]1.867[AXX]51.686;;1;1
220224;S 0530-R;;;10920154;A;[T]1.908[R]22.296[F]2.701;;1;1
220224;S 0530-R10B;;;11641556;A;[V]9.57[R]11.915[F]2.003;;1;1
220224;S 0530-R20B;;;12429524;A;[V]11.215[R]8.032[F]0.692;;1;1
220224;S 0530-R30B;;;12559564;A;[V]22.099[E]0.694[F]1;;1;1
220224;S 0530-R40B;;;13216199;A;[V]20.171[E]1.924[L]0.559;;1;1
220224;S 0530-R50B;;;13543354;A;[V]22.495[E]6.477;;1;1
220224;S 0530-R80B;;;13939357;A;[B]0.502[V]3.92[E]20.894;;1;1
220224;S 0530-R90B;;;13874327;A;[B]1.544[V]0.956[E]24.677;;1;1
220224;S 0530-Y;;;8897761;A;[C]8.255[L]0.926[AXX]48.842;;1;1
220224;S 0530-Y10R;;;8830434;A;[C]16.617[T]13.858[AXX]17.805;;1;1
220224;S 0530-Y20R;;;8697825;A;[C]30.54[T]19.289[R]1.06;;1;1
220224;S 0530-Y30R;;;8564706;A;[C]7.055[T]39.985[R]7.202;;1;1
220224;S 0530-Y40R;;;8759779;A;[T]42.629[R]12.767;;1;1
220224;S 0530-Y50R;;;8955363;A;[T]38.102[R]18.058;;1;1
220224;S 0530-Y60R;;;9085405;A;[T]31.371[R]17.836[F]2.025;;1;1
220224;S 0530-Y70R;;;9675232;A;[T]23.72[R]26.551;;1;1
220224;S 0530-Y80R;;;10134239;A;[T]15.65[R]26.51;;1;1
220224;S 0530-Y90R;;;10527196;A;[B]0.294[T]10.603[R]27.32;;1;1
220224;S 0540-B;;;13348735;A;[B]0.217[E]42.241[D]11.031;;1;1
220224;S 0540-B10G;;;13350523;A;[E]36.057[D]21.471;;1;1
220224;S 0540-B30G;;;12892795;A;[E]22.732[D]35.007;;1;1
220224;S 0540-G;;;10666384;A;[D]37.58[AXX]19.219;;1;1
220224;S 0540-G10Y;;;10011034;A;[T]0.218[D]28.807[AXX]32.901;;1;1
220224;S 0540-G20Y;;;9487007;A;[D]24.372[AXX]45.062;;1;1
220224;S 0540-G30Y;;;8765095;A;[C]3.955[D]20.382[AXX]61.361;;1;1
220224;S 0540-G40Y;;;8569528;A;[C]3.196[D]10.119[AXX]66.173;;1;1
220224;S 0540-G50Y;;;8110270;A;[I]0.87[D]7.335[AXX]90.928;;1;1
220224;S 0540-G60Y;;;7915467;A;[B]0.355[D]3.697[AXX]92.857;;1;1
220224;S 0540-G70Y;;;7850449;A;[D]2.271[AXX]91.135;;1;1
220224;S 0540-G80Y;;;7587285;A;[B]0.738[D]0.975[AXX]108.45;;1;1
220224;S 0540-G90Y;;;7521759;A;[B]0.758[AXX]109.233;;1;1
220224;S 0540-R;;;9736148;A;[T]6.36[R]55.418[F]2.962;;1;1
220224;S 0540-R10B;;;10523089;A;[V]12.65[R]33.66[F]3.084;;1;1
220224;S 0540-R20B;;;11244749;A;[V]30.903[R]17.173[F]1.999;;1;1
220224;S 0540-R30B;;;12294094;A;[B]0.106[V]45.009[R]4.895;;1;1
220224;S 0540-R90B;;;13937796;A;[V]1.448[E]45.771;;1;1
220224;S 0540-Y;;;7783140;A;[T]18.893[L]1.683[AXX]68.717;;1;1
220224;S 0540-Y10R;;;7649768;A;[C]9.32[T]49.058[AXX]12.912;;1;1
220224;S 0540-Y20R;;;7385064;A;[C]6.602[T]73.455[R]4.24;;1;1
220224;S 0540-Y30R;;;7316964;A;[C]1.14[T]85.885[R]13.004;;1;1
220224;S 0540-Y40R;;;7314400;A;[C]11.629[T]79.49[R]24.853;;1;1
220224;S 0540-Y50R;;;7707103;A;[T]70.079[R]28.968[F]1.076;;1;1
220224;S 0540-Y60R;;;8033500;A;[T]60.277[R]40.983[F]1.549;;1;1
220224;S 0540-Y70R;;;8425948;A;[B]0.191[T]47.448[R]56.836;;1;1
220224;S 0540-Y80R;;;8818650;A;[C]5.756[T]26.48[R]62.294;;1;1
220224;S 0540-Y90R;;;9408727;A;[B]0.373[T]19.274[R]60.423;;1;1
220224;S 0550-G10Y;;;8829831;A;[D]59.056[AXX]69.736;;1;1
220224;S 0550-G20Y;;;8108177;A;[D]43.644[AXX]93.98;;1;1
220224;S 0550-G30Y;;;7518367;A;[C]1.761[D]27.929[AXX]128.839;;1;1
220224;S 0550-G40Y;;;7060656;A;[C]2.239[D]16.533[AXX]145.503;;1;1
220224;S 0550-G50Y;;;6667705;A;[B]0.666[D]11.591[AXX]181.042;;1;1
220224;S 0550-G60Y;;;6340805;A;[C]0.948[D]6.668[AXX]183.329;;1;1
220224;S 0550-G70Y;;;6276302;A;[D]3.465[AXX]183.304;;1;1
220224;S 0550-R;;;8485835;A;[T]4.876[R]113.071[F]8.484;;1;1
220224;S 0550-R10B;;;9338569;A;[V]25.612[R]77.228[F]5.153;;1;1
220224;S 0550-Y;;;6141919;A;[T]89.431[D]1.511[AXX]69.101;;1;1
220224;S 0550-Y10R;;;6271977;A;[B]0.367[C]0.87[T]125.274;;1;1
220224;S 0550-Y20R;;;6203107;A;[C]16.159[T]126.65[R]6.36;;1;1
220224;S 0550-Y30R;;;6134755;A;[C]5.03[T]149.48[R]21.805;;1;1
220224;S 0550-Y50R;;;6392796;A;[T]133.159[I]0.702[R]59.187;;1;1
220224;S 0550-Y60R;;;6850520;A;[T]112.526[R]75.849[F]1.861;;1;1
220224;S 0550-Y70R;;;7177691;A;[T]90.135[R]93.065;;1;1
220224;S 0550-Y80R;;;7700439;A;[C]3.282[T]55.925[R]128.266;;1;1
220224;S 0550-Y90R;;;8027599;A;[T]30.753[R]118.027[F]4.439;;1;1
220224;S 0603-G40Y;;;13553361;A;[C]0.357[L]3.357[D]0.625;;1;1
220224;S 0603-G80Y;;;13356755;A;[C]0.911[L]2.833[D]0.337;;1;1
220224;S 0603-R20B;;;13814483;A;[V]1.165[E]0.287[L]2.296;;1;1
220224;S 0603-R40B;;;13945553;A;[V]1.09[E]0.667[L]1.874;;1;1
220224;S 0603-R60B;;;14011086;A;[V]0.744[E]1.179[I]0.548;;1;1
220224;S 0603-R80B;;;14011597;A;[V]0.6[E]1.25[L]1.629;;1;1
220224;S 0603-Y20R;;;13094358;A;[B]0.679[C]2.072[L]0.881;;1;1
220224;S 0603-Y40R;;;13225174;A;[B]0.314[C]1.345[L]2.886;;1;1
220224;S 0603-Y60R;;;13355990;A;[C]0.493[L]2.033[I]0.697;;1;1
220224;S 0603-Y80R;;;13618132;A;[B]0.589[I]0.899;;1;1
220224;S 0804-B50G;;;13617607;A;[B]2.088[C]0.212[D]1.183;;1;1
220224;S 0804-G20Y;;;13092809;A;[B]2.086[C]1.516[D]1.063;;1;1
220224;S 0804-G60Y;;;12962253;A;[B]2.165[AXX]2.97;;1;1
220224;S 0804-G90Y;;;12765392;A;[L]5.811[D]0.462[AXX]2.754;;1;1
220224;S 0804-R10B;;;13419728;A;[V]0.612[E]1.209[F]0.665;;1;1
220224;S 0804-R30B;;;13550798;A;[V]1.125[E]1.531[F]0.548;;1;1
220224;S 0804-R50B;;;13813709;A;[B]1.712[V]1.15[E]0.212;;1;1
220224;S 0804-R70B;;;13813449;A;[B]1.853[V]0.778[E]0.807;;1;1
220224;S 0804-R90B;;;13748168;A;[V]0.683[E]2.113[L]3.104;;1;1
220224;S 0804-Y10R;;;12831187;A;[C]2.202[L]4.003[D]0.315;;1;1
220224;S 0804-Y30R;;;12699602;A;[B]1.105[C]3.058[I]0.628;;1;1
220224;S 0804-Y50R;;;12698834;A;[C]1.65[L]6.873[I]0.237;;1;1
220224;S 0804-Y70R;;;13092305;A;[B]0.296[L]5.164[F]0.306;;1;1
220224;S 0804-Y90R;;;13223120;A;[B]1.509[L]0.275[F]0.552;;1;1
220224;S 0907-B20G;;;13485246;A;[E]3.147[I]1.322[D]1.831;;1;1
220224;S 0907-B80G;;;13223617;A;[B]2.466[C]0.643[D]2.569;;1;1
220224;S 0907-G20Y;;;12698820;A;[B]2.384[C]2.664[D]2.091;;1;1
220224;S 0907-G60Y;;;12371659;A;[B]1.688[C]4.475[D]1.056;;1;1
220224;S 0907-G90Y;;;11977934;A;[B]1.736[C]6.253[D]0.618;;1;1
220224;S 0907-R10B;;;12958924;A;[V]1.449[E]1.816[F]1.224;;1;1
220224;S 0907-R30B;;;13352908;A;[B]2.137[V]2.162[F]0.31;;1;1
220224;S 0907-R50B;;;13483975;A;[V]2.19[E]2.713[F]0.517;;1;1
220224;S 0907-R70B;;;13615811;A;[B]2.289[V]1.377[E]1.884;;1;1
220224;S 0907-R90B;;;13550271;A;[V]0.926[E]3.995[L]3.919;;1;1
220224;S 0907-Y10R;;;11846609;A;[C]6.308[L]5.49[D]0.471;;1;1
220224;S 0907-Y30R;;;11780050;A;[B]1.602[T]5.614[F]0.628;;1;1
220224;S 0907-Y50R;;;11976145;A;[B]1.554[C]4.29[F]0.893;;1;1
220224;S 0907-Y70R;;;12238031;A;[C]0.767[L]8.737[F]0.886;;1;1
220224;S 0907-Y90R;;;12631502;A;[B]0.791[I]3.364[R]0.685;;1;1
220224;S 1000-N;;;13222857;A;[B]2.337[V]0.311[L]3.09;;1;1
220224;S 1002-B;;;13353667;A;[B]2.153[E]1.767[L]2.507;;1;1
220224;S 1002-B50G;;;13288389;A;[B]3.915[D]0.742[AXX]0.752;;1;1
220224;S 1002-G;;;13091525;A;[B]4.112[D]0.795[AXX]1.5;;1;1
220224;S 1002-G50Y;;;12960968;A;[B]3.397[D]0.212[AXX]2.314;;1;1
220224;S 1002-R;;;13091017;A;[B]2.979[L]0.212[I]0.981;;1;1
220224;S 1002-R50B;;;13287879;A;[B]3.843[V]0.506[E]0.212;;1;1
220224;S 1002-Y;;;12632264;A;[C]0.311[L]11.602[D]1.188;;1;1
220224;S 1002-Y50R;;;12763338;A;[B]3.032[C]1.718[F]0.212;;1;1
220224;S 1005-B;;;13287613;A;[B]2.189[E]2.715[L]2.777;;1;1
220224;S 1005-B20G;;;13156283;A;[B]4.622[L]0.213[D]2.995;;1;1
220224;S 1005-B50G;;;13157055;A;[E]3.197[L]7.425[D]0.842;;1;1
220224;S 1005-B80G;;;13025984;A;[B]3.955[C]1.002[D]2.196;;1;1
220224;S 1005-G;;;12829122;A;[B]3.463[C]1.668[D]1.552;;1;1
220224;S 1005-G10Y;;;12895171;A;[B]3.133[C]1.959[D]1.458;;1;1
220224;S 1005-G20Y;;;12632771;A;[B]3.112[C]2.516[D]1.842;;1;1
220224;S 1005-G30Y;;;12698309;A;[B]3.217[C]2.77[D]1.314;;1;1
220224;S 1005-G40Y;;;12567237;A;[B]3.046[C]2.777[D]0.994;;1;1
220224;S 1005-G50Y;;;12305094;A;[B]2.686[C]4.016[D]1.187;;1;1
220224;S 1005-G60Y;;;12501960;A;[B]2.838[C]3.664[D]0.734;;1;1
220224;S 1005-G70Y;;;12502218;A;[B]2.627[C]3.714[D]0.57;;1;1
220224;S 1005-G80Y;;;12436683;A;[B]2.576[C]3.906[D]0.3;;1;1
220224;S 1005-G90Y;;;12174028;A;[B]2.48[C]4.896[D]0.416;;1;1
220224;S 1005-R;;;12565191;A;[B]1.246[E]1.748[F]1.556;;1;1
220224;S 1005-R10B;;;12959178;A;[V]0.369[E]2.462[F]1.366;;1;1
220224;S 1005-R20B;;;12827335;A;[V]2.194[E]2.05[I]3.04;;1;1
220224;S 1005-R30B;;;13090248;A;[V]1.265[E]2.726[F]1.037;;1;1
220224;S 1005-R40B;;;13221318;A;[V]1.335[E]3.074[F]0.908;;1;1
220224;S 1005-R50B;;;13155780;A;[V]1.223[E]3.838[F]0.907;;1;1
220224;S 1005-R60B;;;13352899;A;[B]3.773[V]1.172[E]0.764;;1;1
220224;S 1005-R70B;;;13352897;A;[B]3.834[V]0.705[E]0.969;;1;1
220224;S 1005-R80B;;;13352897;A;[B]3.605[V]0.759[E]1.587;;1;1
220224;S 1005-R90B;;;13287101;A;[V]0.335[E]4.191[I]1.697;;1;1
220224;S 1005-Y;;;12108492;A;[B]2.408[C]5.479[D]0.213;;1;1
220224;S 1005-Y10R;;;12042443;A;[B]2.934[C]5.178[I]0.269;;1;1
220224;S 1005-Y20R;;;11779531;A;[B]2.775[C]6.441[I]0.838;;1;1
220224;S 1005-Y30R;;;11844811;A;[B]2.911[C]5.205[F]0.492;;1;1
220224;S 1005-Y40R;;;12041676;A;[C]2.557[L]13.702[I]0.214;;1;1
220224;S 1005-Y50R;;;12041420;A;[T]2.106[L]11.565[I]1.02;;1;1
220224;S 1005-Y60R;;;12172235;A;[C]1.113[L]9.413[I]2.249;;1;1
220224;S 1005-Y70R;;;12237514;A;[B]0.213[L]15.15[F]0.458;;1;1
220224;S 1005-Y80R;;;12368585;A;[B]2.939[C]0.831[F]1.076;;1;1
220224;S 1005-Y90R;;;12565450;A;[B]1.817[I]3.664;;1;1
220224;S 1010-B;;;13155506;A;[B]4.371[E]3.94[D]2.078;;1;1
220224;S 1010-B10G;;;13090228;A;[B]4.579[E]2.225[D]2.858;;1;1
220224;S 1010-B30G;;;13156275;A;[B]3.939[E]1.696[D]4.299;;1;1
220224;S 1010-B50G;;;12959924;A;[B]4.19[C]0.213[D]5.237;;1;1
220224;S 1010-B70G;;;12894134;A;[B]2.321[L]5.42[D]5.66;;1;1
220224;S 1010-B90G;;;12698041;A;[B]3.286[C]2.144[D]4.586;;1;1
220224;S 1010-G;;;12369847;A;[B]3.735[C]2.903[D]5.324;;1;1
220224;S 1010-G10Y;;;12173240;A;[B]4.317[D]4.055[AXX]5.749;;1;1
220224;S 1010-G20Y;;;12107964;A;[B]2.91[C]5.444[D]4.173;;1;1
220224;S 1010-G30Y;;;11911360;A;[B]2.315[C]6.048[D]3.315;;1;1
220224;S 1010-G40Y;;;11714754;A;[B]2.628[C]7.784[D]2.887;;1;1
220224;S 1010-G50Y;;;11649476;A;[B]3.707[D]0.986[AXX]10.575;;1;1
220224;S 1010-G60Y;;;11518150;A;[C]7.268[L]6.452[D]2.73;;1;1
220224;S 1010-G70Y;;;11321287;A;[B]2.159[C]9.75[D]2.095;;1;1
220224;S 1010-G80Y;;;11256009;A;[B]3.662[C]1.781[AXX]11.937;;1;1
220224;S 1010-G90Y;;;11124683;A;[B]1.744[C]11.818[D]1.612;;1;1
220224;S 1010-R;;;11973062;A;[V]0.972[E]3.287[F]2.869;;1;1
220224;S 1010-R10B;;;12367048;A;[V]2.761[E]2.697[F]1.98;;1;1
220224;S 1010-R20B;;;12563654;A;[V]3.992[E]2.781[F]1.598;;1;1
220224;S 1010-R30B;;;12957897;A;[V]4.139[E]2.316[F]1.178;;1;1
220224;S 1010-R40B;;;13088964;A;[V]5.858[E]2.068[L]6.996;;1;1
220224;S 1010-R50B;;;13154497;A;[V]3.785[E]4.429[F]0.885;;1;1
220224;S 1010-R60B;;;13220029;A;[B]4.199[V]3.568[E]1.983;;1;1
220224;S 1010-R70B;;;13286074;A;[B]4.162[V]2.524[E]3.081;;1;1
220224;S 1010-R80B;;;13286327;A;[B]4.281[V]0.882[E]4.303;;1;1
220224;S 1010-R90B;;;13286324;A;[B]3.675[V]0.213[E]5.224;;1;1
220224;S 1010-Y;;;10927821;A;[B]2.142[C]12.979[D]0.605;;1;1
220224;S 1010-Y10R;;;10861773;A;[C]11.817[L]8.642[D]0.777;;1;1
220224;S 1010-Y20R;;;10795726;A;[B]2.031[C]13.457[I]1.132;;1;1
220224;S 1010-Y30R;;;10926286;A;[B]1.919[C]10.659[F]0.987;;1;1
220224;S 1010-Y40R;;;10925775;A;[B]2.547[T]9.716[F]1.483;;1;1
220224;S 1010-Y50R;;;10991055;A;[B]1.809[C]8.158[F]1.855;;1;1
220224;S 1010-Y60R;;;11252941;A;[C]3.872[L]10.138[F]1.844;;1;1
220224;S 1010-Y70R;;;11383758;A;[B]1.993[C]3.814[F]2.643;;1;1
220224;S 1010-Y80R;;;11777228;A;[L]11.047[F]1.948;;1;1
220224;S 1010-Y90R;;;12105421;A;[B]1.921[C]0.212[F]2.239;;1;1
220224;S 1015-B;;;13286058;A;[B]3.858[E]7.515[D]2.421;;1;1
220224;S 1015-B20G;;;13089960;A;[B]3.786[E]4.333[D]6.979;;1;1
220224;S 1015-B50G;;;12893868;A;[E]3.434[I]2.124[D]8.761;;1;1
220224;S 1015-B80G;;;12501166;A;[B]3.235[C]2.086[D]9.659;;1;1
220224;S 1015-G;;;11976625;A;[B]2.455[C]5.006[D]9.045;;1;1
220224;S 1015-G20Y;;;11517622;A;[C]7.13[L]5.897[D]8.233;;1;1
220224;S 1015-G40Y;;;11189951;A;[B]1.6[C]11.016[D]5.214;;1;1
220224;S 1015-G60Y;;;10797253;A;[B]0.497[C]14.267[D]4.32;;1;1
220224;S 1015-G80Y;;;10534858;A;[B]3.67[C]1.304[AXX]21.418;;1;1
220224;S 1015-G90Y;;;10403790;A;[B]2.732[C]5.611[AXX]17.948;;1;1
220224;S 1015-R;;;11643850;A;[B]2.458[V]4.352[F]3.117;;1;1
220224;S 1015-R10B;;;12037577;A;[V]5.881[E]2.195[F]2.667;;1;1
220224;S 1015-R20B;;;12365511;A;[V]8.548[E]0.856[I]4.269;;1;1
220224;S 1015-R40B;;;13022146;A;[V]7.716[E]3.54[F]0.87;;1;1
220224;S 1015-R60B;;;13416121;A;[B]2.362[V]6.036[E]4.375;;1;1
220224;S 1015-R80B;;;13482415;A;[B]2.929[V]2.044[E]7.93;;1;1
220224;S 1015-R90B;;;13351084;A;[B]4.061[V]0.314[E]9.038;;1;1
220224;S 1015-Y;;;10337743;A;[B]0.647[C]19.085[D]1.565;;1;1
220224;S 1015-Y10R;;;10271697;A;[B]1.373[C]20.104[D]0.321;;1;1
220224;S 1015-Y20R;;;10074323;A;[C]21.053[L]6.982;;1;1
220224;S 1015-Y30R;;;10139091;A;[B]0.964[C]19.011[F]1.294;;1;1
220224;S 1015-Y40R;;;10203601;A;[C]15.696[L]6.046[F]1.711;;1;1
220224;S 1015-Y50R;;;10465233;A;[B]1.06[C]11.832[F]2.962;;1;1
220224;S 1015-Y60R;;;10661840;A;[B]1.032[C]7.692[F]3.399;;1;1
220224;S 1015-Y70R;;;10857935;A;[C]3.955[L]7.487[F]3.58;;1;1
220224;S 1015-Y80R;;;11119822;A;[C]0.435[L]7.337[F]3.994;;1;1
220224;S 1015-Y90R;;;11316172;A;[B]1.946[R]2.048[F]3.883;;1;1
220224;S 1020-B;;;13219743;A;[B]3.62[E]13.201[D]3.575;;1;1
220224;S 1020-B10G;;;13023131;A;[B]3.557[E]11.548[D]8.551;;1;1
220224;S 1020-B30G;;;12827036;A;[B]3.975[E]6.653[D]12.526;;1;1
220224;S 1020-B40G;;;12762015;A;[B]3.92[E]3.854[D]13.338;;1;1
220224;S 1020-B50G;;;12499612;A;[B]5.396[E]1.922[D]16.405;;1;1
220224;S 1020-B60G;;;12631458;A;[B]4.165[D]16.117;;1;1
220224;S 1020-B70G;;;12369055;A;[B]3.685[T]1.052[D]18.379;;1;1
220224;S 1020-B90G;;;11910308;A;[B]2.571[C]4.642[D]16.546;;1;1
220224;S 1020-G;;;11385764;A;[B]2.351[C]7.896[D]17.02;;1;1
220224;S 1020-G10Y;;;11189674;A;[B]0.937[C]10.247[D]15.456;;1;1
220224;S 1020-G20Y;;;10861742;A;[B]0.731[C]13.379[D]14.062;;1;1
220224;S 1020-G30Y;;;10665139;A;[B]4.818[D]7.017[AXX]21.624;;1;1
220224;S 1020-G40Y;;;10139831;A;[B]0.889[C]21.182[D]10.165;;1;1
220224;S 1020-G50Y;;;10272705;A;[B]3.763[D]2.756[AXX]28.254;;1;1
220224;S 1020-G60Y;;;9944514;A;[I]3.128[D]4.43[AXX]31.029;;1;1
220224;S 1020-G70Y;;;9944774;A;[C]16.354[D]4.694[AXX]9.516;;1;1
220224;S 1020-G80Y;;;9682120;A;[B]4.662[C]1.413[AXX]39.451;;1;1
220224;S 1020-G90Y;;;9813967;A;[B]0.808[L]8.917[AXX]34.943;;1;1
220224;S 1020-R;;;11183308;A;[B]1.068[V]9.481[F]4.713;;1;1
220224;S 1020-R10B;;;11445447;A;[V]10.447[E]1.983[F]3.598;;1;1
220224;S 1020-R20B;;;11970246;A;[V]14.069[E]2.317[F]2.516;;1;1
220224;S 1020-R30B;;;12232388;A;[B]3.198[V]15.794[F]1.218;;1;1
220224;S 1020-R40B;;;12691646;A;[B]5.665[V]14.981;;1;1
220224;S 1020-R50B;;;13020344;A;[B]3.351[V]12.837[E]3.939;;1;1
220224;S 1020-R60B;;;13414323;A;[B]1.356[V]10.281[E]7.321;;1;1
220224;S 1020-R70B;;;13480363;A;[B]1.981[V]7.514[E]11.031;;1;1
220224;S 1020-R80B;;;13152677;A;[B]3.632[V]3.621[E]12.936;;1;1
220224;S 1020-R90B;;;13415841;A;[B]3.69[V]0.607[E]15.87;;1;1
220224;S 1020-Y;;;9616335;A;[B]1.072[I]3.151[AXX]38.92;;1;1
220224;S 1020-Y10R;;;9483727;A;[B]1.578[C]32.037[D]0.607;;1;1
220224;S 1020-Y20R;;;9351632;A;[C]31.793[I]2.967[D]0.634;;1;1
220224;S 1020-Y30R;;;9285331;A;[B]1.382[T]28.41[F]2.591;;1;1
220224;S 1020-Y40R;;;9284050;A;[B]0.429[C]28.05[F]3.792;;1;1
220224;S 1020-Y50R;;;9677012;A;[B]0.528[T]17.242[F]4.72;;1;1
220224;S 1020-Y60R;;;9675724;A;[C]13.119[L]4.601[F]5.595;;1;1
220224;S 1020-Y70R;;;10134735;A;[C]6.733[L]2.719[F]6.403;;1;1
220224;S 1020-Y80R;;;10331340;A;[C]1.364[L]5.225[F]6.421;;1;1
220224;S 1020-Y90R;;;10724556;A;[B]1.771[R]5.146[F]5.512;;1;1
220224;S 1030-B;;;12955018;A;[B]3.391[E]30.07[D]7.685;;1;1
220224;S 1030-B10G;;;12824453;A;[B]2.349[E]28.524[D]15.071;;1;1
220224;S 1030-B30G;;;12366213;A;[B]3.669[E]16.96[D]24.653;;1;1
220224;S 1030-B40G;;;12367496;A;[B]2.854[E]11.363[D]28.557;;1;1
220224;S 1030-B50G;;;12105097;A;[E]11.516[L]7.626[D]29.814;;1;1
220224;S 1030-B60G;;;12106124;A;[B]3.678[E]2.169[D]34.414;;1;1
220224;S 1030-B70G;;;11975312;A;[B]4.067[D]33.579[AXX]1.532;;1;1
220224;S 1030-B90G;;;11254163;A;[B]1.16[C]7.55[D]35.011;;1;1
220224;S 1030-G;;;10532501;A;[B]0.535[C]14.395[D]35.927;;1;1
220224;S 1030-G10Y;;;10073497;A;[B]1.733[T]18.791[D]33.2;;1;1
220224;S 1030-G20Y;;;9680287;A;[C]18.571[D]27.309[AXX]12.421;;1;1
220224;S 1030-G30Y;;;9286819;A;[B]6.844[D]16.27[AXX]48.466;;1;1
220224;S 1030-G40Y;;;9024686;A;[C]27.388[D]16.585[AXX]20.003;;1;1
220224;S 1030-G50Y;;;8763318;A;[B]5.18[D]6.371[AXX]67.562;;1;1
220224;S 1030-G60Y;;;8566974;A;[C]23.749[D]8.398[AXX]40.631;;1;1
220224;S 1030-G70Y;;;8501698;A;[B]4.807[D]1.914[AXX]76.553;;1;1
220224;S 1030-G80Y;;;8305095;A;[B]4.774[D]0.22[AXX]82.748;;1;1
220224;S 1030-G90Y;;;8370636;A;[L]14.223[D]0.676[AXX]76.104;;1;1
220224;S 1030-R;;;10196168;A;[V]22.504[F]8.216;;1;1
220224;S 1030-R10B;;;10655430;A;[V]24.942[E]0.939[F]5.993;;1;1
220224;S 1030-R20B;;;11048642;A;[V]32.001[I]6.29[F]1.451;;1;1
220224;S 1030-R30B;;;11770562;A;[B]3.199[V]31.788[F]1.531;;1;1
220224;S 1030-R40B;;;12295097;A;[V]33.32[E]4.88[F]0.815;;1;1
220224;S 1030-R50B;;;12754610;A;[B]1.935[V]29.861[E]7.142;;1;1
220224;S 1030-R60B;;;13345702;A;[V]22.073[E]15.956;;1;1
220224;S 1030-R70B;;;13411996;A;[B]0.216[V]15.707[E]22.33;;1;1
220224;S 1030-R80B;;;13412501;A;[B]1.252[V]9.615[E]27.997;;1;1
220224;S 1030-R90B;;;13150864;A;[B]5.063[V]2.783[E]31.713;;1;1
220224;S 1030-Y;;;8106701;A;[B]3.472[C]26.734[AXX]54.637;;1;1
220224;S 1030-Y10R;;;8105424;A;[C]62.628[D]1.354[AXX]6.178;;1;1
220224;S 1030-Y20R;;;8170711;A;[C]64.654[I]0.265[F]0.795;;1;1
220224;S 1030-Y30R;;;8103380;A;[C]66.786[T]0.969[R]8.649;;1;1
220224;S 1030-Y40R;;;8233173;A;[C]61.008[T]4.436[R]17.436;;1;1
220224;S 1030-Y50R;;;8428501;A;[T]48.936[I]3.303[R]26.024;;1;1
220224;S 1030-Y60R;;;8624336;A;[T]40.736[I]4.617[R]31.357;;1;1
220224;S 1030-Y70R;;;8951759;A;[T]19.416[R]10.908[F]9.024;;1;1
220224;S 1030-Y80R;;;9081546;A;[C]5.92[R]12.283[F]13.033;;1;1
220224;S 1030-Y90R;;;9540296;A;[L]8.421[R]21.645[F]9.517;;1;1
220224;S 1040-B;;;12756082;A;[B]1.879[E]63.253[D]13.086;;1;1
220224;S 1040-B10G;;;12560750;A;[B]0.22[E]52.823[D]26.467;;1;1
220224;S 1040-B20G;;;12430705;A;[B]0.67[E]39.395[D]33.227;;1;1
220224;S 1040-B30G;;;12102767;A;[B]1.114[E]34.98[D]43.315;;1;1
220224;S 1040-B40G;;;11906668;A;[B]0.438[E]30.174[D]53.588;;1;1
220224;S 1040-B50G;;;11710575;A;[B]1.407[E]19.701[D]58.625;;1;1
220224;S 1040-B60G;;;11580020;A;[B]1.916[E]11.493[D]64.773;;1;1
220224;S 1040-B70G;;;11252083;A;[B]3.935[E]1.378[D]76.348;;1;1
220224;S 1040-B80G;;;10991226;A;[B]0.669[C]4.497[D]72.092;;1;1
220224;S 1040-B90G;;;10532221;A;[B]2.273[D]63.937[AXX]13.652;;1;1
220224;S 1040-G;;;9810306;A;[C]11.718[D]67.13[AXX]12.526;;1;1
220224;S 1040-G10Y;;;9286283;A;[C]12.355[D]54.297[AXX]31.591;;1;1
220224;S 1040-G20Y;;;8564883;A;[C]15.292[D]42.362[AXX]50.881;;1;1
220224;S 1040-G30Y;;;8303517;A;[I]3.303[D]28.567[AXX]84.352;;1;1
220224;S 1040-G40Y;;;7778471;A;[C]29.235[D]24.271[AXX]75.381;;1;1
220224;S 1040-G50Y;;;7451311;A;[B]6.052[D]10.345[AXX]128.769;;1;1
220224;S 1040-G60Y;;;7058358;A;[B]5.848[D]6.784[AXX]149.017;;1;1
220224;S 1040-G70Y;;;6927807;A;[B]5.376[D]3.834[AXX]160.101;;1;1
220224;S 1040-G80Y;;;6862790;A;[B]4.296[D]1.48[AXX]166.557;;1;1
220224;S 1040-G90Y;;;7058891;A;[B]4.645[C]6.615[AXX]145.44;;1;1
220224;S 1040-R;;;9077958;A;[V]22.353[R]34.249[F]11.383;;1;1
220224;S 1040-R10B;;;9536704;A;[B]0.214[V]63.862[F]11.297;;1;1
220224;S 1040-R20B;;;10455236;A;[V]69.294[L]0.219[F]5.178;;1;1
220224;S 1040-R30B;;;11176125;A;[V]75.309[E]2.618[F]1.798;;1;1
220224;S 1040-R40B;;;12226487;A;[V]67.593[E]5.558;;1;1
220224;S 1040-R80B;;;13410180;A;[V]14.298[E]52.635;;1;1
220224;S 1040-R90B;;;13082748;A;[B]3.462[V]4.805[E]65.312;;1;1
220224;S 1040-Y;;;7124180;A;[B]1.782[C]27.475[AXX]104.179;;1;1
220224;S 1040-Y10R;;;6794200;A;[C]71.549[T]2.978[AXX]65.478;;1;1
220224;S 1040-Y20R;;;6792407;A;[C]79.457[T]43.314[F]1.378;;1;1
220224;S 1040-Y30R;;;6921431;A;[C]55.599[T]61.839[R]18.88;;1;1
220224;S 1040-Y40R;;;6919121;A;[C]91.582[T]32.096[R]33.001;;1;1
220224;S 1040-Y50R;;;7180757;A;[T]90.208[R]31.297[F]5.749;;1;1
220224;S 1040-Y60R;;;7507409;A;[T]75.117[I]3.85[R]56.229;;1;1
220224;S 1040-Y70R;;;7636941;A;[T]51.985[R]52.05[F]10.565;;1;1
220224;S 1040-Y80R;;;8094923;A;[T]28.479[R]62.57[F]10.666;;1;1
220224;S 1040-Y90R;;;8685514;A;[C]14.511[R]57.992[F]9.403;;1;1
220224;S 1050-B;;;12622937;A;[E]121.189[D]22.74;;1;1
220224;S 1050-B40G;;;11512144;A;[E]48.339[D]109.17;;1;1
220224;S 1050-B50G;;;11184976;A;[E]36.742[D]136.138;;1;1
220224;S 1050-B60G;;;11054676;A;[E]18.41[D]124.3;;1;1
220224;S 1050-B70G;;;10727509;A;[E]4.77[D]133.136;;1;1
220224;S 1050-B80G;;;10334046;A;[I]0.227[D]138.187[AXX]6.731;;1;1
220224;S 1050-B90G;;;9612387;A;[B]0.376[D]131.694[AXX]22.706;;1;1
220224;S 1050-G;;;8892011;A;[D]113.098[AXX]47.342;;1;1
220224;S 1050-G10Y;;;8170620;A;[C]6.358[D]87.465[AXX]78.304;;1;1
220224;S 1050-G20Y;;;7515015;A;[B]4.334[D]64.681[AXX]128.806;;1;1
220224;S 1050-R;;;7959488;A;[V]24.377[R]105.477[F]19.489;;1;1
220224;S 1050-R10B;;;8680896;A;[V]56.529[R]85.122[F]9.881;;1;1
220224;S 1050-R20B;;;9467066;A;[V]124.648[R]24.235[F]5.692;;1;1
220224;S 1050-R30B;;;10516154;A;[V]166.768[E]0.748[F]0.701;;1;1
220224;S 1050-R90B;;;13277538;A;[V]0.753[E]128.014;;1;1
220224;S 1050-Y10R;;;5547479;A;[C]55.586[T]139.203[D]1.544;;1;1
220224;S 1500-N;;;12433341;A;[B]7.278[C]0.933[F]0.308;;1;1
220224;S 1502-B;;;12564151;A;[B]8.786[C]0.337[D]1.203;;1;1
220224;S 1502-B50G;;;12564408;A;[B]8.325[D]1.06[AXX]1.177;;1;1
220224;S 1502-G;;;12236471;A;[B]9.394[D]0.742[AXX]2.494;;1;1
220224;S 1502-G50Y;;;12236732;A;[B]8.421[AXX]3.864;;1;1
220224;S 1502-R;;;12235964;A;[B]7.314[C]0.572[I]1.935;;1;1
220224;S 1502-R50B;;;12563899;A;[B]8.64[V]0.5[F]0.24;;1;1
220224;S 1502-Y;;;11974333;A;[B]7.84[C]4.105[L]0.213;;1;1
220224;S 1502-Y50R;;;11973822;A;[B]7.264[C]2.704[F]0.466;;1;1
220224;S 1505-G80Y;;;11581374;A;[B]6.462[C]6.615[D]0.789;;1;1
220224;S 1505-G90Y;;;11450303;A;[B]6.7[C]7.356[D]0.386;;1;1
220224;S 1505-Y;;;11384769;A;[B]5.81[C]7.634[L]1.731;;1;1
220224;S 1505-Y10R;;;11384513;A;[B]5.899[C]7.638[I]0.798;;1;1
220224;S 1505-Y20R;;;11384515;A;[B]5.496[C]7.238[I]1.176;;1;1
220224;S 1505-Y30R;;;11318468;A;[B]5.396[C]6.873[F]0.859;;1;1
220224;S 1505-Y40R;;;11252418;A;[B]6.435[C]6.891[F]0.965;;1;1
220224;S 1505-Y50R;;;11383490;A;[B]6.078[C]5.159[F]1.246;;1;1
220224;S 1505-Y60R;;;11514305;A;[B]0.242[L]28.886[R]1.046;;1;1
220224;S 1505-Y70R;;;11776704;A;[B]3.215[L]16.203[F]0.793;;1;1
220224;S 1505-Y80R;;;11776448;A;[B]4.142[L]2.878[I]4.847;;1;1
220224;S 1505-Y90R;;;11907262;A;[B]6.66[I]1.67[F]1.145;;1;1
220224;S 1510-B;;;12563112;A;[B]8.977[E]5.461[D]2.318;;1;1
220224;S 1510-B20G;;;12366759;A;[B]9.344[E]2.537[D]6.274;;1;1
220224;S 1510-B50G;;;12235944;A;[E]8.072[L]17.547[D]4.278;;1;1
220224;S 1510-B80G;;;12039851;A;[B]8.015[C]2.247[D]7.92;;1;1
220224;S 1510-G;;;11711917;A;[B]7.556[C]4.824[D]7.401;;1;1
220224;S 1510-G20Y;;;11318448;A;[B]7.277[C]7.462[D]6.67;;1;1
220224;S 1510-G40Y;;;11056566;A;[B]6.436[C]10.223[D]4.375;;1;1
220224;S 1510-G60Y;;;10794426;A;[B]5.924[C]12.776[D]3.17;;1;1
220224;S 1510-G80Y;;;10663615;A;[B]4.861[C]14.755[D]2.143;;1;1
220224;S 1510-G90Y;;;10532032;A;[B]5.381[C]16.083[D]1.704;;1;1
220224;S 1510-R;;;11446718;A;[V]3.845[E]2.609[I]9.544;;1;1
220224;S 1510-R10B;;;11709118;A;[B]6.557[V]4.729[F]2.148;;1;1
220224;S 1510-R20B;;;11971517;A;[B]6.406[V]6.654[F]1.465;;1;1
220224;S 1510-R40B;;;12364984;A;[V]6.476[E]7.272[F]1.947;;1;1
220224;S 1510-R60B;;;12693427;A;[B]7.7[V]4.978[E]3.062;;1;1
220224;S 1510-R80B;;;12759468;A;[B]8.103[V]1.788[E]6.384;;1;1
220224;S 1510-R90B;;;12628394;A;[B]9.35[E]6.898;;1;1
220224;S 1510-Y;;;10466498;A;[B]5.735[C]16.94[D]0.424;;1;1
220224;S 1510-Y10R;;;10334915;A;[B]5.467[C]17.583[I]0.863;;1;1
220224;S 1510-Y20R;;;10268869;A;[B]4.74[C]17.825[I]2.243;;1;1
220224;S 1510-Y30R;;;10202821;A;[B]4.84[C]15.905[F]1.635;;1;1
220224;S 1510-Y40R;;;10333382;A;[B]4.915[C]13.863[F]2.128;;1;1
220224;S 1510-Y50R;;;10464197;A;[B]4.659[C]10.331[F]2.847;;1;1
220224;S 1510-Y60R;;;10660546;A;[C]6.747[L]26.412[R]6.367;;1;1
220224;S 1510-Y70R;;;10791362;A;[C]0.681[L]27.712[F]2.589;;1;1
220224;S 1510-Y80R;;;10987969;A;[B]1.256[C]0.213[I]12.384;;1;1
220224;S 1510-Y90R;;;11118527;A;[B]6.718[F]4.079;;1;1
220224;S 1515-B;;;12562334;A;[B]8.599[E]11.056[D]3.741;;1;1
220224;S 1515-B20G;;;12366237;A;[B]8.947[E]6.448[D]9.858;;1;1
220224;S 1515-B50G;;;12104606;A;[B]9.635[D]14.148;;1;1
220224;S 1515-B80G;;;11711649;A;[B]8.033[C]3.237[D]15.092;;1;1
220224;S 1515-G;;;11187108;A;[B]6.877[C]7.801[D]14.753;;1;1
220224;S 1515-G20Y;;;10793642;A;[B]6.45[C]11.962[D]11.562;;1;1
220224;S 1515-G40Y;;;10269105;A;[C]15.445[I]4.356[D]11.468;;1;1
220224;S 1515-G60Y;;;10073016;A;[B]4.298[C]21.483[D]5.718;;1;1
220224;S 1515-G90Y;;;9679553;A;[B]3.845[C]28.053[D]3.096;;1;1
220224;S 1515-R;;;10986176;A;[B]5.713[V]6.37[F]4.633;;1;1
220224;S 1515-R10B;;;11248317;A;[V]8.618[E]5.474[F]4.517;;1;1
220224;S 1515-R20B;;;11576251;A;[V]13.297[E]3.078[I]7.92;;1;1
220224;S 1515-R40B;;;12298167;A;[B]8.87[V]12.911[I]0.42;;1;1
220224;S 1515-R60B;;;12757934;A;[B]6.519[V]9.197[E]6.326;;1;1
220224;S 1515-R80B;;;12758435;A;[B]7.739[V]3.26[E]12.167;;1;1
220224;S 1515-R90B;;;12627360;A;[B]9.064[V]0.746[E]13.26;;1;1
220224;S 1515-Y;;;9614020;A;[I]7.316[D]2.22[AXX]32.789;;1;1
220224;S 1515-Y10R;;;9613253;A;[C]25.975[I]4.797[D]2.713;;1;1
220224;S 1515-Y20R;;;9415879;A;[C]28.208[I]5.782[D]1.772;;1;1
220224;S 1515-Y30R;;;9480648;A;[B]3.731[C]26.629[F]2.491;;1;1
220224;S 1515-Y40R;;;9545671;A;[C]20.793[I]10.364[F]0.215;;1;1
220224;S 1515-Y50R;;;9675718;A;[B]4.102[C]16.075[F]5.142;;1;1
220224;S 1515-Y60R;;;9937861;A;[L]17.766[AXX]10.063[F]5.392;;1;1
220224;S 1515-Y70R;;;10068419;A;[B]4.65[C]6.434[F]6.385;;1;1
220224;S 1515-Y80R;;;10396355;A;[L]0.213[I]12.463[F]2.679;;1;1
220224;S 1515-Y90R;;;10592705;A;[L]29.576[R]9.988[F]2.231;;1;1
220224;S 1550-R80B;;;12815461;A;[V]26.586[E]156.997;;1;1
220224;S 2000-N;;;11709875;A;[B]13.322[C]2.804[R]1.499;;1;1
220224;S 2002-B;;;11774892;A;[B]16.295[C]0.824[D]1.23;;1;1
220224;S 2002-B50G;;;11840941;A;[B]14.701[D]1.272[AXX]1.861;;1;1
220224;S 2002-G;;;11512749;A;[B]16.699[D]0.424[AXX]3.94;;1;1
220224;S 2002-G50Y;;;11513264;A;[B]14.892[AXX]4.924;;1;1
220224;S 2002-R;;;11512240;A;[B]13.401[L]0.247[I]3.499;;1;1
220224;S 2002-R50B;;;11905968;A;[B]14.282[V]1.321[L]3.939;;1;1
220224;S 2002-Y;;;11185074;A;[B]5.037[L]29.85[D]2.527;;1;1
220224;S 2002-Y50R;;;11184819;A;[B]13.783[C]4.558[F]0.864;;1;1
220224;S 2005-B;;;11840166;A;[B]9.151[E]8.378[L]13.049;;1;1
220224;S 2005-B20G;;;11774886;A;[B]15.133[L]0.806[D]5.201;;1;1
220224;S 2005-B50G;;;11709608;A;[E]9.344[I]7.979[D]4.828;;1;1
220224;S 2005-B80G;;;11512743;A;[B]15.713[C]2.492[D]5.345;;1;1
220224;S 2005-G;;;11316136;A;[B]14.968[C]4.261[D]4.307;;1;1
220224;S 2005-G10Y;;;11184809;A;[B]14.835[C]4.968[D]3.836;;1;1
220224;S 2005-G20Y;;;11185322;A;[B]14.746[C]5.889[D]4.162;;1;1
220224;S 2005-G30Y;;;11119531;A;[B]14.55[C]6.251[D]2.732;;1;1
220224;S 2005-G40Y;;;11054254;A;[B]14.368[C]7.225[D]2.593;;1;1
220224;S 2005-G50Y;;;10857133;A;[B]17.385[AXX]11.336;;1;1
220224;S 2005-G60Y;;;10857391;A;[B]14.597[C]8.35[D]1.058;;1;1
220224;S 2005-G70Y;;;10726063;A;[B]13.714[C]9.636[D]1.34;;1;1
220224;S 2005-G80Y;;;10792628;A;[B]10.59[C]11.189[D]1.773;;1;1
220224;S 2005-G90Y;;;10792116;A;[B]13.169[C]5.272[T]4.419;;1;1
220224;S 2005-R;;;11315123;A;[B]13.6[I]0.456[F]2.267;;1;1
220224;S 2005-R10B;;;11380402;A;[B]12.071[V]3.289[I]5.4;;1;1
220224;S 2005-R20B;;;11445681;A;[B]12.433[V]5.802[I]4.72;;1;1
220224;S 2005-R30B;;;11642544;A;[B]14.309[V]3.792[F]1.05;;1;1
220224;S 2005-R40B;;;11773871;A;[B]15.266[V]3.444[F]0.736;;1;1
220224;S 2005-R50B;;;11707819;A;[B]16.896[V]4.507[F]0.224;;1;1
220224;S 2005-R60B;;;11905452;A;[B]16.034[V]2.972[E]0.276;;1;1
220224;S 2005-R70B;;;11905193;A;[B]14.974[V]2.061[E]1.647;;1;1
220224;S 2005-R80B;;;11905706;A;[B]15.956[V]0.518[E]2.195;;1;1
220224;S 2005-R90B;;;11971240;A;[B]13.922[E]3.76[I]0.215;;1;1
220224;S 2005-Y;;;10660788;A;[B]11.539[C]10.161[L]5.264;;1;1
220224;S 2005-Y10R;;;10529461;A;[B]10.951[C]11.499[I]1.915;;1;1
220224;S 2005-Y20R;;;10660533;A;[B]12.211[C]10.527[I]2.01;;1;1
220224;S 2005-Y30R;;;10463414;A;[B]11.482[C]9.623[F]1.364;;1;1
220224;S 2005-Y40R;;;10397366;A;[B]12.238[C]10.5[F]1.836;;1;1
220224;S 2005-Y50R;;;10593971;A;[B]13.245[C]7.601[F]1.804;;1;1
220224;S 2005-Y60R;;;10725045;A;[B]4.588[L]27.916[I]4.404;;1;1
220224;S 2005-Y70R;;;10856117;A;[B]7.173[L]25.777[F]1.825;;1;1
220224;S 2005-Y80R;;;10921395;A;[B]11.343[L]11.618[F]2.293;;1;1
220224;S 2005-Y90R;;;11052466;A;[B]10.66[I]7.368[F]0.319;;1;1
220224;S 2010-B;;;11642267;A;[B]10.083[E]16.238[L]15.242;;1;1
220224;S 2010-B10G;;;11511453;A;[B]19.775[E]3.64[D]6.434;;1;1
220224;S 2010-B30G;;;11511707;A;[B]17.919[E]3.019[D]10.24;;1;1
220224;S 2010-B50G;;;11446429;A;[B]16.884[L]3.643[D]11.714;;1;1
220224;S 2010-B70G;;;11315612;A;[B]17.51[D]11.797[AXX]3.491;;1;1
220224;S 2010-B90G;;;11119519;A;[B]13.689[C]5.131[D]13.32;;1;1
220224;S 2010-G;;;10856864;A;[B]14.75[C]7.862[D]11.749;;1;1
220224;S 2010-G10Y;;;10791843;A;[B]13.282[C]8.515[D]10.659;;1;1
220224;S 2010-G20Y;;;10463394;A;[B]14.223[C]11.336[D]9.592;;1;1
220224;S 2010-G30Y;;;10398118;A;[B]14.668[C]12.813[D]8.473;;1;1
220224;S 2010-G40Y;;;10332585;A;[B]14.101[C]14.581[D]6.013;;1;1
220224;S 2010-G50Y;;;10333100;A;[B]11.601[C]15.647[D]5.932;;1;1
220224;S 2010-G60Y;;;10070188;A;[B]14.193[C]17.948[D]3.773;;1;1
220224;S 2010-G70Y;;;9939375;A;[B]13.674[C]20.776[D]3.785;;1;1
220224;S 2010-G80Y;;;9874098;A;[B]11.732[C]22.776[D]2.93;;1;1
220224;S 2010-G90Y;;;9742516;A;[B]14.656[T]22.706[AXX]1.697;;1;1
220224;S 2010-R;;;10723250;A;[B]8.902[V]5.357[I]10.978;;1;1
220224;S 2010-R10B;;;10919859;A;[B]9.119[V]8.354[I]9.261;;1;1
220224;S 2010-R20B;;;11050671;A;[B]11.374[V]11.18[I]6.107;;1;1
220224;S 2010-R30B;;;11247277;A;[B]15.362[V]10.928[F]1.767;;1;1
220224;S 2010-R40B;;;11575724;A;[B]16.243[V]11.002[F]0.64;;1;1
220224;S 2010-R50B;;;11838123;A;[B]16.157[V]10.974[E]1.219;;1;1
220224;S 2010-R60B;;;11904167;A;[B]14.91[V]7.638[E]3.996;;1;1
220224;S 2010-R70B;;;12101027;A;[B]12.94[V]6.311[E]8.999;;1;1
220224;S 2010-R80B;;;11969694;A;[B]15.212[V]3.912[E]10.737;;1;1
220224;S 2010-R90B;;;11970464;A;[B]15.592[V]0.405[E]10.027;;1;1
220224;S 2010-Y;;;9742260;A;[B]14.028[C]24.382[L]0.216;;1;1
220224;S 2010-Y10R;;;9610678;A;[B]11.689[C]24.422[I]3.164;;1;1
220224;S 2010-Y20R;;;9413301;A;[B]4.697[C]20.099[L]39.938;;1;1
220224;S 2010-Y30R;;;9873342;A;[B]8.437[C]18.54[F]2.291;;1;1
220224;S 2010-Y40R;;;9478072;A;[B]10.681[C]21.196[F]4.045;;1;1
220224;S 2010-Y50R;;;9609145;A;[T]8.84[L]34.16[I]11.745;;1;1
220224;S 2010-Y60R;;;9936823;A;[L]24.245[I]15.598[AXX]4.237;;1;1
220224;S 2010-Y70R;;;10133433;A;[C]1.076[L]22.513[I]15.027;;1;1
220224;S 2010-Y80R;;;10066866;A;[B]5.972[I]20.752;;1;1
220224;S 2010-Y90R;;;10263730;A;[B]13.576[F]6.591;;1;1
220224;S 2020-B;;;11969163;A;[B]13.734[E]28.38[D]6.105;;1;1
220224;S 2020-B10G;;;11378310;A;[B]18.075[E]26.143[D]13.797;;1;1
220224;S 2020-B30G;;;11576970;A;[B]14.277[E]13.632[D]24.168;;1;1
220224;S 2020-B40G;;;11249034;A;[B]18.459[E]7.865[D]28.736;;1;1
220224;S 2020-B50G;;;10920584;A;[B]21.061[E]3.456[D]33.35;;1;1
220224;S 2020-B60G;;;10987147;A;[E]11.653[I]9.396[D]32.995;;1;1
220224;S 2020-B70G;;;10790280;A;[B]17.331[D]38.546[AXX]3.598;;1;1
220224;S 2020-B90G;;;10331534;A;[B]16.045[C]9.057[D]34.571;;1;1
220224;S 2020-G;;;10069393;A;[B]12.939[C]14.525[D]31.822;;1;1
220224;S 2020-G10Y;;;9676180;A;[B]10.892[C]22.248[D]30.016;;1;1
220224;S 2020-G20Y;;;9413526;A;[B]12.813[C]28.371[D]29.098;;1;1
220224;S 2020-G30Y;;;9282972;A;[B]18.217[D]13.089[AXX]41.693;;1;1
220224;S 2020-G40Y;;;9020578;A;[C]35.715[I]7.962[D]23.839;;1;1
220224;S 2020-G50Y;;;8757924;A;[C]42.067[I]7.593[D]23.083;;1;1
220224;S 2020-G60Y;;;8627369;A;[B]9.895[C]51.262[D]13.346;;1;1
220224;S 2020-G70Y;;;8562349;A;[I]12.97[D]12.012[AXX]61.865;;1;1
220224;S 2020-G80Y;;;8431280;A;[B]7.222[C]59.594[D]10.82;;1;1
220224;S 2020-G90Y;;;8627893;A;[B]14.332[C]22.136[AXX]39.95;;1;1
220224;S 2020-R;;;9670833;A;[V]16.638[E]10.392[F]12.218;;1;1
220224;S 2020-R10B;;;10064304;A;[V]22.986[E]10.247[F]9.282;;1;1
220224;S 2020-R20B;;;10326189;A;[B]13.134[V]31.762[F]4.996;;1;1
220224;S 2020-R30B;;;10917294;A;[B]12.92[V]29.798[F]2.353;;1;1
220224;S 2020-R40B;;;11179175;A;[V]31.098[E]15.214[F]3.925;;1;1
220224;S 2020-R50B;;;11703969;A;[B]13.817[V]33.439[E]8.996;;1;1
220224;S 2020-R60B;;;11901082;A;[B]10.875[V]25.871[E]16.621;;1;1
220224;S 2020-R70B;;;11967125;A;[B]12.46[V]17.985[E]22.669;;1;1
220224;S 2020-R80B;;;11901839;A;[B]13.097[V]10.68[E]30.255;;1;1
220224;S 2020-R90B;;;11902605;A;[B]15.369[V]3.413[E]32.087;;1;1
220224;S 2020-Y;;;8430006;A;[B]11.871[C]58.39[D]1.539;;1;1
220224;S 2020-Y10R;;;8363959;A;[C]50.154[I]12.115[D]5.913;;1;1
220224;S 2020-Y20R;;;8100793;A;[B]8.255[C]63.851[I]8.685;;1;1
220224;S 2020-Y30R;;;8362685;A;[B]7.903[C]47.811[F]5.923;;1;1
220224;S 2020-Y40R;;;8230330;A;[B]9.327[C]44.215[F]8.414;;1;1
220224;S 2020-Y50R;;;8295098;A;[B]8.337[C]32.909[F]12.727;;1;1
220224;S 2020-Y60R;;;8556982;A;[C]17.008[I]25.579[F]5.365;;1;1
220224;S 2020-Y70R;;;8884665;A;[C]4.513[L]37.551[F]11.688;;1;1
220224;S 2020-Y80R;;;9081012;A;[B]9.885[C]0.384[F]13.875;;1;1
220224;S 2020-Y90R;;;9277365;A;[I]28.792[R]19.096[F]0.577;;1;1
220224;S 2030-B;;;11770232;A;[B]14.51[E]61.802[D]6.352;;1;1
220224;S 2030-B10G;;;11508855;A;[B]14.602[E]48.641[D]22.1;;1;1
220224;S 2030-B30G;;;10853231;A;[B]18.342[E]39.22[D]50.487;;1;1
220224;S 2030-B40G;;;10788467;A;[B]16.382[E]23.854[D]58.573;;1;1
220224;S 2030-B50G;;;10591860;A;[B]19.14[E]12.731[D]64.644;;1;1
220224;S 2030-B60G;;;10527095;A;[B]18.061[E]2.987[D]71.876;;1;1
220224;S 2030-B70G;;;10264694;A;[B]19.81[T]2.042[D]81.104;;1;1
220224;S 2030-B90G;;;9675386;A;[B]12.063[C]15.999[D]80.613;;1;1
220224;S 2030-G;;;9084799;A;[B]11.529[C]31.112[D]78.562;;1;1
220224;S 2030-G10Y;;;8757122;A;[B]9.627[C]40.284[D]73.2;;1;1
220224;S 2030-G20Y;;;8297865;A;[B]9.695[C]58.302[D]63.252;;1;1
220224;S 2030-G30Y;;;8101520;A;[B]5.378[C]69.885[D]53.368;;1;1
220224;S 2030-G40Y;;;7708057;A;[B]4.4[C]88.577[D]39.773;;1;1
220224;S 2030-G50Y;;;7709343;A;[I]14.438[D]24.176[AXX]101.268;;1;1
220224;S 2030-G60Y;;;7315622;A;[B]0.12[C]113.461[D]30.588;;1;1
220224;S 2030-G70Y;;;7381417;A;[B]22.13[D]2.247[AXX]138.236;;1;1
220224;S 2030-G80Y;;;7119278;A;[B]21.649[C]14.798[AXX]144.34;;1;1
220224;S 2030-G90Y;;;7053234;A;[B]18.408[C]36.814[AXX]111.506;;1;1
220224;S 2030-R;;;8618162;A;[B]7.603[V]45.381[F]19.328;;1;1
220224;S 2030-R10B;;;9273774;A;[V]61.82[E]9.144[F]14.094;;1;1
220224;S 2030-R20B;;;9732779;A;[V]70.544[E]10.872[F]9.858;;1;1
220224;S 2030-R30B;;;10323628;A;[V]68.205[E]10.165[F]6.036;;1;1
220224;S 2030-R40B;;;10782112;A;[V]76.5[E]18.637[F]3.367;;1;1
220224;S 2030-R50B;;;11373469;A;[B]11.104[V]61.317[E]13.652;;1;1
220224;S 2030-R60B;;;11767442;A;[B]5.792[V]51.581[E]31.944;;1;1
220224;S 2030-R70B;;;11833479;A;[B]8.587[V]38.285[E]47.517;;1;1
220224;S 2030-R80B;;;11899264;A;[B]9.453[V]26.381[E]60.52;;1;1
220224;S 2030-R90B;;;11638139;A;[B]17.134[V]6.032[E]64.571;;1;1
220224;S 2030-Y;;;6986676;A;[B]6.638[C]130.255[D]7.964;;1;1
220224;S 2030-Y10R;;;7051963;A;[B]11.423[C]121.446;;1;1
220224;S 2030-Y20R;;;6984891;A;[B]5.287[C]119.403[I]12.557;;1;1
220224;S 2030-Y30R;;;6918078;A;[B]5.718[C]115.711[F]11.097;;1;1
220224;S 2030-Y40R;;;6982075;A;[C]90.786[L]29.756[F]15.97;;1;1
220224;S 2030-Y50R;;;7178429;A;[C]66.157[L]17.719[F]21.591;;1;1
220224;S 2030-Y60R;;;7571388;A;[B]2.922[C]39.025[F]24.394;;1;1
220224;S 2030-Y70R;;;7767227;A;[B]3.305[C]17.353[F]28.301;;1;1
220224;S 2030-Y80R;;;7897271;A;[B]4.605[V]5.3[F]31.908;;1;1
220224;S 2030-Y90R;;;8290482;A;[L]54.133[R]51.64[F]14.209;;1;1
220224;S 2040-B;;;11374433;A;[E]144.746[L]30.652[I]0.23;;1;1
220224;S 2040-B10G;;;11047516;A;[B]13.69[E]112.331[D]43.5;;1;1
220224;S 2040-B20G;;;10851930;A;[B]9.943[E]88.585[D]70.756;;1;1
220224;S 2040-B30G;;;10458713;A;[B]12.63[E]72.233[D]95.46;;1;1
220224;S 2040-B40G;;;10459484;A;[B]12.562[E]53.14[D]105.04;;1;1
220224;S 2040-B50G;;;10197599;A;[B]16.326[E]32.938[D]111.738;;1;1
220224;S 2040-B60G;;;10067292;A;[B]13.975[E]18.56[D]139.873;;1;1
220224;S 2040-B70G;;;9607516;A;[B]21.876[D]172.613;;1;1
220224;S 2040-B80G;;;9411681;A;[B]14.098[C]9.552[D]157.146;;1;1
220224;S 2040-B90G;;;8952675;A;[B]9.465[C]22.084[D]162.085;;1;1
220224;S 2040-R;;;7762094;A;[V]95.398[E]4.057[F]32.546;;1;1
220224;S 2040-R10B;;;8220586;A;[B]7.179[V]138.785[F]22.241;;1;1
220224;S 2040-R20B;;;8745127;A;[V]155.577[E]7.889[F]14.35;;1;1
220224;S 2040-R30B;;;9532068;A;[B]17.979[V]125.994[R]54.383;;1;1
220224;S 2040-R40B;;;10450843;A;[V]146.972[E]23.068[F]1.926;;1;1
220224;S 2040-R50B;;;10975634;A;[V]139.217[E]36.627;;1;1
220224;S 2040-R60B;;;11633032;A;[V]96.226[E]58.451;;1;1
220224;S 2040-R70B;;;12027258;A;[V]65.246[E]90.043;;1;1
220224;S 2040-R80B;;;11897199;A;[B]5.242[V]39.888[E]114.195;;1;1
220224;S 2040-R90B;;;11767145;A;[B]12.626[V]13.308[E]120.07;;1;1
220224;S 2040-Y10R;;;5936316;A;[T]172.091[I]22.224[D]3.755;;1;1
220224;S 2040-Y50R;;;6127035;A;[C]131.781[T]16.111[F]37.876;;1;1
220224;S 2040-Y60R;;;6191287;A;[C]105.954[R]33.837[F]36.884;;1;1
220224;S 2040-Y70R;;;6583989;A;[B]2.031[T]34.963[F]53.58;;1;1
220224;S 2040-Y80R;;;6976437;A;[B]0.494[R]27.113[F]48.436;;1;1
220224;S 2040-Y90R;;;7303600;A;[L]46.129[R]106.061[F]27.493;;1;1
220224;S 2500-N;;;10986407;A;[B]22.738[C]3.602[R]2.16;;1;1
220224;S 2502-B;;;11116960;A;[B]25.21[I]1.156[D]2.791;;1;1
220224;S 2502-G;;;10855074;A;[B]26.504[D]1.59[AXX]5.307;;1;1
220224;S 2502-R;;;11051689;A;[B]21.026[C]0.465[F]1.53;;1;1
220224;S 2502-Y;;;10527399;A;[B]22.508[C]8.554[F]0.23;;1;1
220224;S 3000-N;;;10460063;A;[B]31.414[C]3.111[F]1.034;;1;1
220224;S 3005-B20G;;;10262161;A;[B]39.382[L]4.79[D]9.829;;1;1
220224;S 3005-B80G;;;10065810;A;[B]39.032[C]5.799[D]9.512;;1;1
220224;S 3005-G20Y;;;9869719;A;[B]36.083[C]11.723[D]7.242;;1;1
220224;S 3005-G50Y;;;9607321;A;[B]36.981[C]17.798[D]3.487;;1;1
220224;S 3005-G80Y;;;9608095;A;[B]32.291[C]19.143[D]0.217;;1;1
220224;S 3005-R20B;;;10196382;A;[B]30.359[V]5.364[F]3.087;;1;1
220224;S 3005-R50B;;;10392728;A;[B]38.38[V]7.936[F]0.392;;1;1
220224;S 3005-R80B;;;10590100;A;[B]38.332[V]1.389[E]4.856;;1;1
220224;S 3005-Y20R;;;9147551;A;[B]29.294[C]20.889[I]8.744;;1;1
220224;S 3005-Y50R;;;9212318;A;[B]28.347[C]11.552[I]16.636;;1;1
220224;S 3005-Y80R;;;9737378;A;[B]21.939[I]18.07[F]0.216;;1;1
220224;S 3010-B;;;10392457;A;[B]45.164[E]15.73[D]5.953;;1;1
220224;S 3010-B10G;;;10195592;A;[B]47.07[E]10.416[D]12.687;;1;1
220224;S 3010-B30G;;;10261896;A;[B]43.76[E]4.856[D]21.344;;1;1
220224;S 3010-B50G;;;9999497;A;[B]38.979[L]12.705[D]21.922;;1;1
220224;S 3010-B70G;;;10065548;A;[B]41.538[C]4.919[D]20.377;;1;1
220224;S 3010-B90G;;;9935247;A;[B]36.509[C]9.254[D]20.613;;1;1
220224;S 3010-G;;;9606797;A;[B]38.777[T]12.543[D]21.718;;1;1
220224;S 3010-G10Y;;;9278861;A;[C]3.704[I]29.143[D]48.158;;1;1
220224;S 3010-G20Y;;;9278864;A;[B]39.838[C]22.287[D]17.803;;1;1
220224;S 3010-G30Y;;;9279892;A;[B]33.057[C]24.847[D]15.663;;1;1
220224;S 3010-G40Y;;;9016982;A;[C]12.036[I]28.524[D]33.442;;1;1
220224;S 3010-G50Y;;;8820117;A;[B]38.872[C]37.768[D]12.586;;1;1
220224;S 3010-G60Y;;;8885913;A;[B]36.048[C]36.514[D]6.684;;1;1
220224;S 3010-G70Y;;;8754842;A;[B]34.538[C]36.901[D]5.147;;1;1
220224;S 3010-G80Y;;;8820123;A;[B]38.346[C]39.23[D]2.196;;1;1
220224;S 3010-G90Y;;;8492190;A;[B]36.769[C]45.105[D]1.388;;1;1
220224;S 3010-R;;;9144475;A;[B]37.152[V]9.62[F]10.395;;1;1
220224;S 3010-R10B;;;9538716;A;[B]33.011[V]12.681[F]6.666;;1;1
220224;S 3010-R20B;;;9735322;A;[B]34.976[V]20.482[F]4.922;;1;1
220224;S 3010-R30B;;;9800601;A;[B]37.627[V]23.651[F]3.881;;1;1
220224;S 3010-R40B;;;10062998;A;[B]41.962[V]21.873[F]1.665;;1;1
220224;S 3010-R50B;;;10391446;A;[B]41.858[V]21.823[E]0.981;;1;1
220224;S 3010-R60B;;;10457233;A;[B]37.416[V]16.741[E]9.765;;1;1
220224;S 3010-R70B;;;10654610;A;[B]35.187[V]9.431[E]11.462;;1;1
220224;S 3010-R80B;;;10457483;A;[B]40.566[V]8.36[E]20.241;;1;1
220224;S 3010-R90B;;;10457482;A;[B]42.586[V]2.955[E]21;;1;1
220224;S 3010-Y;;;8426657;A;[B]30.303[C]46.415[I]4.366;;1;1
220224;S 3010-Y10R;;;8491938;A;[B]27.665[C]42.124[I]9.634;;1;1
220224;S 3010-Y20R;;;8425889;A;[B]27[C]39.907[I]14.468;;1;1
220224;S 3010-Y30R;;;8491429;A;[B]26.583[C]34.198[F]6.561;;1;1
220224;S 3010-Y40R;;;8359330;A;[B]29.181[C]32.624[F]8.836;;1;1
220224;S 3010-Y50R;;;8687525;A;[B]15.316[C]18.414[I]28.541;;1;1
220224;S 3010-Y60R;;;8620961;A;[B]1.143[L]85.423[I]26.157;;1;1
220224;S 3010-Y70R;;;8817825;A;[B]10.78[L]38.743[I]31.28;;1;1
220224;S 3010-Y80R;;;9014431;A;[B]27.132[I]10.889[F]7.984;;1;1
220224;S 3010-Y90R;;;9145502;A;[B]17.223[L]87.297[R]21.426;;1;1
220224;S 3020-B;;;10193526;A;[B]48.653[E]56.687[D]4.015;;1;1
220224;S 3020-B10G;;;10260086;A;[B]40.833[E]42.904[D]20.928;;1;1
220224;S 3020-B30G;;;9998711;A;[B]43.37[E]21.704[D]42.598;;1;1
220224;S 3020-B40G;;;9802103;A;[B]45.38[E]10.831[D]53.644;;1;1
220224;S 3020-B50G;;;9671032;A;[B]47.225[E]2.586[D]57.294;;1;1
220224;S 3020-B60G;;;9605751;A;[B]42.131[I]3.251[D]71.007;;1;1
220224;S 3020-B70G;;;9408885;A;[B]45.597[C]5.766[D]72.801;;1;1
220224;S 3020-B90G;;;9015672;A;[B]39.719[C]17.315[D]70.164;;1;1
220224;S 3020-G;;;8622203;A;[B]42.689[C]34.425[D]74.011;;1;1
220224;S 3020-G10Y;;;8491393;A;[B]37.971[C]41.314[D]56.603;;1;1
220224;S 3020-G20Y;;;8229252;A;[B]36.96[C]51.503[D]53.606;;1;1
220224;S 3020-G30Y;;;8032648;A;[B]32.02[C]63.756[D]44.781;;1;1
220224;S 3020-G40Y;;;7704461;A;[C]62.424[I]26.519[D]57.409;;1;1
220224;S 3020-G50Y;;;7705747;A;[B]26.148[C]81.628[D]29.377;;1;1
220224;S 3020-G60Y;;;7508116;A;[C]79.354[I]27.116[D]44.538;;1;1
220224;S 3020-G70Y;;;7508117;A;[B]34.227[C]95.524[D]20.23;;1;1
220224;S 3020-G80Y;;;7311770;A;[B]30.794[C]103.243[D]15.33;;1;1
220224;S 3020-G90Y;;;7245983;A;[C]91.136[I]24.518[D]25.238;;1;1
220224;S 3020-R;;;8420506;A;[B]33.132[V]36.501[F]17.803;;1;1
220224;S 3020-R10B;;;8748699;A;[B]31.588[V]46.639[F]13.625;;1;1
220224;S 3020-R20B;;;9010584;A;[V]56.254[E]31.642[F]16.867;;1;1
220224;S 3020-R30B;;;9338515;A;[B]44.02[V]66.12[F]5.249;;1;1
220224;S 3020-R40B;;;9666449;A;[B]45.414[V]67.859[F]1.239;;1;1
220224;S 3020-R50B;;;10257808;A;[B]36.698[V]55.12[E]10.807;;1;1
220224;S 3020-R60B;;;10388872;A;[B]33.388[V]46.956[E]29.672;;1;1
220224;S 3020-R70B;;;10323841;A;[B]40.31[V]33.18[E]41.443;;1;1
220224;S 3020-R80B;;;10520700;A;[B]36.304[V]23.516[E]54.399;;1;1
220224;S 3020-R90B;;;10389880;A;[B]41.131[V]10.765[E]62.621;;1;1
220224;S 3020-Y;;;7180192;A;[B]34.807[C]108.947[D]0.392;;1;1
220224;S 3020-Y10R;;;7310757;A;[B]24.103[C]97.36[I]14.352;;1;1
220224;S 3020-Y20R;;;6981795;A;[B]22.044[C]106.086[I]27.424;;1;1
220224;S 3020-Y30R;;;7047078;A;[B]25.165[C]94.399[F]13.005;;1;1
220224;S 3020-Y40R;;;7177123;A;[B]7.346[T]51.392[I]61.094;;1;1
220224;S 3020-Y50R;;;7505322;A;[B]20.283[C]47.776[F]19.719;;1;1
220224;S 3020-Y60R;;;7504034;A;[I]71.187[AXX]27.53[F]4.434;;1;1
220224;S 3020-Y70R;;;7831973;A;[B]22.979[T]12.214[F]24.374;;1;1
220224;S 3020-Y80R;;;7896735;A;[B]29.615[F]29.807;;1;1
220224;S 3030-B;;;10060641;A;[B]47.471[E]135.051[D]10.713;;1;1
220224;S 3030-B10G;;;9996387;A;[B]40.44[E]94.586[D]39.555;;1;1
220224;S 3030-B30G;;;9669731;A;[B]41.231[E]50.396[D]85.61;;1;1
220224;S 3030-B40G;;;9473120;A;[B]42.705[E]41.567[D]111.665;;1;1
220224;S 3030-B50G;;;9407844;A;[B]44.522[E]24.385[D]112.292;;1;1
220224;S 3030-R;;;7564954;A;[V]87.203[E]24.962[F]38.659;;1;1
220224;S 3030-R10B;;;7892375;A;[V]108.575[E]27.118[F]29.186;;1;1
220224;S 3030-R50B;;;9926280;A;[B]28.673[V]128.776[E]30.044;;1;1
220224;S 3030-R60B;;;10320508;A;[B]21.512[V]102.24[E]65.373;;1;1
220224;S 3030-R70B;;;10452339;A;[B]24.896[V]71.563[E]91.597;;1;1
220224;S 3030-R80B;;;10321514;A;[B]34.567[V]42.346[E]119.781;;1;1
220224;S 3030-R90B;;;10453864;A;[B]38.358[V]18.279[E]128.105;;1;1
220224;S 3030-Y50R;;;6191014;A;[B]19.696[C]106.275[F]43.366;;1;1
220224;S 3030-Y60R;;;6387108;A;[B]20.982[T]53.05[F]48.09;;1;1
220224;S 3030-Y70R;;;6582689;A;[L]103.637[AXX]12.175[F]52.764;;1;1
220224;S 3030-Y80R;;;6712733;A;[B]29.597[R]42.774[F]53.769;;1;1
220224;S 3500-N;;;9671061;A;[B]47.459[C]4.1[F]2.186;;1;1
220224;S 3502-B;;;9736078;A;[B]53.948[I]4.283[D]5.899;;1;1
220224;S 3502-G;;;9605007;A;[B]58.504[D]2.438[AXX]10.667;;1;1
220224;S 3502-R;;;9604755;A;[B]45.79[L]13.762[I]6.962;;1;1
220224;S 3502-Y;;;9343124;A;[B]50.625[C]13.922[F]0.89;;1;1
220224;S 4000-N;;;9210251;A;[B]65.133[C]3.073[I]7.884;;1;1
220224;S 4005-B20G;;;9078142;A;[B]80.166[L]12.414[D]16.169;;1;1
220224;S 4005-B80G;;;8947586;A;[B]80.665[C]9.918[D]15.973;;1;1
220224;S 4005-G20Y;;;8685445;A;[B]76.648[C]20.35[D]11.39;;1;1
220224;S 4005-G50Y;;;8357511;A;[B]78.575[C]35.129[D]6.608;;1;1
220224;S 4005-G80Y;;;8226442;A;[B]77.982[C]40.475[D]1.222;;1;1
220224;S 4005-R20B;;;8814729;A;[B]72.967[V]14.365[F]6.284;;1;1
220224;S 4005-R50B;;;9142918;A;[B]84.032[V]13.173[F]1.543;;1;1
220224;S 4005-R80B;;;9340290;A;[B]82.095[V]3.458[E]7.84;;1;1
220224;S 4005-Y20R;;;8094862;A;[B]60.551[T]30.416[I]19.452;;1;1
220224;S 4005-Y50R;;;8225421;A;[B]68.105[C]22.474[F]9.039;;1;1
220224;S 4005-Y80R;;;8553358;A;[B]52.897[I]35.071;;1;1
220224;S 4010-B10G;;;9077111;A;[B]92.827[E]16.823[D]20.932;;1;1
220224;S 4010-B30G;;;8946294;A;[B]90.4[E]5.006[D]35.635;;1;1
220224;S 4010-B50G;;;8947066;A;[B]78.755[L]23.316[D]37.978;;1;1
220224;S 4010-B70G;;;8750455;A;[B]83.987[C]10.411[D]47.411;;1;1
220224;S 4010-B90G;;;8553848;A;[B]84.085[C]19.062[D]48.772;;1;1
220224;S 4010-G10Y;;;8226172;A;[B]0.849[I]57.28[D]87.589;;1;1
220224;S 4010-G30Y;;;7963775;A;[B]79.619[C]49.267[D]29.434;;1;1
220224;S 4010-G50Y;;;7964037;A;[B]76.723[C]49.675[D]14.326;;1;1
220224;S 4010-G70Y;;;7767433;A;[B]74.532[C]62.622[D]8.788;;1;1
220224;S 4010-G90Y;;;7439244;A;[T]34.71[I]65.74[D]45.555;;1;1
220224;S 4010-R10B;;;8420235;A;[B]56.112[V]35.616[I]33.417;;1;1
220224;S 4010-R30B;;;8813706;A;[B]70.84[V]41.664[F]6.125;;1;1
220224;S 4010-R50B;;;9207684;A;[B]83.708[V]30.12[E]0.427;;1;1
220224;S 4010-R70B;;;9273469;A;[B]82.058[V]19.923[E]22.007;;1;1
220224;S 4010-R90B;;;9207672;A;[B]86.375[V]3.961[E]34.601;;1;1
220224;S 4010-Y10R;;;7570835;A;[C]35.689[I]58.325[D]28.684;;1;1
220224;S 4010-Y30R;;;7569810;A;[B]60.268[C]51.519[F]12.244;;1;1
220224;S 4010-Y50R;;;7700371;A;[B]58.83[C]33.657[F]15.853;;1;1
220224;S 4010-Y70R;;;7764880;A;[B]33.066[L]23.439[I]66.81;;1;1
220224;S 4010-Y90R;;;8026764;A;[B]68.072[R]6.144[F]18.084;;1;1
220224;S 4020-R;;;7104649;A;[B]69.571[V]89.298[F]37.249;;1;1
220224;S 4020-R10B;;;7564168;A;[B]70.645[V]93.974[F]24.57;;1;1
220224;S 4020-Y60R;;;6320017;A;[T]34.104[I]161.359;;1;1
220224;S 4020-Y70R;;;6516111;A;[I]172.585;;1;1
220224;S 4020-Y80R;;;6646670;A;[B]64.7[R]22.096[F]53.177;;1;1
220224;S 4500-N;;;8552578;A;[B]99.458[C]6.293[F]3.151;;1;1
220224;S 4502-B;;;8683133;A;[B]112.265[C]4.735[D]2.085;;1;1
220224;S 4502-G;;;8487038;A;[B]106.72[C]14.487[D]6.36;;1;1
220224;S 4502-R;;;8486531;A;[B]79.463[V]11.535[L]78.265;;1;1
220224;S 4502-Y;;;8093315;A;[B]101.282[C]25.286[F]2.001;;1;1
220224;S 5000-N;;;8091770;A;[B]124.979[C]4.56[I]14.111;;1;1
220224;S 5005-B20G;;;8157041;A;[B]142.848[L]20.067[D]22.801;;1;1
220224;S 5005-B80G;;;7960689;A;[B]142.252[D]24.386[AXX]23.184;;1;1
220224;S 5005-R20B;;;7828091;A;[B]126.337[V]27.504[F]10.442;;1;1
220224;S 5005-R50B;;;8090486;A;[B]146.299[V]23.001[F]2.738;;1;1
220224;S 5005-R80B;;;8090224;A;[B]169.306[V]6.289[E]7.506;;1;1
220224;S 5005-Y20R;;;7173503;A;[B]110.262[C]51.392[I]35.559;;1;1
220224;S 5005-Y50R;;;7172734;A;[B]107.346[C]26.722[I]52.844;;1;1
220224;S 5005-Y80R;;;7434876;A;[B]107.959[I]56.214[AXX]0.229;;1;1
