2309011835;[Default];W6 Фарбитекс Профи Краска Eurofacade объем Symphony;;;;;[lt]2;1;1
210615;F300;;;15069677;A;[AN]0.466;;1;1
210615;F301;;;14742000;A;[AN]0.807;;1;1
210615;F302;;;14085872;A;[C]0.441[AN]1.459;;1;1
210615;F303;;;13954287;A;[C]0.595[AN]1.257;;1;1
210615;F304;;;14085616;A;[C]0.477[AN]1.358;;1;1
210615;F305;;;13953515;A;[C]0.202[I]0.239[AN]1.375;;1;1
210615;F306;;;13691375;A;[C]1.326[AN]0.854;;1;1
210615;F307;;;14347503;A;[C]0.673[AN]0.55;;1;1
210615;F308;;;13493487;A;[C]2.288[RN]0.367;;1;1
210615;F309;;;14872047;A;[L]0.202[AN]0.587[RN]0.202;;1;1
210615;F310;;;14477804;A;[I]0.259[AN]0.796;;1;1
210615;F311;;;13100016;A;[C]3.224[RN]0.427;;1;1
210615;F312;;;14083823;A;[T]0.951[RN]0.571;;1;1
210615;F313;;;14609132;A;[I]0.249[AN]0.613;;1;1
210615;F314;;;13493232;A;[C]0.202[T]1.392[F]0.202;;1;1
210615;F315;;;13886959;A;[T]1.193[RN]0.614;;1;1
210615;F316;;;15199215;A;[AN]0.101[RN]0.445;;1;1
210615;F317;;;14411502;A;[AN]0.489[F]0.202;;1;1
210615;F318;;;14410988;A;[L]0.202[AN]0.202[F]0.218;;1;1
210615;F319;;;14608623;A;[C]0.53[RN]0.479;;1;1
210615;F320;;;14410475;A;[C]0.439[I]0.251[RN]0.969;;1;1
210615;F321;;;14410478;A;[RN]0.283[F]0.291;;1;1
210615;F322;;;14145773;A;[C]0.426[RN]2.914;;1;1
210615;F323;;;14606318;A;[C]0.289[RN]1.66;;1;1
210615;F324;;;13881581;A;[RN]4.452[F]0.216;;1;1
210615;F325;;;14738410;A;[I]0.329[RN]0.638;;1;1
210615;F326;;;14146540;A;[RN]0.919[F]0.322;;1;1
210615;F327;;;14473710;A;[AN]0.202[RN]3.045;;1;1
210615;F328;;;14143976;A;[B]0.202[RN]4.71;;1;1
210615;F329;;;15067120;A;[AN]0.193[RN]0.958;;1;1
210615;F330;;;14012393;A;[L]0.652[RN]5.096;;1;1
210615;F331;;;14671342;A;[L]0.202[RN]2.337;;1;1
210615;F332;;;14473706;A;[V]1.051[RN]0.761[F]0.202;;1;1
210615;F333;;;14672875;A;[I]0.339[RN]0.772;;1;1
210615;F334;;;14672618;A;[I]0.408[RN]0.722;;1;1
210615;F335;;;14869997;A;[I]0.202[RN]0.677;;1;1
210615;F336;;;14738157;A;[I]0.221[RN]1.166;;1;1
210615;F337;;;14869997;A;[L]0.287[RN]0.894;;1;1
210615;F338;;;14735592;A;[V]2.781[I]0.234[RN]0.785;;1;1
210615;F339;;;15261929;A;[V]1.58;;1;1
210615;F340;;;15460075;A;[V]0.715;;1;1
210615;F341;;;14732758;A;[B]0.203[V]4.632[E]0.781;;1;1
210615;F342;;;15195878;A;[V]1.4[E]0.202[RN]0.447;;1;1
210615;F343;;;15525603;A;[V]0.625[E]0.282;;1;1
210615;F344;;;14868190;A;[V]0.999[E]0.444[I]0.212;;1;1
210615;F345;;;14933982;A;[V]0.99[E]0.381[L]0.501;;1;1
210615;F346;;;15392989;A;[V]1.372[E]0.635;;1;1
210615;F347;;;15460321;A;[V]0.453[E]0.408;;1;1
210615;F348;;;15262685;A;[B]0.202[V]0.582[E]0.517;;1;1
210615;F349;;;15195347;A;[V]1.143[E]1.201;;1;1
210615;F350;;;15327962;A;[B]0.192[V]0.635[E]0.644;;1;1
210615;F351;;;15525078;A;[V]0.368[E]1.094;;1;1
210615;F352;;;15394012;A;[V]0.51[E]0.598;;1;1
210615;F353;;;15393750;A;[B]0.202[V]0.461[E]0.925;;1;1
210615;F354;;;15525074;A;[V]0.255[E]1.413;;1;1
210615;F355;;;15590092;A;[V]0.273[E]1.907;;1;1
210615;F356;;;15391945;A;[V]1.063[E]2.044;;1;1
210615;F357;;;14934997;A;[E]1.062[L]0.202[I]0.202;;1;1
210615;F358;;;15461602;A;[E]0.345[L]0.218;;1;1
210615;F359;;;15330012;A;[E]0.457[L]0.202[D]0.131;;1;1
210615;F360;;;15395029;A;[E]0.817[L]0.182[D]0.333;;1;1
210615;F361;;;15328976;A;[E]1.017[L]0.202[D]0.457;;1;1
210615;F362;;;15131858;A;[B]0.273[E]0.765[D]0.312;;1;1
210615;F363;;;15394507;A;[E]1.292[D]0.72;;1;1
210615;F364;;;15263698;A;[E]0.836[L]0.202[D]0.5;;1;1
210615;F365;;;15329755;A;[B]0.202[E]0.54;;1;1
210615;F366;;;15132114;A;[B]0.223[E]0.776[D]0.464;;1;1
210615;F367;;;15329234;A;[E]0.877[D]0.409;;1;1
210615;F368;;;14607580;A;[B]0.202[L]1.231[D]0.372;;1;1
210615;F369;;;15264990;A;[B]0.202[D]0.459;;1;1
210615;F370;;;14937056;A;[L]0.654[D]0.426;;1;1
210615;F371;;;15527134;A;[E]0.316[D]0.241;;1;1
210615;F372;;;15134432;A;[D]0.44[AN]0.204;;1;1
210615;F373;;;15068899;A;[C]0.229[D]0.336;;1;1
210615;F374;;;14805474;A;[B]0.226[C]0.254[D]0.202;;1;1
210615;F375;;;14216411;A;[D]0.747[AN]1.394;;1;1
210615;F376;;;14543073;A;[B]0.263[C]0.545[D]0.297;;1;1
210615;F377;;;14805730;A;[C]0.244[L]0.562[D]0.31;;1;1
210615;F378;;;15003109;A;[C]0.218[L]0.209[D]0.224;;1;1
210615;F379;;;14279899;A;[B]0.487[C]0.716[D]0.492;;1;1
210615;F380;;;12839121;A;[D]1.665[AN]5.008;;1;1
210615;F381;;;14675940;A;[D]0.316[AN]0.921;;1;1
210615;F382;;;14348264;A;[D]0.202[AN]1.512;;1;1
210615;F383;;;14873065;A;[C]0.172[D]0.202[AN]0.659;;1;1
210615;F384;;;14806500;A;[C]0.372[D]0.323;;1;1
210615;F385;;;14413289;A;[C]0.661[D]0.202[AN]0.51;;1;1
210615;F386;;;14872041;A;[B]0.202[AN]0.457;;1;1
210615;F387;;;13496036;A;[D]0.387[AN]3.565;;1;1
210615;F388;;;14479599;A;[AN]1.315;;1;1
210615;F389;;;13822698;A;[L]0.646[AN]2.128;;1;1
210615;F390;;;14807017;A;[C]0.42[D]0.202[AN]0.202;;1;1
210615;F391;;;13363947;A;[L]0.642[AN]3.358;;1;1
210615;F392;;;12838380;A;[C]1.482[L]0.626[AN]3.03;;1;1
210615;F393;;;12904172;A;[C]1.131[L]0.536[AN]2.91;;1;1
210615;F394;;;14084328;A;[B]0.249[C]0.717[AN]0.697;;1;1
210615;F395;;;14544110;A;[C]0.388[AN]0.445;;1;1
210615;F396;;;14347244;A;[C]0.537[L]0.45[AN]0.585;;1;1
210615;F397;;;14215915;A;[I]0.202[AN]1.187;;1;1
210615;F398;;;13821420;A;[C]1.327[I]0.208;;1;1
210615;F399;;;14937840;A;[C]0.545[RN]0.172;;1;1
210615;F400;;;14018543;A;[C]1.369[RN]0.254;;1;1
210615;F401;;;12770800;A;[T]2.455[F]0.29;;1;1
210615;F402;;;13099248;A;[C]0.202[T]1.851[F]0.272;;1;1
210615;F403;;;13165040;A;[T]1.97[F]0.277;;1;1
210615;F404;;;13492973;A;[C]1.873[I]0.235[RN]0.301;;1;1
210615;F405;;;13952753;A;[C]1.82[RN]0.519;;1;1
210615;F406;;;13689074;A;[T]1.557[RN]1.371;;1;1
210615;F407;;;13491179;A;[C]0.962[L]0.202[F]0.358;;1;1
210615;F408;;;14016231;A;[B]0.246[C]0.356[F]0.325;;1;1
210615;F409;;;13294571;A;[C]1.4[I]0.356[F]0.275;;1;1
210615;F410;;;14476270;A;[C]0.202[RN]0.202[F]0.207;;1;1
210615;F411;;;13687534;A;[C]1.448[RN]2.39;;1;1
210615;F412;;;13292261;A;[L]1.418[RN]0.814[F]0.647;;1;1
210615;F413;;;14344683;A;[L]0.221[F]0.297;;1;1
210615;F414;;;13950439;A;[B]0.217[C]0.243[F]0.363;;1;1
210615;F415;;;14080998;A;[B]0.329[RN]0.456[F]0.311;;1;1
210615;F416;;;14344682;A;[L]0.202[F]0.311;;1;1
210615;F417;;;14607082;A;[I]0.334[RN]0.768;;1;1
210615;F418;;;14409192;A;[L]0.436[I]0.332[RN]1.353;;1;1
210615;F419;;;14869737;A;[V]0.501[I]0.354;;1;1
210615;F420;;;14935525;A;[B]0.213[V]0.211[I]0.202;;1;1
210615;F421;;;15460076;A;[V]0.815;;1;1
210615;F422;;;14476011;A;[L]0.242[F]0.282;;1;1
210615;F423;;;14935021;A;[V]0.609[F]0.202;;1;1
210615;F424;;;14011870;A;[B]0.5[V]3.106[F]0.285;;1;1
210615;F425;;;15394795;A;[V]0.679;;1;1
210615;F426;;;14935524;A;[V]0.267[E]0.258[I]0.328;;1;1
210615;F427;;;14736343;A;[B]1.098[V]0.856[E]0.235;;1;1
210615;F428;;;14211025;A;[B]1.93[V]0.271[E]0.202;;1;1
210615;F429;;;15001050;A;[B]0.495[E]0.403;;1;1
210615;F430;;;15459804;A;[V]0.449[E]0.563;;1;1
210615;F431;;;15459280;A;[B]0.152[V]0.232[E]1.456;;1;1
210615;F432;;;15590872;A;[V]0.43[E]0.937;;1;1
210615;F433;;;15523793;A;[V]1.125[E]1.575;;1;1
210615;F434;;;15591133;A;[V]0.47[E]0.585;;1;1
210615;F435;;;15132638;A;[B]0.434[E]0.209;;1;1
210615;F436;;;15000275;A;[B]0.653[E]0.718[D]0.307;;1;1
210615;F437;;;15264220;A;[B]0.202[E]0.244[D]0.25;;1;1
210615;F438;;;14605263;A;[B]1.357[E]0.68[D]0.202;;1;1
210615;F439;;;14870492;A;[E]0.202[L]1.147[D]0.303;;1;1
210615;F440;;;14672857;A;[B]0.414[L]0.875[D]0.469;;1;1
210615;F441;;;15396065;A;[E]0.344[L]0.202;;1;1
210615;F442;;;14608092;A;[C]0.101[L]1.268[D]0.439;;1;1
210615;F443;;;15462887;A;[D]0.202;;1;1
210615;F444;;;14279129;A;[B]0.888[C]0.554[D]0.403;;1;1
210615;F445;;;14673630;A;[B]0.487[C]0.317[D]0.288;;1;1
210615;F446;;;15396586;A;;;1;1
210615;F447;;;14937064;A;[C]0.211[I]0.162[D]0.182;;1;1
210615;F448;;;15134697;A;[C]0.172[L]0.222[D]0.121;;1;1
210615;F449;;;15200750;A;[AN]0.562;;1;1
210615;F450;;;14543074;A;[B]0.265[C]0.599[D]0.221;;1;1
210615;F451;;;14345954;A;[C]0.577[L]0.879[D]0.258;;1;1
210615;F452;;;13690080;A;[B]0.215[C]1.837[D]0.452;;1;1
210615;F453;;;14017763;A;[C]0.885[L]1.338[D]0.21;;1;1
210615;F454;;;14018795;A;[B]0.202[C]1.44;;1;1
210615;F455;;;14543591;A;[C]0.542[I]0.182[D]0.202;;1;1
210615;F456;;;14805995;A;[C]0.318[L]0.429;;1;1
210615;F457;;;14411493;A;[B]0.331[C]0.645[L]0.202;;1;1
210615;F458;;;14345960;A;[B]0.202[C]0.713[I]0.202;;1;1
210615;F459;;;13886437;A;[B]0.308[C]1.228[I]0.202;;1;1
210615;F460;;;14739943;A;[C]0.202[L]0.935;;1;1
210615;F461;;;14412268;A;[C]0.842[L]0.362;;1;1
210615;F462;;;14477804;A;[C]0.604[L]0.554;;1;1
210615;F463;;;14279913;A;[C]0.504[I]0.385[RN]0.202;;1;1
210615;F464;;;14279912;A;[C]0.449[I]0.466;;1;1
210615;F465;;;13688292;A;[B]0.44[C]1.096[F]0.208;;1;1
210615;F466;;;13360354;A;[C]1.292[L]2.722[I]0.202;;1;1
210615;F467;;;14345448;A;[C]0.46[I]0.442;;1;1
210615;F468;;;15001574;A;[B]0.275[L]0.202[RN]0.336;;1;1
210615;F469;;;14147816;A;[B]0.202[C]0.347[F]0.248;;1;1
210615;F470;;;14279913;A;[C]0.485[I]0.435;;1;1
210615;F471;;;14673385;A;[I]0.461[AN]0.172;;1;1
210615;F472;;;14015972;A;[B]0.382[C]0.315[F]0.3;;1;1
210615;F473;;;13292768;A;[B]0.666[C]0.534[F]0.614;;1;1
210615;F474;;;13950178;A;[B]0.501[C]0.303[F]0.298;;1;1
210615;F475;;;14343394;A;[B]0.376[I]0.486[RN]0.681;;1;1
210615;F476;;;14278631;A;[L]0.483[I]0.202[F]0.202;;1;1
210615;F477;;;15067627;A;[L]0.379[RN]0.289;;1;1
210615;F478;;;14869476;A;[B]0.202[V]0.409[I]0.22;;1;1
210615;F479;;;14540772;A;[B]0.202[V]0.468[I]0.487;;1;1
210615;F480;;;14541798;A;[L]1.04[I]0.335;;1;1
210615;F481;;;14935525;A;[B]0.234[V]0.202[I]0.202;;1;1
210615;F482;;;14607842;A;[B]0.202[L]1.328;;1;1
210615;F483;;;13818074;A;[B]1.137[C]0.331[F]0.267;;1;1
210615;F484;;;14673378;A;[B]0.421[C]0.228[L]0.484;;1;1
210615;F485;;;14739944;A;[L]0.972[AN]0.202;;1;1
210615;F486;;;14804964;A;[B]0.384[C]0.207;;1;1
210615;F487;;;14278877;A;[B]0.8[C]0.395[L]0.627;;1;1
210615;F488;;;14606043;A;[B]1.175[V]0.266;;1;1
210615;F489;;;14275531;A;[B]1.686[V]0.676[E]0.825;;1;1
210615;F490;;;14736079;A;[B]0.95[V]0.502[E]0.902;;1;1
210615;F491;;;15132896;A;[B]0.202[E]0.258[L]0.202;;1;1
210615;F492;;;15001055;A;[B]0.202[E]0.311[I]0.202;;1;1
210615;F493;;;15330275;A;[E]0.272[L]0.299;;1;1
210615;F494;;;15330275;A;[E]0.266[L]0.398;;1;1
210615;F495;;;14803932;A;[V]0.253[E]0.431[L]0.958;;1;1
210615;F496;;;14935517;A;[B]0.284[E]0.364[L]0.366;;1;1
210615;F497;;;15396585;A;[B]0.202;;1;1
210615;F498;;;15198946;A;[E]0.277[L]0.328;;1;1
210615;F499;;;15001569;A;[B]0.584;;1;1
210615;F500;;;14869983;A;[V]0.202[E]0.383[L]0.919;;1;1
210615;F501;;;14869989;A;[B]0.211[V]0.221[I]0.202;;1;1
210615;F502;;;15328737;A;[V]0.574[E]0.304;;1;1
210615;G300;;;14019824;A;[C]0.826[AN]1.012;;1;1
210615;G301;;;14085872;A;[C]0.202[L]0.202[AN]1.824;;1;1
210615;G302;;;11790065;A;[AN]10.156[RN]0.33;;1;1
210615;G303;;;13363954;A;[C]1.307[AN]2.105;;1;1
210615;G304;;;12773616;A;[C]1.664[AN]3.349;;1;1
210615;G305;;;12969453;A;[C]2.383[L]0.339[AN]1.222;;1;1
210615;G306;;;13363185;A;[T]1.404[AN]1.13[RN]0.289;;1;1
210615;G307;;;13297389;A;[C]0.684[I]0.251[AN]2.477;;1;1
210615;G308;;;11786734;A;[C]6.839[RN]0.547;;1;1
210615;G309;;;13756144;A;[C]1.854[RN]0.253;;1;1
210615;G310;;;12246769;A;[C]5.827[RN]0.203;;1;1
210615;G311;;;12377327;A;[T]3.452[I]0.243[F]0.203;;1;1
210615;G312;;;12507117;A;[C]0.202[T]2.222[F]0.525;;1;1
210615;G313;;;14149616;A;[T]0.971[RN]0.521;;1;1
210615;G314;;;12311024;A;[C]2.129[T]2.199[RN]1.441;;1;1
210615;G315;;;13163501;A;[T]1.382[F]0.397;;1;1
210615;G316;;;13623025;A;[T]1.308[RN]1.616;;1;1
210615;G317;;;13031406;A;[T]2.145[RN]2.318;;1;1
210615;G318;;;13358571;A;[C]0.261[F]0.836;;1;1
210615;G319;;;14082289;A;[T]0.913[RN]1.685;;1;1
210615;G320;;;13227500;A;[C]2.026[RN]2.786;;1;1
210615;G321;;;13752301;A;[C]1.184[RN]2.88;;1;1
210615;G322;;;13487594;A;[RN]3.56[F]0.442;;1;1
210615;G323;;;13751276;A;[RN]2.26[F]0.475;;1;1
210615;G324;;;13223406;A;[T]0.73[RN]9.358;;1;1
210615;G325;;;13422313;A;[I]0.202[RN]3.148[F]0.504;;1;1
210615;G326;;;12500194;A;[L]2.132[RN]9.518[F]0.451;;1;1
210615;G327;;;12564455;A;[L]0.273[RN]15.222[F]0.204;;1;1
210615;G328;;;13485288;A;[B]0.203[RN]9.576;;1;1
210615;G329;;;14604268;A;[V]0.67[RN]2.643;;1;1
210615;G330;;;12826080;A;[V]8.745[RN]4.936[F]0.538;;1;1
210615;G331;;;13946601;A;[V]0.417[I]0.278[RN]4.695;;1;1
210615;G332;;;12762338;A;[V]4.936[RN]2.302[F]0.929;;1;1
210615;G333;;;14145254;A;[V]1.578[L]0.673[F]0.239;;1;1
210615;G334;;;13684711;A;[V]2.037[F]0.613;;1;1
210615;G335;;;14146280;A;[B]0.202[RN]1.084[F]0.297;;1;1
210615;G336;;;14209768;A;[V]1.261[I]0.292[RN]2.571;;1;1
210615;G337;;;14604263;A;[V]1.528[L]0.707[RN]1.05;;1;1
210615;G338;;;14273507;A;[V]4.127[L]0.671[RN]1.176;;1;1
210615;G339;;;14406368;A;[B]0.275[V]2.849[I]0.325;;1;1
210615;G340;;;13615061;A;[V]3.434[E]0.267[I]0.315;;1;1
210615;G341;;;13876170;A;[V]9.723[E]1.799[I]0.465;;1;1
210615;G342;;;14799068;A;[V]3.99[E]0.456;;1;1
210615;G343;;;15260122;A;[V]2.15[E]0.751;;1;1
210615;G344;;;14997462;A;[V]2.121[E]0.867[L]0.202;;1;1
210615;G345;;;14733264;A;[B]0.202[V]3.32[E]1.205;;1;1
210615;G346;;;15059913;A;[V]4.94[E]2.629;;1;1
210615;G347;;;15126728;A;[V]3.253[E]2.643;;1;1
210615;G348;;;14601150;A;[B]0.634[V]2.916[E]3.503;;1;1
210615;G349;;;14797240;A;[V]3.393[E]4.648;;1;1
210615;G350;;;15063760;A;[B]0.23[V]1.178[E]1.397;;1;1
210615;G351;;;15391946;A;[V]0.951[E]2.179;;1;1
210615;G352;;;15129292;A;[B]0.214[V]1.126[E]1.75;;1;1
210615;G353;;;14930108;A;[B]0.377[V]1.934[E]3.747;;1;1
210615;G354;;;15261385;A;[B]0.254[V]0.372[E]2.134;;1;1
210615;G355;;;15193012;A;[B]0.101[V]0.914[E]5.401;;1;1
210615;G356;;;15193015;A;[V]1.219[E]4.669;;1;1
210615;G357;;;14800831;A;[V]0.202[E]3.35[I]0.37;;1;1
210615;G358;;;14999494;A;[E]2.087[L]0.989[D]0.303;;1;1
210615;G359;;;14801860;A;[E]2.588[L]1.202;;1;1
210615;G360;;;15655606;A;[E]3.771[D]1.389;;1;1
210615;G361;;;15063990;A;[B]0.202[E]3.45[D]1.098;;1;1
210615;G362;;;14997174;A;[B]0.203[E]4.594[L]0.748;;1;1
210615;G363;;;15195055;A;[E]4.574[D]1.417;;1;1
210615;G364;;;14604727;A;[B]0.708[E]2.525[D]1.963;;1;1
210615;G365;;;15261626;A;[E]3.015[D]1.014;;1;1
210615;G366;;;14868153;A;[B]0.202[E]2.187[D]1.987;;1;1
210615;G367;;;14209969;A;[B]1.324[E]2.747[D]2.537;;1;1
210615;G368;;;14344658;A;[B]0.38[L]1.514[D]1.037;;1;1
210615;G369;;;13948859;A;[B]1.864[D]3.265;;1;1
210615;G370;;;14477015;A;[C]0.273[L]1.078[D]0.923;;1;1
210615;G371;;;14937042;A;[L]0.37[D]1.433;;1;1
210615;G372;;;14871509;A;[C]0.209[D]1.068;;1;1
210615;G373;;;14346190;A;[B]0.292[D]1.657[AN]0.907;;1;1
210615;G374;;;14674390;A;[C]0.334[L]0.298[D]1.052;;1;1
210615;G375;;;12706755;A;[D]3.249[AN]4.986;;1;1
210615;G376;;;12769735;A;[B]0.776[C]3.046[D]2.492;;1;1
210615;G377;;;13885654;A;[C]0.82[L]2.002[D]0.975;;1;1
210615;G378;;;13954527;A;[D]0.568[AN]2.151;;1;1
210615;G379;;;13361362;A;[B]0.26[C]2.199[D]1.619;;1;1
210615;G380;;;10541236;A;[B]0.405[D]7.206[AN]19.611;;1;1
210615;G381;;;12707279;A;[B]0.204[D]1.971[AN]5.67;;1;1
210615;G382;;;13823973;A;[D]0.344[AN]2.855;;1;1
210615;G383;;;14019810;A;[L]0.351[D]0.366[AN]1.993;;1;1
210615;G384;;;13952217;A;[C]0.928[L]1.048[D]0.897;;1;1
210615;G385;;;13888230;A;[L]0.569[D]0.202[AN]2.146;;1;1
210615;G386;;;13690080;A;[B]0.294[C]1.922[D]0.395;;1;1
210615;G387;;;12248800;A;[B]0.393[D]0.407[AN]8.199;;1;1
210615;G388;;;12578027;A;[C]0.203[D]0.173[AN]6.18;;1;1
210615;G389;;;12380651;A;[B]0.203[AN]6.939;;1;1
210615;G390;;;12905968;A;[C]0.217[AN]5.129;;1;1
210615;G391;;;11461352;A;[B]0.442[C]0.925[AN]11.012;;1;1
210615;G392;;;10541031;A;[B]0.484[C]6.28[AN]10.712;;1;1
210615;G393;;;11722476;A;[C]3.621[L]0.712[AN]4.801;;1;1
210615;G394;;;13230825;A;[B]0.272[C]2.587;;1;1
210615;G395;;;12244964;A;[B]0.583[C]4.522[F]0.203;;1;1
210615;G396;;;13231084;A;[C]1.967[I]0.233[AN]0.725;;1;1
210615;G397;;;12838380;A;[B]0.202[C]1.713[AN]2.952;;1;1
210615;G398;;;12835815;A;[B]0.365[C]3.112[F]0.202;;1;1
210615;G399;;;13953009;A;[C]1.732[RN]0.326;;1;1
210615;G400;;;11391465;A;[C]6.982[I]0.372[F]0.348;;1;1
210615;G401;;;11654126;A;[T]4.715[F]0.576;;1;1
210615;G402;;;12114160;A;[T]3.703[F]0.47;;1;1
210615;G403;;;11850474;A;[C]5.04[F]0.577;;1;1
210615;G404;;;11653097;A;[C]5.316[F]0.66;;1;1
210615;G405;;;12902129;A;[T]2.26[F]0.275;;1;1
210615;G406;;;12046316;A;[T]2.776[F]1.026;;1;1
210615;G407;;;12177127;A;[C]2.648[I]0.256[F]0.812;;1;1
210615;G408;;;12373214;A;[C]1.586[I]2.197[F]0.286;;1;1
210615;G409;;;12637677;A;[T]1.908[F]0.639;;1;1
210615;G410;;;13490924;A;[C]0.81[F]0.507;;1;1
210615;G411;;;12833004;A;[C]2.796[RN]4.126;;1;1
210615;G412;;;12700387;A;[L]1.84[RN]1.244[F]1.089;;1;1
210615;G413;;;14212844;A;[RN]0.372[F]0.357;;1;1
210615;G414;;;13226984;A;[C]0.221[I]0.304[F]0.724;;1;1
210615;G415;;;13357278;A;[L]2.315[I]0.989[RN]1.76;;1;1
210615;G416;;;12831712;A;[L]3.297[RN]1.807[F]0.749;;1;1
210615;G417;;;12632539;A;[C]0.203[L]5.702[RN]7.78;;1;1
210615;G418;;;12699363;A;[L]1.75[RN]3.234[F]0.873;;1;1
210615;G419;;;14277608;A;[V]0.835[I]0.351[F]0.212;;1;1
210615;G420;;;14409186;A;[B]0.489[V]0.31[F]0.225;;1;1
210615;G421;;;14473961;A;[V]1.232[F]0.234;;1;1
210615;G422;;;13752808;A;[L]0.845[F]0.535;;1;1
210615;G423;;;13618919;A;[V]2.172[F]0.644;;1;1
210615;G424;;;13156057;A;[V]6.297[E]0.516[F]0.847;;1;1
210615;G425;;;14208473;A;[B]0.902[V]3.657[L]0.7;;1;1
210615;G426;;;14144984;A;[V]1.357[E]0.429[L]3.036;;1;1
210615;G427;;;14077644;A;[B]2.187[V]1.578[E]0.34;;1;1
210615;G428;;;13617604;A;[B]3.795[V]1.187[E]0.764;;1;1
210615;G429;;;14013384;A;[V]0.294[E]2.044[L]4.14;;1;1
210615;G430;;;15523536;A;[V]1.002[E]1.54;;1;1
210615;G431;;;15194303;A;[B]0.202[V]0.755[E]3.149;;1;1
210615;G432;;;15063496;A;[B]0.323[V]0.943[E]2.139;;1;1
210615;G433;;;14865607;A;[B]0.574[V]1.605[E]2.195;;1;1
210615;G434;;;15457999;A;[V]1.157[E]1.706;;1;1
210615;G435;;;15130319;A;[B]0.514[V]0.439[E]1.322;;1;1
210615;G436;;;14209467;A;[B]1.957[E]2.477[D]0.737;;1;1
210615;G437;;;15458762;A;[B]0.202[E]2.163;;1;1
210615;G438;;;14144195;A;[B]2.524[E]1.422[D]0.296;;1;1
210615;G439;;;14146512;A;[B]1.168[L]1.332[D]0.73;;1;1
210615;G440;;;13948356;A;[B]2.213[D]1.553;;1;1
210615;G441;;;14738644;A;[B]0.565[L]0.244[D]0.794;;1;1
210615;G442;;;14477016;A;[C]0.303[L]1.067[D]0.917;;1;1
210615;G443;;;14871773;A;[C]0.202[L]0.142[D]0.522;;1;1
210615;G444;;;12898247;A;[B]2.934[C]1.997[D]1.053;;1;1
210615;G445;;;13621713;A;[B]1.451[C]1.292[D]0.614;;1;1
210615;G446;;;14477024;A;[B]0.378[C]0.623[D]0.247;;1;1
210615;G447;;;14148057;A;[B]0.775[C]0.864[D]0.491;;1;1
210615;G448;;;13951452;A;[B]0.622[C]1.167[D]0.273;;1;1
210615;G449;;;14020847;A;[D]0.101[AN]2.447;;1;1
210615;G450;;;13360601;A;[B]0.723[C]2.041[D]0.455;;1;1
210615;G451;;;13427681;A;[C]2.327[L]0.565[D]0.524;;1;1
210615;G452;;;12508124;A;[B]0.449[C]4.182[D]0.614;;1;1
210615;G453;;;12441562;A;[C]3.762[I]0.922[D]0.825;;1;1
210615;G454;;;12180194;A;[C]5.122[I]0.493[D]0.506;;1;1
210615;G455;;;14214884;A;[C]0.812[I]0.288[D]0.258;;1;1
210615;G456;;;13362923;A;[C]1.174[L]0.511[AN]1.426;;1;1
210615;G457;;;13031385;A;[C]1.653[I]1.237[D]0.72;;1;1
210615;G458;;;12307923;A;[C]2.193[I]2.376[D]0.95;;1;1
210615;G459;;;12506075;A;[C]2.845[I]1.452[D]0.534;;1;1
210615;G460;;;11981790;A;[C]4.992[I]1.144[D]0.486;;1;1
210615;G461;;;12637665;A;[B]0.683[C]2.706[F]0.352;;1;1
210615;G462;;;13360100;A;[C]1.214[L]2.159[F]0.202;;1;1
210615;G463;;;13359842;A;[B]0.588[C]1.621[F]0.258;;1;1
210615;G464;;;13688033;A;[B]0.591[C]1.072[F]0.202;;1;1
210615;G465;;;12110810;A;[B]1.239[C]3.182[F]0.608;;1;1
210615;G466;;;11520216;A;[B]1.463[C]5.36[F]0.664;;1;1
210615;G467;;;13227999;A;[B]0.782[C]1.471[F]0.331;;1;1
210615;G468;;;13424092;A;[B]1.097[C]0.827[F]0.361;;1;1
210615;G469;;;13030112;A;[B]0.623[C]1.168[F]0.613;;1;1
210615;G470;;;13491686;A;[C]1.268[I]0.788;;1;1
210615;G471;;;13424608;A;[B]0.619[C]0.826[F]0.396;;1;1
210615;G472;;;12832220;A;[B]0.964[C]0.535[F]0.855;;1;1
210615;G473;;;11648723;A;[C]0.641[I]5.254[F]0.203;;1;1
210615;G474;;;13291736;A;[B]0.732[I]1.802;;1;1
210615;G475;;;13620704;A;[B]0.572[L]0.202[F]0.571;;1;1
210615;G476;;;13883362;A;[B]0.523[V]0.273[F]0.494;;1;1
210615;G477;;;13160156;A;[B]0.951[F]0.841;;1;1
210615;G478;;;13948122;A;[B]1.026[V]0.688[F]0.279;;1;1
210615;G479;;;13685722;A;[B]1.118[V]0.318[F]0.462;;1;1
210615;G480;;;13621213;A;[B]0.202[L]3.475[F]0.222;;1;1
210615;G481;;;12830667;A;[B]2.57[I]1.987;;1;1
210615;G482;;;14081244;A;[B]0.375[V]0.202[L]2.816;;1;1
210615;G483;;;12634058;A;[B]2.252[L]5.773[F]0.282;;1;1
210615;G484;;;13753053;A;[B]0.79[C]0.756[I]0.658;;1;1
210615;G485;;;14213600;A;[B]0.538[C]0.548[I]0.202;;1;1
210615;G486;;;13291985;A;[B]2.023[C]0.821[I]0.558;;1;1
210615;G487;;;13358033;A;[B]2.14[C]1.002[I]0.306;;1;1
210615;G488;;;13552583;A;[B]3.739[V]0.548[E]0.202;;1;1
210615;G489;;;13682622;A;[B]3.093[V]1.459[E]1.599;;1;1
210615;G490;;;14341319;A;[B]1.602[V]0.373[E]1.452;;1;1
210615;G491;;;14935000;A;[B]0.202[E]0.678[I]0.202;;1;1
210615;G492;;;14737623;A;[B]0.944[E]0.347;;1;1
210615;G493;;;15198172;A;[E]0.571[L]0.718;;1;1
210615;G494;;;14607322;A;[B]0.738[C]0.202[D]0.279;;1;1
210615;G495;;;14080980;A;[B]1.652[C]0.493[D]0.202;;1;1
210615;G496;;;14803675;A;[B]0.846[E]0.202;;1;1
210615;G497;;;14541791;A;[B]0.624[C]0.258;;1;1
210615;G498;;;14671573;A;[B]1.044[E]0.361;;1;1
210615;G499;;;14211795;A;[B]1.53[I]0.266[D]0.28;;1;1
210615;G500;;;14539730;A;[B]1.325[E]0.398;;1;1
210615;G501;;;14343390;A;[B]0.514[V]0.487[I]0.426;;1;1
210615;G502;;;15131357;A;[B]0.333[V]0.549[E]0.33;;1;1
210615;H300;;;11461872;A;[C]2.297[AN]8.242;;1;1
210615;H301;;;11331057;A;[C]1.48[AN]9.939;;1;1
210615;H302;;;10346223;A;[C]4.171[L]0.297[AN]14.313;;1;1
210615;H303;;;10805748;A;[C]5.009[AN]11.176;;1;1
210615;H304;;;10280435;A;[AN]23.275[RN]1.494;;1;1
210615;H305;;;11393774;A;[C]8.679[AN]0.323;;1;1
210615;H306;;;12247026;A;[T]2.416[AN]4.406[RN]1.151;;1;1
210615;H307;;;11196912;A;[T]3.583[AN]6.377[F]0.408;;1;1
210615;H308;;;10540273;A;[T]7.07[AN]5.944[F]0.514;;1;1
210615;H309;;;13230833;A;[T]2.169[RN]0.812;;1;1
210615;H310;;;10409201;A;[T]7.181[AN]7.675[F]0.477;;1;1
210615;H311;;;10540531;A;[T]4.868[AN]10.71[RN]2.204;;1;1
210615;H312;;;11455727;A;[T]5.711[RN]2.689[F]0.401;;1;1
210615;H313;;;12703984;A;[T]2.922[RN]2.222;;1;1
210615;H314;;;11127534;A;[T]6.925[RN]1.711[F]0.721;;1;1
210615;H315;;;10798321;A;[T]9.347[RN]7.863;;1;1
210615;H316;;;9811696;A;[T]14.98[RN]15.3;;1;1
210615;H317;;;11651568;A;[T]5.461[RN]6.259;;1;1
210615;H318;;;11451621;A;[C]3.5[RN]7.629[F]1.061;;1;1
210615;H319;;;13095918;A;[C]2.214[RN]3.824;;1;1
210615;H320;;;11648742;A;[C]3.125[RN]6.655[F]1.033;;1;1
210615;H321;;;12897258;A;[T]0.677[RN]2.768[F]0.733;;1;1
210615;H322;;;12369645;A;[T]2.001[RN]11.006;;1;1
210615;H323;;;12566762;A;[C]1.857[RN]10.703;;1;1
210615;H324;;;10789861;A;[T]3.692[I]0.211[RN]35.688;;1;1
210615;H325;;;12105704;A;[T]1.752[I]0.357[RN]15.894;;1;1
210615;H326;;;9868498;A;[L]5.49[RN]38.951[F]2.903;;1;1
210615;H327;;;10326745;A;[L]2[RN]55.721[F]0.676;;1;1
210615;H328;;;12234977;A;[B]0.317[I]0.204[RN]20.111;;1;1
210615;H329;;;12760038;A;[V]3.237[RN]15.495;;1;1
210615;H330;;;11640539;A;[V]16.675[RN]17.538[F]0.647;;1;1
210615;H331;;;12892899;A;[V]5.179[RN]5.79[F]0.557;;1;1
210615;H332;;;11709403;A;[V]10.38[RN]3.64[F]1.853;;1;1
210615;H333;;;12959707;A;[V]5.144[E]0.385[F]0.982;;1;1
210615;H334;;;12828126;A;[B]0.29[V]6.307[F]0.987;;1;1
210615;H335;;;13420773;A;[V]3.52[F]0.712;;1;1
210615;H336;;;12825824;A;[V]8.622[RN]5.235[F]0.529;;1;1
210615;H337;;;14274021;A;[V]2.825[L]0.511[RN]1.851;;1;1
210615;H338;;;14140384;A;[V]7.935[L]0.697;;1;1
210615;H339;;;13550296;A;[B]0.813[V]5.725[F]0.368;;1;1
210615;H340;;;10981044;A;[V]7.556[E]0.822[F]0.414;;1;1
210615;H341;;;12426932;A;[B]2.63[V]30.602[E]3.493;;1;1
210615;H342;;;14137288;A;[V]13.043[E]2.395;;1;1
210615;H343;;;14401221;A;[V]9.064[E]2.732;;1;1
210615;H344;;;14600132;A;[V]4.826[E]2.663;;1;1
210615;H345;;;14597567;A;[V]10.214[E]4.263;;1;1
210615;H347;;;14531761;A;[V]8.288[E]7.37;;1;1
210615;H348;;;14400167;A;[V]7.816[E]9.363;;1;1
210615;H349;;;13938841;A;[V]10.339[E]14.185;;1;1
210615;H350;;;14731448;A;[V]3.999[E]4.748;;1;1
210615;H351;;;14927529;A;[V]3.3[E]8.531;;1;1
210615;H352;;;14865087;A;[B]0.432[V]1.556[E]3.429;;1;1
210615;H353;;;14533803;A;[B]0.668[V]3.505[E]7.377;;1;1
210615;H354;;;14732203;A;[B]0.606[V]1.191[E]7.133;;1;1
210615;H355;;;14465676;A;[V]3.354[E]19.676;;1;1
210615;H356;;;14927004;A;[V]2.366[E]11.587;;1;1
210615;H357;;;14797470;A;[V]0.203[E]10.672[L]0.946;;1;1
210615;H358;;;14931636;A;[E]5.044[L]1.012;;1;1
210615;H359;;;14929830;A;[B]0.203[E]8.414[I]0.203;;1;1
210615;H361;;;14666389;A;[B]0.203[E]10.839[D]1.849;;1;1
210615;H362;;;13943191;A;[E]12.926[L]3.911;;1;1
210615;H363;;;14797454;A;[E]13.04[D]3.083;;1;1
210615;H364;;;14668457;A;[B]0.492[E]5.758[D]1.726;;1;1
210615;H365;;;15127452;A;[E]8.36[D]2.22;;1;1
210615;H366;;;14341019;A;[B]0.142[E]5.973[D]4.828;;1;1
210615;H367;;;12762516;A;[B]4.621[E]7.026[D]7.523;;1;1
210615;H368;;;14277305;A;[B]0.99[E]0.932[D]3.002;;1;1
210615;H369;;;12632990;A;[B]5.085[E]0.825[D]9.512;;1;1
210615;H370;;;14015421;A;[E]0.772[I]0.712[D]3.21;;1;1
210615;H371;;;13885084;A;[E]0.522[D]11.201;;1;1
210615;H372;;;14017212;A;[B]0.361[D]4.241[AN]0.862;;1;1
210615;H373;;;13163948;A;[C]0.967[D]8.157[AN]0.973;;1;1
210615;H374;;;12834736;A;[B]0.542[C]1.959[D]6.837;;1;1
210615;H375;;;11589545;A;[B]0.605[D]9.363[AN]9.852;;1;1
210615;H376;;;11783092;A;[B]2.108[C]5.396[D]5.572;;1;1
210615;H377;;;12505278;A;[B]2.05[C]3.045[D]3.39;;1;1
210615;H378;;;12244925;A;[B]0.311[C]4.53[D]5.014;;1;1
210615;H379;;;10475701;A;[B]0.406[D]6.83[AN]19.983;;1;1
210615;H380;;;8767379;A;[C]3.203[D]24.907[AN]41.444;;1;1
210615;H381;;;11527111;A;[D]3.352[AN]11.474;;1;1
210615;H382;;;12511704;A;[D]1.283[AN]7.178;;1;1
210615;H383;;;12180686;A;[B]1.079[D]1.368[AN]7.67;;1;1
210615;H384;;;12835276;A;[C]2.507[L]2.742[D]2.077;;1;1
210615;H385;;;12969182;A;[L]1.38[D]0.59[AN]4.118;;1;1
210615;H386;;;11983833;A;[I]1.006[D]0.956[AN]7.925;;1;1
210615;H387;;;11001819;A;[B]0.85[D]0.635[AN]16.228;;1;1
210615;H388;;;10610148;A;[L]0.398[D]0.467[AN]18.493;;1;1
210615;H389;;;11264740;A;[L]1.434[D]0.248[AN]12.88;;1;1
210615;H390;;;11922161;A;[C]0.24[AN]8.78;;1;1
210615;H391;;;9623266;A;[L]4.424[AN]28.226;;1;1
210615;H392;;;9359590;A;[B]0.608[C]12.766[AN]17.691;;1;1
210615;H393;;;10081516;A;[C]11.679[L]0.386[AN]7.945;;1;1
210615;H394;;;11522787;A;[B]0.632[C]7.485[F]0.203;;1;1
210615;H395;;;9553123;A;[C]20.394[I]1.627;;1;1
210615;H396;;;11326701;A;[C]8.27[F]0.28;;1;1
210615;H397;;;11198449;A;[C]5.275[AN]6.36;;1;1
210615;H398;;;11063013;A;[B]0.437[C]9.478[F]0.368;;1;1
210615;H399;;;12442349;A;[C]3.838[F]0.251;;1;1
210615;H400;;;9551327;A;[B]0.765[C]19.127[F]1.421;;1;1
210615;H401;;;8893915;A;[B]0.917[C]25.476[F]1.87;;1;1
210615;H402;;;11062765;A;[T]6.789[F]0.865;;1;1
210615;H403;;;10470629;A;[C]10.6[I]0.418[F]1.087;;1;1
210615;H404;;;10404326;A;[C]10.667[F]1.569;;1;1
210615;H405;;;11849193;A;[C]4.038[F]0.997;;1;1
210615;H406;;;10862825;A;[B]0.289[T]8.834[RN]9.42;;1;1
210615;H407;;;10796255;A;[C]5.273[I]1.053[F]1.853;;1;1
210615;H408;;;11255770;A;[C]2.883[L]4.987[F]1.632;;1;1
210615;H409;;;10534375;A;[T]6.292[F]2.298;;1;1
210615;H410;;;12241637;A;[C]1.336[I]0.505[F]1.19;;1;1
210615;H411;;;10531810;A;[C]7.662[RN]10.26[F]1.549;;1;1
210615;H412;;;11450331;A;[L]3.629[RN]4.173[F]2.169;;1;1
210615;H413;;;11516380;A;[L]3.621[RN]3.206[F]2.143;;1;1
210615;H414;;;12240610;A;[C]0.219[L]1.303[F]1.49;;1;1
210615;H415;;;12436188;A;[L]4.429[RN]4.618[F]0.618;;1;1
210615;H416;;;11778520;A;[L]6.614[RN]6.636[F]1.07;;1;1
210615;H417;;;10922441;A;[L]18.976[RN]17.701[F]0.248;;1;1
210615;H418;;;10988761;A;[B]0.72[RN]10.441[F]2.762;;1;1
210615;H419;;;12303576;A;[V]3.866[E]0.763[F]1.777;;1;1
210615;H420;;;12370132;A;[B]1.54[V]1.572[F]1.393;;1;1
210615;H421;;;13223137;A;[V]4.103[I]0.519[F]0.652;;1;1
210615;H422;;;12371176;A;[RN]2.929[F]1.475;;1;1
210615;H423;;;13157089;A;[V]14.164[E]0.937[F]2.625;;1;1
210615;H424;;;11905482;A;[B]2.249[V]14.823[F]1.455;;1;1
210615;H425;;;12957382;A;[V]9.378[E]2.713[F]0.946;;1;1
210615;H426;;;13090755;A;[V]3.535[E]3.304[F]1.021;;1;1
210615;H427;;;13024189;A;[B]5.131[V]4.246[E]0.571;;1;1
210615;H428;;;12827058;A;[B]6.549[V]3.548[E]2.702;;1;1
210615;H429;;;13222064;A;[B]5.478[V]0.724[E]3.672;;1;1
210615;H430;;;14997192;A;[B]0.251[V]1.642[E]2.239;;1;1
210615;H431;;;13415309;A;[B]3.795[V]2.139[E]18.196;;1;1
210615;H432;;;14140592;A;[B]1.974[V]2.364[E]5.274;;1;1
210615;H433;;;14008493;A;[B]2.043[V]3.483[E]6.509;;1;1
210615;H434;;;14799811;A;[B]0.477[V]1.633[E]2.544;;1;1
210615;H435;;;14338739;A;[B]1.792[V]1.15[E]4.953;;1;1
210615;H436;;;13747625;A;[B]3.216[E]5.913[D]0.694;;1;1
210615;H437;;;14995886;A;[B]0.557[E]6.356;;1;1
210615;H438;;;13683125;A;[B]3.708[E]3.143[D]0.521;;1;1
210615;H439;;;13224378;A;[B]4.415[L]0.495[D]2.234;;1;1
210615;H440;;;12369055;A;[B]6.683[E]1.314[D]6.554;;1;1
210615;H441;;;13619640;A;[B]2.753[E]0.203[D]2.95;;1;1
210615;H442;;;13489344;A;[E]0.527[L]5.012[D]2.602;;1;1
210615;H443;;;12898999;A;[L]5.602[D]4.925[AN]0.707;;1;1
210615;H444;;;10398621;A;[B]14.167[C]7.285[D]5.927;;1;1
210615;H445;;;12109501;A;[B]4.366[C]3.722[D]2.011;;1;1
210615;H446;;;12701897;A;[B]2.674[C]2.627[D]0.847;;1;1
210615;H447;;;13293776;A;[B]1.662[C]1.817[D]0.855;;1;1
210615;H448;;;12833998;A;[B]1.682[C]2.724[D]0.897;;1;1
210615;H449;;;13363168;A;[L]1.213[D]0.43[AN]3.467;;1;1
210615;H450;;;11717837;A;[B]2.263[C]6.391[D]0.827;;1;1
210615;H451;;;11521997;A;[B]1.501[C]7.505[D]1.537;;1;1
210615;H452;;;10338756;A;[B]3.315[C]14.531[D]2.127;;1;1
210615;H453;;;9023931;A;[T]16.443[L]28.63[D]2.548;;1;1
210615;H454;;;10340307;A;[C]14.072[I]1.591[D]1.673;;1;1
210615;H455;;;12703701;A;[B]1.338[C]3.204[D]0.443;;1;1
210615;H456;;;11063262;A;[B]0.901[C]10.769[D]0.22;;1;1
210615;H457;;;10730690;A;[C]6.919[I]5.043[D]2.869;;1;1
210615;H458;;;11124678;A;[C]4.748[I]4.811[D]2.281;;1;1
210615;H459;;;11520210;A;[C]4.892[I]2.842[D]0.976;;1;1
210615;H460;;;9286853;A;[C]20.306[I]5.753[D]2.583;;1;1
210615;H461;;;11914203;A;[B]1.166[C]3.762[F]0.661;;1;1
210615;H462;;;11322324;A;[B]1.824[C]5.363[F]1.009;;1;1
210615;H463;;;12636383;A;[B]0.762[C]1.882[F]0.659;;1;1
210615;H464;;;11715796;A;[B]1.85[C]3.32[F]0.935;;1;1
210615;H465;;;10927567;A;[B]2.586[C]6.042[F]1.288;;1;1
210615;H466;;;10861774;A;[B]2.844[C]6.492[F]1.29;;1;1
210615;H467;;;10466244;A;[B]4.867[C]6.953[F]1.807;;1;1
210615;H468;;;12437714;A;[B]2.055[C]1.516[F]0.692;;1;1
210615;H469;;;11978200;A;[B]1.299[C]2.148[F]1.167;;1;1
210615;H470;;;12111582;A;[B]0.871[C]3.684[F]0.639;;1;1
210615;H471;;;11583702;A;[B]1.487[C]2.683[F]1.479;;1;1
210615;H472;;;11779794;A;[C]0.203[I]5.252[F]0.203;;1;1
210615;H473;;;9478333;A;[C]1.593[I]17.578[RN]2.151;;1;1
210615;H474;;;11055039;A;[B]5.986[F]2.624;;1;1
210615;H475;;;12765657;A;[B]1.154[F]1.114;;1;1
210615;H476;;;12501717;A;[B]1.524[V]1.313[F]1.177;;1;1
210615;H477;;;10989767;A;[B]3.656[V]0.606[F]2.963;;1;1
210615;H478;;;11579581;A;[B]6.243[V]3.12[F]1.568;;1;1
210615;H479;;;12041418;A;[B]1.804[V]1.269[I]4.091;;1;1
210615;H480;;;12634834;A;[B]2.255[C]1.046[F]0.758;;1;1
210615;H481;;;11778238;A;[B]6.511[C]0.203[F]1.204;;1;1
210615;H482;;;11910852;A;[B]4.658[C]1.786[F]0.765;;1;1
210615;H483;;;11516352;A;[B]5.94[C]2.179[F]1.015;;1;1
210615;H484;;;12832722;A;[B]2.2[C]1.678[F]0.281;;1;1
210615;H485;;;12503760;A;[B]2.631[C]2.139[F]0.401;;1;1
210615;H486;;;12239556;A;[B]4.13[C]1.53[I]1.326;;1;1
210615;H487;;;12173504;A;[B]5.87[C]1.647[F]0.283;;1;1
210615;H488;;;12696760;A;[B]7.27[V]1.326[E]0.328;;1;1
210615;H489;;;13287606;A;[B]4.449[V]2.172[E]2.452;;1;1
210615;H490;;;13813687;A;[B]3.164[V]0.841[E]3.002;;1;1
210615;H491;;;14079175;A;[B]2.312[E]0.361[D]0.709;;1;1
210615;H492;;;13684420;A;[B]3.663[E]0.258[D]0.393;;1;1
210615;H493;;;13750983;A;[B]2.895[C]0.211[D]0.867;;1;1
210615;H494;;;13752783;A;[B]1.555[C]0.933[D]0.716;;1;1
210615;H495;;;13225672;A;[B]3.292[C]0.896[D]0.383;;1;1
210615;H496;;;13948108;A;[B]2.491[L]0.317[D]0.359;;1;1
210615;H497;;;14081754;A;[B]1.083[C]0.572[L]0.202;;1;1
210615;H498;;;14078921;A;[B]2.14[V]0.202[E]0.881;;1;1
210615;H499;;;13027264;A;[B]4.853[I]0.538[D]0.724;;1;1
210615;H500;;;14013128;A;[B]2.215[V]0.202[E]0.814;;1;1
210615;H501;;;13553875;A;[B]1.943[V]0.36[F]0.379;;1;1
210615;H502;;;14605271;A;[B]1.037[V]0.73[E]0.296;;1;1
210615;J300;;;9953265;A;[C]2.709[I]0.214[AN]21.35;;1;1
210615;J301;;;10281200;A;[C]1.908[I]0.204[AN]18.431;;1;1
210615;J302;;;8706031;A;[C]5.056[I]0.35[AN]37.581;;1;1
210615;J303;;;8573685;A;[T]7.891[AN]33.442[RN]2.404;;1;1
210615;J304;;;8377333;A;[T]4.091[AN]45.677[RN]2.246;;1;1
210615;J305;;;8702704;A;[T]11.244[AN]21.666[F]0.889;;1;1
210615;J306;;;10146290;A;[T]4.983[AN]14.268[RN]3.015;;1;1
210615;J307;;;9425142;A;[T]12.34[AN]12.61[RN]2.527;;1;1
210615;J308;;;7980790;A;[T]34.182[F]0.605;;1;1
210615;J309;;;11064307;A;[T]7.228[AN]1.771[RN]2.396;;1;1
210615;J310;;;8767473;A;[AN]46.984[RN]7.468;;1;1
210615;J311;;;8964338;A;[T]8.752[AN]23.846[RN]4.875;;1;1
210615;J312;;;9879794;A;[T]14.952[RN]7.555;;1;1
210615;J313;;;10733552;A;[T]9.284[RN]5.409;;1;1
210615;J314;;;7907310;A;[T]38.098[RN]23.08;;1;1
210615;J315;;;9550064;A;[T]16.824[RN]12.5;;1;1
210615;J316;;;7444710;A;[T]40.207[RN]41.014;;1;1
210615;J317;;;9087464;A;[T]18.831[RN]23;;1;1
210615;J318;;;8755676;A;[C]21.267[RN]42.43[F]0.588;;1;1
210615;J319;;;9609189;A;[C]1.074[T]10.449[RN]38.532;;1;1
210615;J320;;;8820446;A;[C]22.571[RN]56.35;;1;1
210615;J321;;;10924514;A;[C]4.008[RN]12.453[F]1.538;;1;1
210615;J322;;;10986473;A;[T]2.952[RN]35.091;;1;1
210615;J323;;;10264031;A;[C]4.241[RN]37.175[F]1.109;;1;1
210615;J324;;;8814550;A;[C]6.364[RN]116.924;;1;1
210615;J325;;;9474523;A;[AN]7.193[RN]53.728[F]2.015;;1;1
210615;J326;;;8881608;A;[L]10.481[RN]65.626[F]4.192;;1;1
210615;J327;;;8879317;A;[C]1.834[RN]118.349[F]0.305;;1;1
210615;J328;;;9931479;A;[L]2.486[I]0.412[RN]77.419;;1;1
210615;J329;;;10390738;A;[V]30.219[RN]25.343[F]2.108;;1;1
210615;J330;;;10258642;A;[V]29.962[RN]37.28[F]1.494;;1;1
210615;J331;;;10852573;A;[V]7.513[RN]37.27[F]0.907;;1;1
210615;J332;;;10655954;A;[V]23.396[RN]4.646[F]3.494;;1;1
210615;J333;;;11117264;A;[B]0.865[V]17.514[F]2.812;;1;1
210615;J334;;;11511761;A;[V]15.772[E]0.7[F]2.416;;1;1
210615;J335;;;10919378;A;[V]6.044[I]3.846[RN]27.334;;1;1
210615;J336;;;10324179;A;[V]28.018[RN]42.5[F]0.955;;1;1
210615;J337;;;12165582;A;[V]25.262[E]0.7[F]0.953;;1;1
210615;J338;;;12886482;A;[V]31.045[E]0.339;;1;1
210615;J339;;;11904710;A;[B]2.617[V]17.594[F]1.15;;1;1
210615;J340;;;9335195;A;[B]6.201[V]45.857[F]0.957;;1;1
210615;J341;;;9925523;A;[B]11.191[V]117.24[E]9.474;;1;1
210615;J342;;;13739964;A;[V]25.922[E]4.709;;1;1
210615;J343;;;13872822;A;[V]16.749[E]5.616;;1;1
210615;J344;;;13940148;A;[B]0.363[V]11.597[E]5.367;;1;1
210615;J348;;;14002576;A;[V]15.093[E]20.411;;1;1
210615;J349;;;13082245;A;[V]21.213[E]28.947[L]0.592;;1;1
210615;J350;;;13873307;A;[V]11.187[E]13.617[L]0.303;;1;1
210615;J351;;;13607551;A;[V]15.838[E]33.385;;1;1
210615;J352;;;14665385;A;[B]0.494[V]2.737[E]7.858;;1;1
210615;J353;;;13808534;A;[B]1.616[V]6.646[E]14.9;;1;1
210615;J354;;;13741443;A;[B]1.203[V]6.203[E]26.158;;1;1
210615;J355;;;13541995;A;[V]8.177[E]48.228[L]0.303;;1;1
210615;J356;;;14003068;A;[V]8.21[E]31.104;;1;1
210615;J357;;;14006153;A;[B]1.82[V]1.012[E]20.329;;1;1
210615;J358;;;14333039;A;[E]37.371[L]1.064;;1;1
210615;J359;;;13346919;A;[V]0.207[E]48.829[L]4.577;;1;1
210615;J361;;;13741674;A;[B]1.193[E]36.765[D]2.098;;1;1
210615;J362;;;13611381;A;[E]32.302[L]4.459;;1;1
210615;J363;;;13086311;A;[B]2.057[E]35.751[D]8.228;;1;1
210615;J364;;;13745001;A;[E]29.142[D]10.835;;1;1
210615;J365;;;13349715;A;[E]45.064[D]17.208;;1;1
210615;J366;;;12562766;A;[E]39.527[D]27.683;;1;1
210615;J367;;;10853995;A;[B]14.33[E]24.335[D]22.362;;1;1
210615;J368;;;12105867;A;[B]6.627[E]5.961[D]13.855;;1;1
210615;J369;;;10133622;A;[B]19.833[I]0.702[D]34.042;;1;1
210615;J370;;;13160608;A;[B]1.913[E]0.203[D]10.774;;1;1
210615;J371;;;11847269;A;[E]3.597[D]45.945;;1;1
210615;J372;;;12571792;A;[B]0.53[D]18.512[AN]1.972;;1;1
210615;J373;;;11257985;A;[C]2.997[D]29.749[AN]3.094;;1;1
210615;J374;;;10928014;A;[B]2.071[C]6.761[D]22.128;;1;1
210615;J375;;;7517036;A;[T]7.277[D]81.451[AN]69.604;;1;1
210615;J376;;;8759175;A;[B]9.308[C]27.959[D]33.675;;1;1
210615;J377;;;11256234;A;[B]4.378[C]6.457[D]7.427;;1;1
210615;J378;;;10404513;A;[B]4.791[D]10.5[AN]17.449;;1;1
210615;J379;;;7122298;A;[C]24.796[D]63.426[AN]64.486;;1;1
210615;J380;;;7385208;A;[C]16.701[D]63.386[AN]65.852;;1;1
210615;J381;;;8639649;A;[D]18.076[AN]55.322;;1;1
210615;J382;;;9624256;A;[B]0.309[D]5.134[AN]32.311;;1;1
210615;J383;;;9684657;A;[B]4.036[D]5.704[AN]29.049;;1;1
210615;J384;;;10995123;A;[C]8.043[I]1.697[D]8.062;;1;1
210615;J385;;;10803663;A;[B]1.217[D]1.412[AN]17.156;;1;1
210615;J386;;;9028547;A;[I]4.087[D]4.547[AN]44.672;;1;1
210615;J387;;;9425613;A;[B]2.205[D]1.693[AN]37.411;;1;1
210615;J388;;;8312793;A;[B]0.911[D]0.975[AN]53.361;;1;1
210615;J389;;;10018016;A;[L]2.445[D]0.418[AN]24.188;;1;1
210615;J390;;;9757169;A;[C]1.632[L]0.205[AN]24.286;;1;1
210615;J391;;;8178394;A;[B]2.126[C]7.104[AN]49.395;;1;1
210615;J392;;;7649492;A;[B]2.618[C]40.404[AN]20.433;;1;1
210615;J393;;;9030373;A;[B]0.544[C]19.058[AN]13.207;;1;1
210615;J394;;;8765661;A;[B]1.291[C]29.184[AN]4.112;;1;1
210615;J395;;;7384791;A;[C]62.276[I]3.437[F]0.209;;1;1
210615;J396;;;10012904;A;[C]15.257[F]0.501;;1;1
210615;J397;;;9885423;A;[C]10.613[AN]12.062;;1;1
210615;J398;;;7123675;A;[B]1.364[C]72.301;;1;1
210615;J399;;;10143208;A;[C]14.683[F]0.89;;1;1
210615;J400;;;7317201;A;[B]1.902[C]59.866[F]2.811;;1;1
210615;J401;;;6725065;A;[B]3.009[C]88.988[F]4.685;;1;1
210615;J402;;;8434916;A;[C]15.215[T]12.479[F]2.481;;1;1
210615;J403;;;9091041;A;[B]0.688[T]16.493[F]2.341;;1;1
210615;J404;;;7906775;A;[B]1.207[T]25.655[F]5.34;;1;1
210615;J405;;;10534113;A;[C]7.192[I]0.595[F]2.287;;1;1
210615;J406;;;8628189;A;[T]14.114[F]6.257;;1;1
210615;J407;;;9087444;A;[B]0.833[C]13.805[F]4.724;;1;1
210615;J408;;;8691657;A;[C]10.848[L]14.829[F]6.423;;1;1
210615;J409;;;5995199;A;[C]51.562[F]34.105;;1;1
210615;J410;;;8493002;A;[B]1.479[C]5.122[F]10.738;;1;1
210615;J411;;;9019096;A;[C]9.363[RN]16.435[F]5.694;;1;1
210615;J412;;;10069207;A;[B]0.576[RN]8.866[F]5.367;;1;1
210615;J413;;;8491203;A;[L]17.448[RN]16.796[F]9.633;;1;1
210615;J414;;;9477840;A;[C]10.179[I]4.976[RN]28.671;;1;1
210615;J415;;;10989778;A;[L]8.996[RN]7.114[F]1.956;;1;1
210615;J416;;;8817845;A;[L]44.509[RN]40.856[F]2.313;;1;1
210615;J418;;;7567283;A;[L]36.576[RN]93.713[F]8.057;;1;1
210615;J419;;;9408701;A;[V]20.023[E]3.936[F]8.238;;1;1
210615;J420;;;10856905;A;[B]2.994[V]6.477[F]3.461;;1;1
210615;J421;;;11907547;A;[B]0.202[V]9.264[F]2.059;;1;1
210615;J422;;;10331089;A;[V]8.576[L]4.178[F]4.744;;1;1
210615;J423;;;9405884;A;[V]48.386[E]2.17[F]7.052;;1;1
210615;J424;;;9864879;A;[B]8.748[V]51.968[F]3.782;;1;1
210615;J425;;;10719399;A;[B]12.392[V]33.462[F]1.069;;1;1
210615;J426;;;11906224;A;[V]7.74[E]7.89[F]2.202;;1;1
210615;J427;;;11971756;A;[V]7.812[E]7.735[I]5.041;;1;1
210615;J428;;;12234149;A;[B]10.265[V]5.388[E]4.516;;1;1
210615;J429;;;12299931;A;[B]9.265[V]2.672[E]8.649;;1;1
210615;J430;;;14600890;A;[B]0.849[V]2.77[E]4.164;;1;1
210615;J431;;;11571561;A;[B]12.278[V]12.785[E]56.85;;1;1
210615;J432;;;13217943;A;[B]3.864[V]5.955[E]13.661;;1;1
210615;J433;;;13217689;A;[B]3.712[V]7.518[E]13.282;;1;1
210615;J434;;;14469559;A;[B]0.911[V]2.861[E]4.386;;1;1
210615;J435;;;13087122;A;[B]5.07[V]3.229[E]16.198;;1;1
210615;J436;;;13221021;A;[B]4.755[E]8.777[D]1.015;;1;1
210615;J437;;;13350286;A;[B]4.493[V]0.404[E]17.463;;1;1
210615;J438;;;12498331;A;[B]9.062[E]8.095[D]1.726;;1;1
210615;J439;;;11842725;A;[B]10.549[I]0.892[D]4.208;;1;1
210615;J440;;;11119758;A;[B]14.596[E]0.205[D]14.28;;1;1
210615;J441;;;11382931;A;[B]13.021[D]12.75;;1;1
210615;J442;;;10529675;A;[B]7.009[L]19.802[D]19.103;;1;1
210615;J443;;;10202505;A;[C]0.606[L]32.216[D]25.978;;1;1
210615;J444;;;8621951;A;[B]38.605[C]16.069[D]17.492;;1;1
210615;J445;;;10202785;A;[B]12[C]10.152[D]5.815;;1;1
210615;J446;;;11320757;A;[B]6.645[C]5.904[D]2.161;;1;1
210615;J447;;;10992563;A;[B]6.841[C]7.913[D]3.438;;1;1
210615;J448;;;10400937;A;[B]9.239[C]11.006[D]4.836;;1;1
210615;J449;;;10599093;A;[B]6.43[C]10.935[D]2.964;;1;1
210615;J450;;;9088431;A;[B]9.806[C]27.261[D]3.627;;1;1
210615;J451;;;10535101;A;[B]4.018[C]12.719[D]2.982;;1;1
210615;J452;;;7447208;A;[C]59.286[I]8.821[D]15.47;;1;1
210615;J453;;;6460577;A;[B]20.931[C]116.248[D]6.765;;1;1
210615;J454;;;6989239;A;[B]6.5[C]83.616[D]5.264;;1;1
210615;J455;;;10205113;A;[B]7.106[C]13.846[D]1.441;;1;1
210615;J456;;;10207957;A;[C]14.144[I]2.867[D]0.938;;1;1
210615;J457;;;8955310;A;[B]13.735[C]23.428[I]1.88;;1;1
210615;J458;;;9809850;A;[T]7.367[I]9.921[D]3.533;;1;1
210615;J459;;;8956858;A;[B]7.501[C]23.506[I]3.885;;1;1
210615;J460;;;7445422;A;[B]14.463[C]57.562[I]4.615;;1;1
210615;J461;;;9022407;A;[B]4.283[C]20.031[F]2.636;;1;1
210615;J462;;;8692155;A;[B]7.894[C]19.754[F]4.046;;1;1
210615;J463;;;10401742;A;[B]2.708[C]8.176[F]1.963;;1;1
210615;J464;;;10466247;A;[B]3.831[C]5.924[F]2.123;;1;1
210615;J465;;;9413821;A;[B]1.101[C]6.507[I]14.988;;1;1
210615;J466;;;8757431;A;[B]9.003[C]18.143[F]3.925;;1;1
210615;J467;;;7901094;A;[B]17.642[C]21.997[F]7.598;;1;1
210615;J468;;;9215921;A;[B]11.389[C]10.017[F]4.105;;1;1
210615;J469;;;9151168;A;[C]8.913[I]15.54[F]0.548;;1;1
210615;J470;;;9744332;A;[B]3.184[C]10.726[F]2.987;;1;1
210615;J471;;;8559037;A;[B]5.867[C]11.692[F]7.62;;1;1
210615;J472;;;9872831;A;[C]0.258[L]2.921[I]16.132;;1;1
210615;J473;;;7965101;A;[B]6.506[L]24.067[F]13.082;;1;1
210615;J474;;;7833766;A;[C]2.221[L]10.813[I]39.608;;1;1
210615;J475;;;9607860;A;[B]9.383[V]2.323[F]6.064;;1;1
210615;J476;;;9015733;A;[B]8.539[V]8.585[F]8.8;;1;1
210615;J477;;;7173788;A;[L]110.549[RN]63.3[F]6.216;;1;1
210615;J478;;;9803946;A;[B]13.589[V]6.202[F]4.671;;1;1
210615;J479;;;11054011;A;[B]6.539[V]2.63[F]2.344;;1;1
210615;J480;;;11582407;A;[B]4.277[C]2.102[F]1.331;;1;1
210615;J481;;;9871013;A;[B]12.891[C]1.006[I]10.284;;1;1
210615;J482;;;9938352;A;[B]11.718[C]5.334[F]2.65;;1;1
210615;J483;;;9215660;A;[B]8.738[C]8.145[I]12.806;;1;1
210615;J484;;;11254466;A;[B]5.902[C]4.712[F]0.844;;1;1
210615;J485;;;10661557;A;[B]9.431[C]4.89[F]1.284;;1;1
210615;J486;;;10266539;A;[B]13.188[C]5.374[F]1.406;;1;1
210615;J487;;;10792107;A;[B]13.135[C]3.883[F]0.495;;1;1
210615;J488;;;11578794;A;[B]13.554[V]1.684[I]0.498;;1;1
210615;J489;;;12958126;A;[B]5.902[V]2.808[E]3.449;;1;1
210615;J490;;;12562846;A;[B]7.474[V]2.64[E]7.684;;1;1
210615;J491;;;13157295;A;[B]5.237[E]2.311[D]1.696;;1;1
210615;J492;;;12959924;A;[B]5.655[E]2.026[I]0.324;;1;1
210615;J493;;;12172204;A;[B]8.84[C]0.621[D]2.544;;1;1
210615;J494;;;12832451;A;[E]0.308[L]9.358[D]2.033;;1;1
210615;J495;;;12173240;A;[B]6.926[C]1.887[D]0.953;;1;1
210615;J496;;;13158336;A;[B]4.823[I]0.203[D]0.477;;1;1
210615;J497;;;12766151;A;[B]3.99[C]1.8;;1;1
210615;J498;;;13354427;A;[B]4.901[V]0.347[E]1.42;;1;1
210615;J499;;;11974833;A;[B]10.298[C]1.146[D]0.432;;1;1
210615;J500;;;13354683;A;[B]4.674[V]0.395[E]1.755;;1;1
210615;J501;;;12698055;A;[B]4.038[V]1.001[F]0.628;;1;1
210615;J502;;;14209229;A;[B]1.692[V]1.582[E]0.588;;1;1
210615;K300;;;7394036;A;[B]0.207[T]21.189[AN]32.674;;1;1
210615;K301;;;7460856;A;[T]15.064[L]0.23[AN]43.787;;1;1
210615;K303;;;6537971;A;[T]62.932[L]0.208[I]1.013;;1;1
210615;K304;;;6998263;A;[T]39.501[AN]18.674[F]0.343;;1;1
210615;K305;;;6142454;A;[T]77.641[F]1.198;;1;1
210615;K306;;;8701424;A;[T]19.284[AN]12.033[F]1.044;;1;1
210615;K307;;;7652601;A;[T]40.604[RN]3.066;;1;1
210615;K308;;;6077945;A;[T]68.382[AN]14.339[RN]3.87;;1;1
210615;K309;;;7584502;A;[T]43.131[RN]7.753;;1;1
210615;K310;;;6534382;A;[T]51.7[AN]14.005[F]2.095;;1;1
210615;K311;;;6402023;A;[T]67.279[L]2.211[F]2.499;;1;1
210615;K312;;;7450096;A;[T]45.884[RN]17.283;;1;1
210615;K313;;;7514610;A;[T]47.152[RN]21.922;;1;1
210615;K314;;;5474785;A;[T]111.36[RN]60.91[F]2.721;;1;1
210615;K315;;;5934821;A;[T]93.161[RN]63.42;;1;1
210615;K317;;;6982104;A;[T]43.485[RN]63.38[F]3.866;;1;1
210615;K319;;;7636445;A;[C]3.083[T]27.327[RN]97.878;;1;1
210615;K320;;;7241172;A;[T]24.972[RN]94.966[F]4.157;;1;1
210615;K321;;;7503056;A;[C]29.04[RN]127.157[F]0.673;;1;1
210615;K323;;;7764687;A;[C]20.637[RN]136[F]1.233;;1;1
210615;K325;;;8224210;A;[C]9.596[RN]113.839[F]2.329;;1;1
210615;K328;;;8418511;A;[B]0.404[RN]153.491[F]0.965;;1;1
210615;K331;;;8484297;A;[V]42.307[RN]83.471[F]4.855;;1;1
210615;K332;;;7958977;A;[V]57.592[RN]61.147[F]10.878;;1;1
210615;K333;;;8287414;A;[V]89.545[E]1.601[F]11.69;;1;1
210615;K334;;;9339580;A;[V]55.809[E]2.017[F]6.758;;1;1
210615;K335;;;8352701;A;[V]95.377[F]10.723;;1;1
210615;K336;;;8678849;A;[V]107.344[RN]54.962[F]3.741;;1;1
210615;K337;;;9204395;A;[V]105.693[E]4.981[F]5.537;;1;1
210615;K338;;;10976186;A;[V]104.843[E]2.053;;1;1
210615;K339;;;9995697;A;[V]56.77[E]2.209[I]11.113;;1;1
210615;K340;;;7953546;A;[B]14.172[V]128.031[I]3.933;;1;1
210615;K350;;;10188385;A;[B]16.393[V]68.622[E]83.333;;1;1
210615;K352;;;13211504;A;[V]24.822[E]52.663;;1;1
210615;K353;;;11699290;A;[B]3.082[V]35.724[E]92.747;;1;1
210615;K355;;;12026187;A;[V]33.486[E]146.271;;1;1
210615;K356;;;12486205;A;[V]12.853[E]179.633;;1;1
210615;K358;;;12618276;A;[E]190.708[D]1.212;;1;1
210615;K361;;;12225595;A;[B]0.218[E]155.668[I]1.717;;1;1
210615;K362;;;11965773;A;[B]5.83[E]88.563[D]7.143;;1;1
210615;K363;;;11045948;A;[B]7.157[E]124.737[D]31.003;;1;1
210615;K366;;;11115829;A;[B]0.215[E]72.741[D]56.781;;1;1
210615;K368;;;8948048;A;[B]30.3[E]32.353[D]85.189;;1;1
210615;K370;;;11580795;A;[B]6.219[E]5.269[D]26.315;;1;1
210615;K372;;;9023304;A;[C]1.689[D]125.782[AN]16.035;;1;1
210615;K373;;;8561232;A;[B]2.912[C]19.408[D]140.29;;1;1
210615;K374;;;8824173;A;[B]7.258[C]20.596[D]69.534;;1;1
210615;K376;;;6587236;A;[T]41.6[I]32.299[D]126.327;;1;1
210615;K377;;;8233092;A;[C]31.001[I]9.228[D]46.2;;1;1
210615;K378;;;7113830;A;[B]23.066[C]61.968[D]102.838;;1;1
210615;K381;;;6665347;A;[C]13.81[D]49.242[AN]107.439;;1;1
210615;K384;;;7184779;A;[C]74.134[I]2.235[D]46.66;;1;1
210615;K385;;;8239020;A;[I]6.256[D]9.922[AN]49.484;;1;1
210615;K386;;;6663340;A;[B]6.836[T]74.182[D]10.854;;1;1
210615;K387;;;7061431;A;[C]26.372[D]12.321[AN]77.254;;1;1
210615;K389;;;7259856;A;[B]3.707[I]0.211[AN]85.911;;1;1
210615;K390;;;7262956;A;[C]9.648[D]0.239[AN]63.009;;1;1
210615;K391;;;7193043;A;[B]3.336[C]11.24[AN]74.705;;1;1
210615;K392;;;6204879;A;[B]4.796[C]73.436[AN]65.693;;1;1
210615;K393;;;6665432;A;[B]2.279[C]63.159[AN]42.467;;1;1
210615;K394;;;6990536;A;[B]5.307[C]71.59[AN]6.275;;1;1
210615;K395;;;6988229;A;[B]5.331[C]80.989[F]2.656;;1;1
210615;K396;;;6594505;A;[B]4.596[C]98.686[F]2.763;;1;1
210615;K397;;;7784171;A;[T]27.605[I]1.756[AN]16.857;;1;1
210615;K398;;;6005971;A;[B]1.403[C]140.38[F]0.71;;1;1
210615;K399;;;8763618;A;[C]28.021[F]1.665;;1;1
210615;K400;;;5804740;A;[C]140.812[I]7.803[F]5.774;;1;1
210615;K401;;;4950205;A;[B]8.683[T]143.697[F]12.815;;1;1
210615;K402;;;5674451;A;[C]60.736[T]55.984[F]8.514;;1;1
210615;K403;;;6723787;A;[B]1.727[C]70.696[F]7.205;;1;1
210615;K404;;;6131144;A;[B]0.988[C]93.308[F]12.754;;1;1
210615;K405;;;7050698;A;[B]3.088[T]34.699[F]10.72;;1;1
210615;K406;;;6853584;A;[C]56.922[F]12.787;;1;1
210615;K407;;;6326467;A;[B]1.688[C]67.159[F]16.6;;1;1
210615;K408;;;6192825;A;[C]46.666[I]9.415[F]23.398;;1;1
210615;K410;;;6454199;A;[C]19.022[L]16.228[F]28.024;;1;1
210615;K411;;;6454983;A;[C]58.418[RN]75.782[F]11.202;;1;1
210615;K412;;;6846398;A;[B]0.944[RN]36.654[F]26.501;;1;1
210615;K413;;;5531817;A;[B]5.25[F]58.58;;1;1
210615;K414;;;6845880;A;[B]3.417[RN]47.628[F]24.533;;1;1
210615;K415;;;8029881;A;[L]31.337[RN]27.143[F]10.321;;1;1
210615;K419;;;7106468;A;[B]12.328[V]64.716[F]23.439;;1;1
210615;K420;;;7764146;A;[B]5.335[V]42.628[F]17.535;;1;1
210615;K421;;;9012412;A;[B]3.195[V]43.263[F]8.532;;1;1
210615;K422;;;7369640;A;[V]53.656[E]7.812[F]21.328;;1;1
210615;K423;;;7234465;A;[V]164.613[E]7.039[F]19.398;;1;1
210615;K424;;;8286110;A;[B]13.943[V]112.808[F]8.506;;1;1
210615;K426;;;9801111;A;[B]26.933[V]19.196[F]1.763;;1;1
210615;K427;;;10325652;A;[B]24.325[V]23.828[E]2.043;;1;1
210615;K428;;;9602173;A;[B]40.381[V]18.3[E]13.506;;1;1
210615;K429;;;10193782;A;[B]30.638[V]7.981[E]29.339;;1;1
210615;K430;;;13414810;A;[B]2.663[V]8.291[E]13.197;;1;1
210615;K432;;;11439722;A;[B]11.137[V]17.155[E]53.362;;1;1
210615;K433;;;11966331;A;[B]8.19[V]15.789[E]31.336;;1;1
210615;K434;;;13283995;A;[B]4.049[V]5.977[E]11.981;;1;1
210615;K435;;;11506028;A;[B]12.643[V]13.649[E]52.606;;1;1
210615;K436;;;10259048;A;[B]31.021[E]52.263;;1;1
210615;K438;;;10458743;A;[B]24.945[E]19.497[D]9.64;;1;1
210615;K439;;;10198411;A;[B]24.695[L]6.943[D]10.698;;1;1
210615;K440;;;9869689;A;[B]26.688[D]26.705;;1;1
210615;K441;;;10132862;A;[B]25.968[E]0.207[D]24.621;;1;1
210615;K442;;;8489835;A;[B]21.83[I]14.468[D]63.831;;1;1
210615;K443;;;7438677;A;[E]0.222[I]35.174[D]165.519;;1;1
210615;K444;;;7569519;A;[B]66.725[C]26.532[D]29.793;;1;1
210615;K445;;;8228738;A;[B]37.138[C]26.311[D]19.104;;1;1
210615;K446;;;9544604;A;[B]19.398[C]14.002[D]4.383;;1;1
210615;K447;;;8690579;A;[B]22.866[C]24.3[D]8.612;;1;1
210615;K448;;;8231569;A;[B]22.57[C]33.937[D]12.874;;1;1
210615;K449;;;6653053;A;[B]49.083[C]83.839[D]25.42;;1;1
210615;K450;;;6590614;A;[C]88.732[I]20.783[D]26.396;;1;1
210615;K451;;;7907753;A;[B]12.363[T]36.32[D]5.353;;1;1
210615;K452;;;6131608;A;[C]139.125[I]18.219[D]30.234;;1;1
210615;K453;;;5407631;A;[B]52.631[T]140.085[D]0.221;;1;1
210615;K454;;;5344930;A;[T]120.954[I]24.288[D]15.965;;1;1
210615;K455;;;7774375;A;[T]27.159[L]55.295[D]6.143;;1;1
210615;K456;;;6593206;A;[C]92.707[I]13.58[D]5.722;;1;1
210615;K457;;;7573656;A;[B]30.875[C]47.081[I]2.512;;1;1
210615;K458;;;7574175;A;[B]25.065[C]47.986[I]5.398;;1;1
210615;K459;;;6917793;A;[C]56.736[I]29.418[D]10.948;;1;1
210615;K460;;;5534083;A;[B]54.298[T]93.165[I]48.891;;1;1
210615;K461;;;6918063;A;[B]13.803[C]61.016[F]7.262;;1;1
210615;K463;;;7706550;A;[B]9.84[C]35.605[F]6.024;;1;1
210615;K464;;;7506598;A;[B]18.081[C]25.844[F]10.82;;1;1
210615;K465;;;6059415;A;[B]32.236[C]56.057[F]25.139;;1;1
210615;K466;;;6323613;A;[B]26.692[C]63.077[F]17.042;;1;1
210615;K467;;;5795464;A;[B]60.213[C]64.506[F]27.661;;1;1
210615;K468;;;6584719;A;[B]40.514[C]41.146[F]16.175;;1;1
210615;K469;;;7113133;A;[C]34.012[I]35.823[F]1.724;;1;1
210615;K470;;;6915243;A;[C]33.797[I]42.083[F]3.529;;1;1
210615;K471;;;6782371;A;[C]18.918[I]52.246[F]4.255;;1;1
210615;K472;;;6255257;A;[C]5.125[I]76.18[F]11.421;;1;1
210615;K473;;;6057367;A;[B]17.332[L]55.232[F]36.453;;1;1
210615;K474;;;5267071;A;[B]29.361[I]142.002[F]18.411;;1;1
210615;K475;;;5136527;A;[I]101.787[F]42.964;;1;1
210615;K476;;;6384014;A;[B]35.73[V]38.38[F]32.812;;1;1
210615;K477;;;6055303;A;[B]47.523[V]42.016[F]37.707;;1;1
210615;K478;;;7501195;A;[B]43.621[V]19.749[F]14.407;;1;1
210615;K479;;;8291739;A;[B]12.466[V]9.009[I]28.935;;1;1
210615;K480;;;9018027;A;[B]8.735[C]7.225[I]16.371;;1;1
210615;K481;;;8554898;A;[B]26.48[C]1.568[I]18.935;;1;1
210615;K482;;;7044493;A;[B]32.45[C]28.064[I]35.108;;1;1
210615;K483;;;7505045;A;[B]24.951[C]19.605[I]28.117;;1;1
210615;K484;;;9150379;A;[B]14.909[C]12.699[F]2.901;;1;1
210615;K485;;;8227475;A;[B]34.643[C]14.507[F]4.705;;1;1
210615;K486;;;8753301;A;[B]29.491[C]10.76[F]2.815;;1;1
210615;K487;;;9542041;A;[B]26.173[C]6.726[F]1.002;;1;1
210615;K488;;;10394263;A;[B]26.386[V]2.769[F]0.301;;1;1
210615;K489;;;11971747;A;[B]11.326[V]3.969[E]3.818;;1;1
210615;K490;;;11642002;A;[B]13.704[V]3.174[E]11.147;;1;1
210615;K491;;;12038297;A;[B]11.294[E]6.253[D]1.848;;1;1
210615;K492;;;12301992;A;[B]9.613[E]2.603[D]0.695;;1;1
210615;K493;;;10922395;A;[B]16.489[C]2.011[D]4.383;;1;1
210615;K494;;;11779761;A;[B]6.198[C]3.548[D]2.923;;1;1
210615;K495;;;10858152;A;[B]13.701[C]4.522[D]1.03;;1;1
210615;K496;;;11974575;A;[B]8.593[I]1.23[D]1.451;;1;1
210615;K497;;;12042171;A;[B]6.867[C]2.689[D]0.222;;1;1
210615;K498;;;12762032;A;[B]7.217[V]0.684[E]2.434;;1;1
210615;K499;;;10790558;A;[B]21.447[C]2.024[D]0.917;;1;1
210615;K500;;;12499115;A;[B]8.416[V]0.802[E]3.437;;1;1
210615;K501;;;11118764;A;[B]12.764[V]2.602[F]1.117;;1;1
210615;K502;;;13222336;A;[B]4.518[V]2.698[E]0.468;;1;1
210615;L301;;;4638455;A;[T]49.587[L]1.677[AN]138.116;;1;1
210615;L306;;;5090800;A;[C]0.214[T]121.166[F]2.236;;1;1
210615;L307;;;5289461;A;[C]0.213[T]108.76[F]1.349;;1;1
210615;L310;;;4827376;A;[C]18.978[T]140.155[RN]11.664;;1;1
210615;L312;;;5872879;A;[T]91.773[RN]32.4;;1;1
210615;L374;;;7245142;A;[T]25.154[I]14.74[D]159.882;;1;1
210615;L391;;;6074306;A;[B]8.63[C]26.853[AN]127.331;;1;1
210615;L393;;;5939913;A;[B]5.914[C]125.373[T]22.947;;1;1
210615;L395;;;5211307;A;[B]19.08[T]127.98[F]11.772;;1;1
210615;L397;;;4829672;A;[T]137.132[L]8.357[RN]1.869;;1;1
210615;L399;;;5869760;A;[B]5.336[C]137.908[F]7.973;;1;1
210615;L403;;;5539261;A;[B]3.569[C]150.856[F]16.697;;1;1
210615;L408;;;4547231;A;[T]74.622[I]36.767[F]66.017;;1;1
210615;L413;;;4413339;A;[B]5.941[V]16.16[F]119.195;;1;1
210615;L426;;;7235187;A;[B]90.077[V]82.806[F]8.569;;1;1
210615;L427;;;8154226;A;[B]71.097[V]80.836[E]9.446;;1;1
210615;L428;;;7826018;A;[B]97.363[V]46.012[E]38.616;;1;1
210615;L430;;;9665641;A;[B]34.507[V]32.059[E]50.563;;1;1
210615;L434;;;11439469;A;[B]10.842[V]21.4[E]52.59;;1;1
210615;L439;;;8619636;A;[B]48.889[L]14.409[D]21.319;;1;1
210615;L441;;;8355935;A;[B]58.524[E]11.484[D]59.333;;1;1
210615;L446;;;6649454;A;[B]90.197[C]60.408[D]26.946;;1;1
210615;L447;;;6585976;A;[B]69.02[C]83.25[D]26.797;;1;1
210615;L448;;;6521208;A;[B]56.229[C]90.758[D]33.984;;1;1
210615;L451;;;5736583;A;[T]94.339[I]29.983[D]44.489;;1;1
210615;L455;;;6654611;A;[B]38.681[C]100.133[D]4.449;;1;1
210615;L458;;;6520973;A;[B]47.516[C]84.165[I]13.985;;1;1
210615;L464;;;4808060;A;[B]86.625[T]48.808[F]66.32;;1;1
210615;L471;;;5137552;A;[C]52.063[I]116.231[F]28.28;;1;1
210615;L473;;;4939144;A;[C]0.22[I]145.96[F]34.189;;1;1
210615;L479;;;5660277;A;[B]97.857[V]21.885[F]41.695;;1;1
210615;L480;;;6713987;A;[B]39.328[C]10.928[I]62.119;;1;1
210615;L485;;;6254202;A;[B]69.977[C]42.339[I]48.252;;1;1
210615;L487;;;6845047;A;[B]82.006[C]18.998[I]25.682;;1;1
210615;L488;;;9276554;A;[B]43.606[V]2.003[F]1.255;;1;1
210615;L489;;;10261130;A;[B]29.583[V]8.46[E]7.844;;1;1
210615;L490;;;11181192;A;[B]17.059[V]4.655[E]15.047;;1;1
210615;L491;;;10393728;A;[B]27.783[E]12.912[D]6.756;;1;1
210615;L492;;;11052179;A;[B]18.958[E]4.002[D]3.119;;1;1
210615;L493;;;10132364;A;[B]29.933[C]0.722[D]7.044;;1;1
210615;L494;;;10596256;A;[B]12.348[C]6.57[D]5.731;;1;1
210615;L495;;;10331808;A;[B]18.895[C]6.754[D]1.665;;1;1
210615;L496;;;10855837;A;[B]20.618[C]1.171[D]1.215;;1;1
210615;L497;;;11318192;A;[B]11.759[C]3.277[I]0.204;;1;1
210615;L498;;;11512737;A;[B]14.762[E]2.571[I]0.408;;1;1
210615;L499;;;8487806;A;[B]64.35[C]6.402[F]0.35;;1;1
210615;L500;;;11512221;A;[B]15.889[V]0.605[E]3.942;;1;1
210615;L501;;;9079441;A;[B]34.721[V]7.147[F]3.774;;1;1
210615;L502;;;12366512;A;[B]8.379[V]5.596[E]1.319;;1;1
210615;M488;;;7828852;A;[B]89.912[V]5.736[F]3.054;;1;1
210615;M489;;;9537408;A;[B]41.411[V]10.708[E]8.948;;1;1
210615;M490;;;9997177;A;[B]35.537[V]6.677[E]24.182;;1;1
210615;M491;;;8617059;A;[B]65.19[E]33.663[D]18.065;;1;1
210615;M492;;;9736317;A;[B]37.19[E]8.133[D]8.98;;1;1
210615;M493;;;8618609;A;[B]66.391[E]1.424[D]17.347;;1;1
210615;M494;;;9147785;A;[B]33.644[C]9.883[D]9.214;;1;1
210615;M495;;;8885133;A;[B]35.08[C]13.756[D]3.525;;1;1
210615;M496;;;9935506;A;[B]31.238[C]2.875[D]1.459;;1;1
210615;M497;;;10265761;A;[B]20.67[C]4.905[F]0.466;;1;1
210615;M498;;;9604999;A;[B]43.568[E]0.356[D]1.64;;1;1
210615;M499;;;7632239;A;[B]103.936[C]8.275[D]0.79;;1;1
210615;M500;;;10525070;A;[B]27.759[V]0.739[E]6.621;;1;1
210615;M501;;;7895166;A;[B]65.34[V]11.15[F]6.339;;1;1
210615;M502;;;10853533;A;[B]20.119[V]9.101[I]0.347;;1;1
210615;N307;;;4957928;A;[C]21.217[T]122.459[F]3.012;;1;1
210615;N386;;;5734268;A;[B]60.649[T]108.668[D]21.768;;1;1
210615;N388;;;7518903;A;[C]34.852[D]10.361[AN]36.541;;1;1
210615;N389;;;6731971;A;[T]61.34[L]7.845[D]5.75;;1;1
210615;N390;;;6470608;A;[B]4.448[T]24.861[AN]78.037;;1;1
210615;N411;;;4281491;A;[B]14.809[F]151.097;;1;1
210615;N426;;;7037799;A;[B]118.843[V]71.525[I]9.918;;1;1
210615;N436;;;8089683;A;[B]79.878[E]82.619[D]19.618;;1;1
210615;N473;;;5924742;A;[B]57.76[I]0.212[F]42.015;;1;1
210615;N484;;;6386562;A;[B]53.426[C]47.448[I]47.9;;1;1
210615;N488;;;6513248;A;[B]178.132[V]15.702[F]5.418;;1;1
210615;N489;;;8550770;A;[B]70.425[V]15.168[E]13.162;;1;1
210615;N490;;;8747365;A;[B]63.751[V]8.893[E]43.448;;1;1
210615;N492;;;9275765;A;[B]46.686[E]10.92[D]11.979;;1;1
210615;N493;;;7565664;A;[B]106.779[E]9.782[D]27.278;;1;1
210615;N494;;;8094583;A;[B]59.267[C]14.562[D]15.015;;1;1
210615;N495;;;8029824;A;[B]56.999[C]22.489[D]6.299;;1;1
210615;N496;;;8421496;A;[B]70.707[C]2.923[D]3.727;;1;1
210615;N497;;;8161157;A;[B]54.684[C]18.79[F]0.628;;1;1
210615;N498;;;8486774;A;[B]75.856[E]1.16[D]2.473;;1;1
210615;N500;;;9932932;A;[B]38.795[V]2.221[E]9.468;;1;1
210615;N502;;;8353915;A;[B]65.916[V]28.331[F]1.849;;1;1
210615;S301;;;7524071;A;[B]0.578[C]10.34[AN]56.276;;1;1
210615;S302;;;5357027;A;[B]0.89[C]37.873[AN]157.794;;1;1
210615;S306;;;5091561;A;[C]55.358[T]92.966[RN]0.808;;1;1
210615;S307;;;6075374;A;[B]0.21[T]76.892[F]1.786;;1;1
210615;S312;;;5148383;A;[T]137.437[RN]39.671[F]4.426;;1;1
210615;S318;;;5006512;A;[T]33.365[RN]55.868[F]59.536;;1;1
210615;S333;;;7630766;A;[V]94.26[E]3.371[F]16.466;;1;1
210615;S337;;;10257072;A;[V]69.025[E]2.641[I]8.156;;1;1
210615;S342;;;9661312;A;[B]8.535[V]149.074[E]30.767;;1;1
210615;S343;;;9727607;A;[B]12.299[V]130.997[E]40.532;;1;1
210615;S344;;;11304318;A;[V]78.678[E]37.369;;1;1
210615;S345;;;10450809;A;[B]7.349[V]89.602[E]39.715;;1;1
210615;S347;;;9728098;A;[B]17.9[V]95.556[E]82.861;;1;1
210615;S348;;;9203294;A;[B]32.712[V]78.242[E]84.185;;1;1
210615;S349;;;11833464;A;[B]6.062[V]26.521[E]38.768;;1;1
210615;S351;;;11897448;A;[B]3.462[V]31.852[E]63.634;;1;1
210615;S352;;;11505007;A;[B]10.109[V]24.174[E]49.081;;1;1
210615;S353;;;12028514;A;[B]3.031[V]31.402[E]76.114;;1;1
210615;S355;;;11106891;A;[B]4.114[V]43.663[E]147.146;;1;1
210615;S356;;;12426608;A;[B]6.608[V]6.88[E]40.413;;1;1
210615;S358;;;12951381;A;[E]79.355[L]4.894[D]1.919;;1;1
210615;S364;;;10783033;A;[B]8.42[E]131.766[D]32.367;;1;1
210615;S367;;;10920575;A;[B]16.988[E]9.734[D]15.54;;1;1
210615;S368;;;9343596;A;[B]32.885[E]1.659[D]43.225;;1;1
210615;S369;;;10132604;A;[B]24.701[E]1.829[D]25.475;;1;1
210615;S370;;;8751956;A;[B]34.247[E]10.755[D]97.055;;1;1
210615;S372;;;9284693;A;[C]12.19[L]0.758[D]106.632;;1;1
210615;S373;;;7636049;A;[B]43.565[C]16.905[D]143.871;;1;1
210615;S374;;;9609085;A;[B]19.925[T]5.484[D]25.99;;1;1
210615;S375;;;7904116;A;[C]35.05[I]10.09[D]76.112;;1;1
210615;S379;;;8099960;A;[T]16.566[I]16.145[D]58.407;;1;1
210615;S381;;;8170904;A;[B]2.827[C]51.288[D]30.542;;1;1
210615;S382;;;8175010;A;[C]21.399[D]19.55[AN]34.678;;1;1
210615;S383;;;6062955;A;[T]70.108[I]29.047[D]103.243;;1;1
210615;S384;;;7904398;A;[B]17.233[C]44.5[D]23.363;;1;1
210615;S385;;;6982786;A;[B]31.687[C]73.258[D]30.284;;1;1
210615;S386;;;8300452;A;[C]33.886[L]32.694[D]12.71;;1;1
210615;S387;;;6070680;A;[C]112.68[D]38.177[AN]47.273;;1;1
210615;S388;;;8571079;A;[L]9.719[D]2.677[AN]45.759;;1;1
210615;S389;;;8177103;A;[B]3.641[C]4.912[AN]50.872;;1;1
210615;S390;;;7915740;A;[C]20.759[D]1.526[AN]34.584;;1;1
210615;S391;;;6600642;A;[B]8.117[C]9.659[AN]116.035;;1;1
210615;S392;;;4889021;A;[B]13.537[T]168.39[F]2.383;;1;1
210615;S393;;;5806009;A;[B]12.035[C]182.242[F]0.266;;1;1
210615;S395;;;5866915;A;[B]26.288[C]154.497[F]8.173;;1;1
210615;S397;;;4693707;A;[B]3.721[T]165.857[I]8.863;;1;1
210615;S398;;;4689854;A;[T]175.592[I]26.578;;1;1
210615;S399;;;5014191;A;[B]16.205[T]133.942[F]14.944;;1;1
210615;S400;;;6261165;A;[B]15.526[C]98.197[F]10.939;;1;1
210615;S403;;;5802690;A;[C]125.888[I]7.581[F]11.853;;1;1
210615;S404;;;5865397;A;[C]88.685[L]36.698[F]20.519;;1;1
210615;S405;;;4943531;A;[T]82.761[L]42.705[F]43.701;;1;1
210615;S408;;;7966134;A;[C]2.375[L]39.657[F]10.585;;1;1
210615;S410;;;4743315;A;[C]49.997[I]90.781[F]57.36;;1;1
210615;S411;;;6190000;A;[C]0.208[L]24.209[F]37.447;;1;1
210615;S412;;;5859491;A;[L]63.576[RN]85.295[F]35.921;;1;1
210615;S413;;;4676247;A;[B]14.159[V]17.17[F]91.737;;1;1
210615;S416;;;4675714;A;[B]61.368[F]99.378;;1;1
210615;S420;;;5923197;A;[B]71.738[V]44.901[F]37.452;;1;1
210615;S422;;;6053772;A;[B]35.554[V]100.963[F]38.449;;1;1
210615;S423;;;6578583;A;[B]19.079[V]137.827[F]27.431;;1;1
210615;S424;;;8549266;A;[B]26.607[V]81.53[F]5.775;;1;1
210615;S426;;;8683140;A;[B]49.296[V]24.204[F]2.862;;1;1
210615;S427;;;10918812;A;[B]19.184[V]12.637[E]1.309;;1;1
210615;S428;;;9406336;A;[B]45.735[V]8.905[E]7.092;;1;1
210615;S430;;;11246735;A;[B]16.209[V]7.927[E]11.205;;1;1
210615;S431;;;8875860;A;[B]50.666[V]40.63[E]111.153;;1;1
210615;S432;;;9798249;A;[B]33.36[V]11.658[E]46.463;;1;1
210615;S433;;;11111788;A;[B]17.134[V]12.424[E]50.591;;1;1
210615;S435;;;9798249;A;[B]37.402[V]12.098[E]49.255;;1;1
210615;S436;;;10062699;A;[B]33.833[E]41.995[D]4.091;;1;1
210615;S437;;;10324835;A;[B]28.718[E]54.646[D]6.779;;1;1
210615;S438;;;8945252;A;[B]55.455[E]39.173[D]10.472;;1;1
210615;S439;;;9408127;A;[B]43.829[E]0.724[D]9.77;;1;1
210615;S440;;;8750696;A;[B]52.652[E]2.294[D]46.554;;1;1
210615;S442;;;9081464;A;[B]21.632[I]10.664[D]37.516;;1;1
210615;S443;;;9542518;A;[E]10.271[I]14.876[D]40.039;;1;1
210615;S444;;;6976102;A;[B]107.962[C]29.129[D]28.874;;1;1
210615;S445;;;8226934;A;[B]16.255[I]26.439[D]46.398;;1;1
210615;S446;;;8558224;A;[B]31.015[C]22.727[D]6.485;;1;1
210615;S448;;;6781297;A;[B]78.306[C]62.659[D]26.396;;1;1
210615;S451;;;6392717;A;[B]32.203[C]116.891[D]18.693;;1;1
210615;S452;;;6131863;A;[B]22.52[C]143.657[D]16.795;;1;1
210615;S453;;;5473424;A;[T]107.209[I]38.07[D]28.161;;1;1
210615;S454;;;7379881;A;[B]18.38[C]62.738;;1;1
210615;S456;;;6984359;A;[C]58.141[I]25.124[D]8.871;;1;1
210615;S458;;;8690847;A;[B]25.459[C]23.481[L]0.207;;1;1
210615;S459;;;6193041;A;[B]41.241[C]106.993[I]19.852;;1;1
210615;S460;;;6653075;A;[B]34.091[C]74.719[I]17.682;;1;1
210615;S461;;;7378093;A;[B]15.073[C]48.731[F]4.96;;1;1
210615;S463;;;5401218;A;[B]37.905[T]65.103[I]91.005;;1;1
210615;S466;;;6454158;A;[B]47.34[C]62.803[F]11.543;;1;1
210615;S467;;;6056569;A;[B]65.368[C]26.238[I]72.635;;1;1
210615;S469;;;5468050;A;[C]90.709[I]108.136[F]1.963;;1;1
210615;S470;;;4810124;A;[B]48.179[T]97.315[F]49.804;;1;1
210615;S471;;;6781849;A;[B]7.634[C]17.791[I]63.47;;1;1
210615;S472;;;6254738;A;[I]104.284[F]1.958;;1;1
210615;S473;;;8358560;A;[B]13.27[I]18.793[F]4.163;;1;1
210615;S474;;;7437464;A;[B]28.043[F]17.804;;1;1
210615;S475;;;5332861;A;[B]55.313[I]75.748[F]35.839;;1;1
210615;S476;;;6777469;A;[B]72.713[V]27.27[F]19.174;;1;1
210615;S478;;;7369865;A;[B]43.145[V]21.657[F]15.16;;1;1
210615;S479;;;5593968;A;[B]118.259[V]36.418[F]42.252;;1;1
210615;S480;;;7174536;A;[B]34.314[C]8.53[I]45.86;;1;1
210615;S481;;;7173246;A;[B]52.98[L]7.111[I]38.825;;1;1
210615;S482;;;5859189;A;[B]79.829[C]40.042[I]77.604;;1;1
210615;S483;;;7505040;A;[B]35.576[C]25.164[I]18.639;;1;1
210615;S484;;;7111054;A;[B]45.479[C]41.661[F]6.549;;1;1
210615;S485;;;6517371;A;[B]70.821[C]41.754[I]30.911;;1;1
210615;S486;;;8161938;A;[B]36.569[C]18.268[F]4.11;;1;1
210615;S487;;;7634816;A;[B]65.483[C]20.274[F]2.427;;1;1
210615;S490;;;8286559;A;[B]79.946[V]12.698[E]59.69;;1;1
210615;S492;;;8157285;A;[B]81.177[E]18.572[D]17.516;;1;1
210615;S494;;;6844773;A;[B]109.557[C]30.987[D]29.573;;1;1
210615;S495;;;6976877;A;[B]104.165[C]34.408[D]11.083;;1;1
210615;S496;;;7434858;A;[B]108.255[C]5.925[D]6.504;;1;1
210615;S497;;;7371641;A;[B]81.166[C]27.303[F]0.671;;1;1
210615;S498;;;7499623;A;[B]122.719[E]5.415[D]3.599;;1;1
210615;S500;;;7959402;A;[B]96.555[V]8.227[E]13.452;;1;1
210615;V300;;;6343142;A;[C]10.815[L]3.626[AN]110.19;;1;1
210615;V301;;;8904174;A;[L]0.239[I]0.435[AN]40.109;;1;1
210615;V302;;;7260646;A;[B]0.7[C]16.455[AN]59.004;;1;1
210615;V303;;;6472692;A;[T]64.594[L]2.305;;1;1
210615;V305;;;10213106;A;[T]7.088[AN]9.393[F]0.397;;1;1
210615;V306;;;9487845;A;[C]19.79[I]0.513[F]0.204;;1;1
210615;V307;;;8572919;A;[T]24.248[AN]4.477[F]0.29;;1;1
210615;V308;;;6141932;A;[T]78.059[L]4.147[RN]3.037;;1;1
210615;V310;;;6989277;A;[C]34.522[T]24.653[F]4.244;;1;1
210615;V311;;;7973856;A;[C]46.481[T]1.42[RN]14.33;;1;1
210615;V312;;;7710693;A;[C]20.274[T]23.507[RN]21.009;;1;1
210615;V313;;;7710698;A;[C]5.469[T]35.368[RN]23.314;;1;1
210615;V314;;;7315172;A;[C]14.264[T]36.636[RN]35.329;;1;1
210615;V315;;;6196692;A;[T]65.767[RN]14.938[F]11.292;;1;1
210615;V316;;;6717904;A;[T]41.247[RN]62.964[F]10.189;;1;1
210615;V317;;;6126018;A;[C]82.172[RN]105.262[F]10.347;;1;1
210615;V318;;;8427479;A;[T]12.55[RN]17.741[F]7.18;;1;1
210615;V319;;;9282279;A;[T]15.52[RN]32.751;;1;1
210615;V320;;;8228825;A;[B]0.765[T]25.355[RN]69.421;;1;1
210615;V321;;;9409996;A;[B]1.703[RN]27.325[F]5.973;;1;1
210615;V322;;;8157389;A;[L]0.909[RN]116.565[F]5.82;;1;1
210615;V323;;;9605852;A;[C]5.014[RN]55.617[F]1.578;;1;1
210615;V324;;;9472469;A;[L]1.953[RN]71.765[F]2.112;;1;1
210615;V325;;;10065351;A;[L]18.914[RN]45.337[F]0.208;;1;1
210615;V326;;;9012669;A;[L]28.514[RN]74.576[F]0.333;;1;1
210615;V327;;;9735117;A;[I]5.244[RN]65.114;;1;1
210615;V328;;;10653903;A;[V]40.596[F]3.197;;1;1
210615;V329;;;9140681;A;[V]55.815[RN]49.769[F]3.711;;1;1
210615;V330;;;7696559;A;[V]87.065[E]3.157[F]16.541;;1;1
210615;V331;;;8287159;A;[V]91.513[E]1.462[F]11.397;;1;1
210615;V332;;;8287412;A;[V]77.743[E]2.457[F]11.851;;1;1
210615;V333;;;11907795;A;[V]7.413[E]0.897[F]2.072;;1;1
210615;V334;;;9930686;A;[V]48.791[E]2.191[F]4.878;;1;1
210615;V335;;;9074617;A;[B]1.817[V]95.767[F]6.131;;1;1
210615;V336;;;10519742;A;[B]2.282[V]68.412[F]1.892;;1;1
210615;V337;;;12363978;A;[V]19.028[E]0.804[I]2.239;;1;1
210615;V338;;;10123181;A;[V]109.2[E]4.641[F]1.797;;1;1
210615;V339;;;9927842;A;[B]12.49[V]79.035[F]1.216;;1;1
210615;V340;;;10981032;A;[B]11.635[V]42.392[L]1.223;;1;1
210615;V341;;;11046306;A;[B]11.32[V]44.25[E]2.732;;1;1
210615;V342;;;11240857;A;[B]4.48[V]63.368[E]12.03;;1;1
210615;V343;;;11241361;A;[B]6.328[V]55.956[E]16.55;;1;1
210615;V344;;;13743797;A;[B]1.13[V]10.046[E]4.791;;1;1
210615;V345;;;13676205;A;[V]16.077[E]7.144;;1;1
210615;V346;;;13084060;A;[B]1.458[V]19.013[E]13.531;;1;1
210615;V347;;;13348255;A;[B]1.908[V]12.597[E]11.466;;1;1
210615;V348;;;11046785;A;[B]15.706[V]24.214[E]24.177;;1;1
210615;V349;;;13151383;A;[B]3.278[V]10.069[E]14.281;;1;1
210615;V350;;;11111548;A;[B]14.178[V]27.51[E]30.818;;1;1
210615;V351;;;13477511;A;[V]13.478[E]24.893[L]0.606;;1;1
210615;V352;;;13809049;A;[B]1.65[V]5.732[E]13.147;;1;1
210615;V353;;;13086612;A;[B]4.114[V]5.557[E]14.238;;1;1
210615;V354;;;12294512;A;[B]6.083[V]11.115[E]44.497;;1;1
210615;V355;;;13480589;A;[B]3.128[V]3.139[E]19.163;;1;1
210615;V356;;;14073242;A;[B]1.894[V]2.318[E]12.117;;1;1
210615;V357;;;12032358;A;[B]9.609[V]1.522[E]55.961;;1;1
210615;V358;;;14532996;A;[E]19.216[L]0.231[D]2.323;;1;1
210615;V359;;;12756844;A;[E]42.497[L]9.285[D]0.505;;1;1
210615;V360;;;13742949;A;[B]0.126[E]39.407[D]7.609;;1;1
210615;V361;;;12688214;A;[B]0.209[E]70.904[I]2.055;;1;1
210615;V362;;;12955004;A;[B]0.205[E]30.644[I]2.643;;1;1
210615;V363;;;11902553;A;[B]6.645[E]56.326[D]13.578;;1;1
210615;V364;;;13614479;A;[B]2.686[E]13.633[D]3.27;;1;1
210615;V365;;;12101750;A;[B]8.382[E]26.852[D]7.276;;1;1
210615;V366;;;12298593;A;[B]3.006[E]37.192[D]16.211;;1;1
210615;V367;;;13092012;A;[B]4.763[E]1.995[D]3.022;;1;1
210615;V368;;;13159600;A;[B]3.227[L]1.28[D]4.921;;1;1
210615;V369;;;12369821;A;[B]6.412[E]0.204[D]9.634;;1;1
210615;V370;;;11186302;A;[B]9.988[E]2.083[D]27.092;;1;1
210615;V371;;;11385698;A;[B]1.744[E]5.329[D]50.631;;1;1
210615;V372;;;11519624;A;[B]0.984[C]3.626[D]25.63;;1;1
210615;V373;;;11386257;A;[B]4.6[C]3.881[D]18.585;;1;1
210615;V374;;;12042404;A;[B]5.508[T]1.357[D]7.46;;1;1
210615;V375;;;10467998;A;[B]4.998[C]10.588[D]12.704;;1;1
210615;V376;;;7570022;A;[C]1.144[I]40.729[D]98.389;;1;1
210615;V377;;;10860707;A;[B]7.422[C]7.441[D]8.325;;1;1
210615;V378;;;7964792;A;[C]1.194[I]35.477[D]53.312;;1;1
210615;V379;;;10599329;A;[C]7.265[I]3.862[D]14.694;;1;1
210615;V380;;;6792819;A;[B]10.919[D]62.504[AN]118.226;;1;1
210615;V381;;;10931644;A;[B]3.133[D]3.712[AN]15.112;;1;1
210615;V382;;;11064511;A;[B]1.822[D]3.481[AN]15.635;;1;1
210615;V383;;;8563091;A;[B]8.02[C]34.373[D]23.251;;1;1
210615;V384;;;9942180;A;[C]10.951[I]5.72[D]13.709;;1;1
210615;V385;;;10468529;A;[B]5.535[C]11.635[D]5.277;;1;1
210615;V386;;;10403257;A;[C]10.103[L]16.707[D]4.751;;1;1
210615;V387;;;9291975;A;[C]20.347[D]5.162[AN]9.273;;1;1
210615;V388;;;10016211;A;[L]4.666[D]1.271[AN]23.367;;1;1
210615;V389;;;10081498;A;[L]5.294[D]0.485[AN]22.461;;1;1
210615;V390;;;10148326;A;[B]0.578[C]4.454[AN]16.993;;1;1
210615;V391;;;8704219;A;[B]1.517[I]0.539[AN]45.838;;1;1
210615;V392;;;8042961;A;[B]3.463[C]31.592[AN]28.874;;1;1
210615;V393;;;7253455;A;[B]3.822[C]68.955[F]0.209;;1;1
210615;V394;;;6922167;A;[B]12.995[C]88.053[F]0.212;;1;1
210615;V395;;;7971001;A;[B]10.159[C]38.465[F]3.164;;1;1
210615;V396;;;7248311;A;[B]10.459[C]56.212[F]4.203;;1;1
210615;V397;;;7191004;A;[B]1.487[T]48.96[I]2.433;;1;1
210615;V398;;;6004939;A;[B]3.565[C]145.369[F]0.842;;1;1
210615;V399;;;6922183;A;[C]69.811[I]11.621[F]0.21;;1;1
210615;V400;;;8300230;A;[B]4.791[C]30.579[F]3.188;;1;1
210615;V401;;;7115956;A;[B]11.447[C]58.311[F]6.946;;1;1
210615;V402;;;7447245;A;[B]2.365[C]48.925[F]4.316;;1;1
210615;V403;;;6526666;A;[B]1.938[C]79.818[F]7.568;;1;1
210615;V404;;;9089244;A;[B]0.413[C]18.135[F]3.663;;1;1
210615;V405;;;6983110;A;[C]35.408[I]5.879[F]12.451;;1;1
210615;V406;;;5669304;A;[B]4.941[C]131.006[F]22.742;;1;1
210615;V407;;;6588081;A;[C]46.622[L]47.576[F]13.029;;1;1
210615;V408;;;10399178;A;[C]0.91[I]8.858[F]1.367;;1;1
210615;V409;;;7181013;A;[C]56.583[RN]41.393[F]2.529;;1;1
210615;V410;;;8163774;A;[C]2.577[L]25.075[F]11.092;;1;1
210615;V411;;;9938639;A;[B]1.724[F]6.636;;1;1
210615;V412;;;8819134;A;[L]27.858[RN]21.461[F]6.471;;1;1
210615;V413;;;7766967;A;[L]32.244[RN]29.156[F]11.713;;1;1
210615;V414;;;6976162;A;[L]82.959[RN]97.754[F]8.338;;1;1
210615;V415;;;4675460;A;[B]54.43[F]102.663;;1;1
210615;V416;;;8490672;A;[B]11.046[F]11.306;;1;1
210615;V417;;;9146792;A;[B]8.821[I]16.216[RN]17.312;;1;1
210615;V418;;;7173547;A;[L]52.885[RN]75.359[F]12.503;;1;1
210615;V419;;;8618669;A;[B]9.772[V]34.441[F]10.381;;1;1
210615;V420;;;8489377;A;[B]8.891[V]9.236[I]30.431;;1;1
210615;V421;;;7697844;A;[B]3.158[V]63.415[F]16.952;;1;1
210615;V422;;;9211821;A;[B]11.717[V]14.467[F]6.863;;1;1
210615;V423;;;10854083;A;[B]3.473[V]17.331[F]2.931;;1;1
210615;V424;;;9535900;A;[B]19.193[V]52.999[F]3.054;;1;1
210615;V425;;;7957635;A;[V]86.115[E]39.449[F]15.134;;1;1
210615;V426;;;11972529;A;[B]9.73[V]5.011[F]0.243;;1;1
210615;V427;;;12695991;A;[B]6.633[V]3.697[E]0.884;;1;1
210615;V428;;;12762037;A;[B]7.216[V]1.726[E]1.004;;1;1
210615;V429;;;11248277;A;[B]17.491[V]2.943[E]7.245;;1;1
210615;V430;;;13023660;A;[B]5.562[V]3.214[E]4.84;;1;1
210615;V431;;;10784630;A;[B]21.031[V]11.401[E]33.065;;1;1
210615;V432;;;12430996;A;[B]8.86[V]1.036[E]12.478;;1;1
210615;V433;;;13219742;A;[B]4.753[V]2.567[E]9.876;;1;1
210615;V434;;;11439210;A;[B]10.339[V]20.578[E]55.576;;1;1
210615;V435;;;12365206;A;[B]9.411[V]2.395[E]12.135;;1;1
210615;V436;;;12564128;A;[B]7.937[E]6.421[D]0.641;;1;1
210615;V437;;;12825746;A;[B]6.253[E]13.993[D]1.026;;1;1
210615;V438;;;11051663;A;[B]21.448[E]7.182[D]3.524;;1;1
210615;V439;;;12369841;A;[B]6.531[L]2.889[D]2.51;;1;1
210615;V440;;;12566446;A;[B]7.242[D]3.044;;1;1
210615;V441;;;8947565;A;[B]46.83[E]6.841[D]29.396;;1;1
210615;V442;;;12305325;A;[B]3.082[L]6.824[D]5.317;;1;1
210615;V443;;;11252110;A;[B]10.679[L]4.25[D]16.824;;1;1
210615;V444;;;9344650;A;[B]34.321[C]7.688[D]8.319;;1;1
210615;V445;;;9938325;A;[B]17.956[C]9.797[D]8.794;;1;1
210615;V446;;;11189689;A;[B]6.343[C]6.723[D]1.638;;1;1
210615;V447;;;10464419;A;[B]14.567[C]7.229[D]3.036;;1;1
210615;V448;;;10070173;A;[B]15.97[C]9.898[D]5.088;;1;1
210615;V449;;;9283234;A;[B]16.083[C]20.128[D]4.212;;1;1
210615;V450;;;10599096;A;[B]6.367[C]10.679[D]2.018;;1;1
210615;V451;;;9877434;A;[B]6.58[C]17.841[D]2.17;;1;1
210615;V452;;;10273481;A;[B]3.389[C]15.024[D]1.346;;1;1
210615;V453;;;7381163;A;[B]13.175[C]65.955[D]4.777;;1;1
210615;V454;;;10339018;A;[C]12.659[I]2.666[D]2.462;;1;1
210615;V455;;;7180184;A;[B]34.56[C]66.534[D]0.721;;1;1
210615;V456;;;7973056;A;[C]40.383[I]8.638[D]3.056;;1;1
210615;V457;;;6915984;A;[B]43.569[C]73.908[I]3.276;;1;1
210615;V458;;;10729144;A;[B]8.785[C]8.285[I]0.227;;1;1
210615;V459;;;10072507;A;[C]7.985[I]8.623[D]3.696;;1;1
210615;V460;;;8692399;A;[B]11.691[C]24.898[I]6.268;;1;1
210615;V461;;;9481668;A;[B]5.123[C]14.44[F]2.463;;1;1
210615;V462;;;9088454;A;[B]5.169[C]22.304[F]1.976;;1;1
210615;V463;;;8034220;A;[B]14.159[C]30.056[F]4.466;;1;1
210615;V464;;;7899551;A;[B]11.333[C]10.269[I]29.526;;1;1
210615;V465;;;9018285;A;[B]12.717[C]9.851[F]4.563;;1;1
210615;V466;;;9151411;A;[B]11.41[C]15.596[F]2.947;;1;1
210615;V467;;;7438221;A;[B]31.022[C]11.553[I]33.912;;1;1
210615;V468;;;5597309;A;[B]85.742[C]73.743[F]29.506;;1;1
210615;V469;;;9611458;A;[B]5.241[C]8.72[F]3.593;;1;1
210615;V470;;;10793927;A;[B]4.082[C]3.472[F]2.387;;1;1
210615;V471;;;8294056;A;[B]2.954[C]3.076[I]32.295;;1;1
210615;V472;;;8096938;A;[B]0.206[C]1.598[I]39.7;;1;1
210615;V473;;;10266038;A;[B]7.612[I]3.267[F]2.798;;1;1
210615;V474;;;9476524;A;[B]11.255[I]4.86[F]4.567;;1;1
210615;V475;;;9805490;A;[B]10.387[F]5.208;;1;1
210615;V476;;;8093588;A;[B]31.383[V]12.12[F]10.183;;1;1
210615;V477;;;7437713;A;[B]20.521[C]3.193[I]47.097;;1;1
210615;V478;;;9803688;A;[B]15.411[V]6.117[F]4.718;;1;1
210615;V479;;;8817304;A;[B]26.634[V]4.014[F]6.293;;1;1
210615;V480;;;11385027;A;[B]5.434[C]2.146[F]1.371;;1;1
210615;V481;;;10922672;A;[B]9.082[V]1.359[I]5.455;;1;1
210615;V482;;;9806507;A;[B]14.065[C]5.91[F]2.652;;1;1
210615;V483;;;9938091;A;[B]14.155[C]6.562[F]1.891;;1;1
210615;V484;;;10596535;A;[B]9.116[C]6.242[F]1.099;;1;1
210615;V485;;;10398123;A;[B]13.422[C]4.775[F]1.134;;1;1
210615;V486;;;10398124;A;[B]13.071[C]5.092[F]1.111;;1;1
210615;V487;;;11187122;A;[B]9.995[C]3.703[F]0.373;;1;1
210615;V500;;;6972764;A;[B]161.364[V]8.815[E]22.902;;1;1
210615;X300;;;9560045;A;[B]0.304[C]1.762[AN]29.578;;1;1
210615;X301;;;11003632;A;[C]0.569[L]0.203[AN]13.819;;1;1
210615;X302;;;10805229;A;[C]2.656[L]0.989[AN]13.127;;1;1
210615;X303;;;10409451;A;[C]9.235[L]0.927[AN]7.528;;1;1
210615;X304;;;6210295;A;[T]55.216[AN]21.856[F]0.527;;1;1
210615;X305;;;12706541;A;[C]3.203[L]0.51[AN]1.178;;1;1
210615;X306;;;11589352;A;[C]6.952[L]1.139[I]0.203;;1;1
210615;X307;;;12377583;A;[C]4.881[RN]0.47;;1;1
210615;X308;;;8701930;A;[C]14.837[AN]22.898[F]0.712;;1;1
210615;X309;;;7058160;A;[C]5.911[T]47.573[RN]10.427;;1;1
210615;X310;;;9552361;A;[C]9.488[T]7.71[F]1.379;;1;1
210615;X311;;;10339557;A;[B]0.248[C]13.119[F]1.106;;1;1
210615;X312;;;12244716;A;[C]4.616[RN]1.921;;1;1
210615;X313;;;11784176;A;[T]5.047[RN]3.821;;1;1
210615;X314;;;9680357;A;[T]10.828[RN]3.073[F]2.517;;1;1
210615;X315;;;9089505;A;[C]4.024[T]10.747[F]3.61;;1;1
210615;X316;;;9282787;A;[B]0.326[T]16.221[RN]30.918;;1;1
210615;X317;;;9939935;A;[C]10.313[RN]14.571[F]1.842;;1;1
210615;X318;;;11057892;A;[C]5.25[RN]7.931[F]1.156;;1;1
210615;X319;;;12636396;A;[C]3.078[RN]3.902;;1;1
210615;X320;;;13292782;A;[C]0.733[T]0.871[RN]3.359;;1;1
210615;X321;;;12830435;A;[I]0.864[RN]3.622[F]0.624;;1;1
210615;X322;;;12370923;A;[C]2.367[RN]8.295[F]0.253;;1;1
210615;X323;;;13619689;A;[L]0.225[RN]2.274[F]0.483;;1;1
210615;X324;;;11579367;A;[T]1.276[RN]19.687[F]0.695;;1;1
210615;X325;;;11973846;A;[L]7.723[RN]14.913;;1;1
210615;X326;;;12696288;A;[B]0.203[L]1.88[RN]11.784;;1;1
210615;X327;;;12235745;A;[C]0.204[L]2.228[RN]17.477;;1;1
210615;X328;;;13023969;A;[V]7.443[RN]2.357[F]0.63;;1;1
210615;X329;;;11970523;A;[V]15.672[RN]5.948[F]1.182;;1;1
210615;X330;;;10656715;A;[B]1.404[V]21.764[F]3.824;;1;1
210615;X331;;;11775449;A;[V]12.592[L]0.596[F]1.907;;1;1
210615;X332;;;12170449;A;[B]1.404[V]7.649[F]1.416;;1;1
210615;X333;;;12961499;A;[B]0.761[V]2.34[F]0.937;;1;1
210615;X334;;;12103648;A;[V]6.113[RN]10.726[F]0.888;;1;1
210615;X335;;;12368088;A;[V]6.383[E]0.505[F]1.528;;1;1
210615;X336;;;13221076;A;[B]1.184[V]7.993[F]0.455;;1;1
210615;X337;;;13615832;A;[B]0.733[V]5.552[F]0.368;;1;1
210615;X338;;;13415636;A;[V]13.424[E]0.597[F]0.278;;1;1
210615;X339;;;13614290;A;[B]1.246[V]8.84[I]0.254;;1;1
210615;X340;;;12561344;A;[B]4.202[V]15.551[L]0.963;;1;1
210615;X341;;;13284547;A;[B]2.46[V]11.503[E]1.146;;1;1
210615;X342;;;13414844;A;[B]1.521[V]13.784[E]3.044;;1;1
210615;X343;;;14467521;A;[V]7.041[E]3.295;;1;1
210615;X344;;;14206405;A;[B]0.888[V]4.703[E]1.936;;1;1
210615;X345;;;14602448;A;[B]0.517[V]2.752[E]0.973;;1;1
210615;X346;;;14270650;A;[B]0.507[V]6.532[E]4.348;;1;1
210615;X347;;;14469053;A;[B]0.522[V]4.329[E]3.69;;1;1
210615;X348;;;14404030;A;[B]1.01[V]3.221[E]3.377;;1;1
210615;X349;;;14337461;A;[B]1.027[V]3.539[E]4.985;;1;1
210615;X350;;;13152933;A;[B]3.953[V]7.022[E]7.426;;1;1
210615;X351;;;14466462;A;[V]4.682[E]12.165[L]0.412;;1;1
210615;X352;;;14336681;A;[B]0.888[V]3.598[E]7.593;;1;1
210615;X353;;;14470586;A;[B]1.038[V]1.483[E]3.591;;1;1
210615;X354;;;14470064;A;[B]1.349[V]0.958[E]5.741;;1;1
210615;X355;;;14535597;A;[B]1.197[V]0.78[E]6.327;;1;1
210615;X356;;;14931649;A;[B]0.43[V]0.859[E]2.903;;1;1
210615;X357;;;14140830;A;[V]0.203[E]10.741[L]2.988;;1;1
210615;X358;;;14800571;A;[B]0.77[E]3.589;;1;1
210615;X359;;;14472375;A;[E]4.223[L]2.079[D]0.202;;1;1
210615;X360;;;15195575;A;[E]3.354[D]1.158;;1;1
210615;X361;;;14466691;A;[B]0.517[E]20.369[D]1.127;;1;1
210615;X362;;;14206624;A;[B]0.203[E]10.28[I]0.775;;1;1
210615;X363;;;14272144;A;[B]0.619[E]12.025[D]3.038;;1;1
210615;X364;;;14801855;A;[B]0.688[E]2.449[D]0.818;;1;1
210615;X365;;;13813412;A;[B]2.731[E]6.003[D]1.383;;1;1
210615;X366;;;14604470;A;[B]0.638[E]2.582[D]1.837;;1;1
210615;X367;;;14014149;A;[B]2.073[D]1.596;;1;1
210615;X368;;;14672335;A;[B]0.832[E]0.268[D]0.836;;1;1
210615;X369;;;14278089;A;[E]0.56[I]0.716[D]1.697;;1;1
210615;X370;;;12896672;A;[B]3.432[E]0.603[D]9.725;;1;1
210615;X371;;;13950627;A;[E]1.002[L]0.203[D]8.995;;1;1
210615;X372;;;13885370;A;[B]0.506[C]0.605[D]4.625;;1;1
210615;X373;;;13424830;A;[C]0.379[L]4.019[D]3.783;;1;1
210615;X374;;;13753800;A;[B]0.855[C]1.033[D]2.073;;1;1
210615;X375;;;13031369;A;[B]1.476[C]2.168[D]1.739;;1;1
210615;X376;;;10529937;A;[B]3.678[I]7.862[D]19.128;;1;1
210615;X377;;;14214104;A;[B]0.524[C]0.724[D]0.676;;1;1
210615;X378;;;11255472;A;[B]5.675[C]6.261[D]4.617;;1;1
210615;X379;;;13754321;A;[B]0.655[C]1.223[D]1.238;;1;1
210615;X380;;;9029273;A;[B]2.001[D]18.519[AN]38.842;;1;1
210615;X381;;;11852236;A;[B]1.595[D]1.474[AN]8.704;;1;1
210615;X382;;;12575444;A;[B]0.633[D]1.107[AN]5.859;;1;1
210615;X383;;;10929845;A;[C]9.81[I]1.72[D]7.718;;1;1
210615;X384;;;12505543;A;[B]2.728[D]1.035[AN]4.75;;1;1
210615;X385;;;11651008;A;[B]3.644[C]6.256[D]2.209;;1;1
210615;X386;;;13622487;A;[B]0.682[C]0.812[D]0.245;;1;1
210615;X387;;;10803162;A;[I]1.381[D]0.984[AN]16.368;;1;1
210615;X388;;;12379619;A;[I]0.274[D]0.395[AN]6.474;;1;1
210615;X389;;;12182244;A;[I]0.533[D]0.299[AN]7.347;;1;1
210615;X390;;;13232879;A;[C]0.839[AN]2.634;;1;1
210615;X391;;;11198695;A;[B]0.362[I]0.24[AN]13.524;;1;1
210615;X392;;;9555423;A;[B]1.276[C]9.733[AN]16.561;;1;1
210615;X393;;;9552090;A;[B]1.611[C]21.314[F]0.436;;1;1
210615;X394;;;9615046;A;[B]5.606[C]19.015[F]0.652;;1;1
210615;X395;;;9811916;A;[B]3.603[C]15.433[F]1.353;;1;1
210615;X396;;;8891843;A;[B]6.4[C]25.197[F]1.521;;1;1
210615;X397;;;8768488;A;[B]0.347[C]17.994[AN]16.922;;1;1
210615;X398;;;8633565;A;[C]31.65[L]5.405[F]0.206;;1;1
210615;X399;;;10996193;A;[C]8.261[I]1.795[F]0.203;;1;1
210615;X400;;;9418193;A;[B]2.525[C]18.147[F]1.677;;1;1
210615;X401;;;9614285;A;[B]3.299[C]15.061[F]1.943;;1;1
210615;X402;;;9354469;A;[C]20.812[F]1.892;;1;1
210615;X403;;;9223140;A;[C]21.093[F]1.616;;1;1
210615;X404;;;11455209;A;[C]6.143[RN]1.315[F]0.714;;1;1
210615;X405;;;9876188;A;[C]8.493[L]2.052[F]3.501;;1;1
210615;X406;;;9418976;A;[B]0.293[C]17.748[F]2.177;;1;1
210615;X407;;;9940939;A;[B]2.779[C]7.515[F]3.17;;1;1
210615;X408;;;11977431;A;[L]0.202[I]3.932[F]0.561;;1;1
210615;X409;;;9942754;A;[T]7.431[F]3.069;;1;1
210615;X410;;;11057111;A;[C]0.784[L]5.973[F]2.661;;1;1
210615;X411;;;11385820;A;[C]0.436[L]2.917[F]2.588;;1;1
210615;X412;;;10923729;A;[L]10.179[RN]9.185[F]1.938;;1;1
210615;X413;;;11714519;A;[B]0.31[L]5.528[F]1.764;;1;1
210615;X414;;;8489666;A;[B]3.367[RN]28.884[F]9.653;;1;1
210615;X415;;;10200516;A;[L]23.83[RN]11.449[F]1.758;;1;1
210615;X416;;;10003649;A;[C]0.204[I]15.236[RN]4.465;;1;1
210615;X417;;;11449292;A;[L]14.726[RN]9.653[F]0.204;;1;1
210615;X418;;;9477066;A;[L]12.669[RN]13.385[F]5.527;;1;1
210615;X419;;;12368594;A;[B]1.605[V]5.314[F]1.34;;1;1
210615;X420;;;11056325;A;[B]1.187[L]3.822[I]7.277;;1;1
210615;X421;;;12236504;A;[B]0.634[V]7.293[F]1.558;;1;1
210615;X422;;;12304079;A;[B]2.485[V]1.757[F]1.333;;1;1
210615;X423;;;13223389;A;[B]0.63[V]3.462[F]0.795;;1;1
210615;X424;;;11180720;A;[B]9.989[V]24.952[F]0.875;;1;1
210615;X425;;;10983847;A;[B]13.155[V]20.33[F]0.615;;1;1
210615;X426;;;13157833;A;[B]3.509[V]1.475[F]0.336;;1;1
210615;X427;;;14340814;A;[B]1.537[V]1.394[E]0.621;;1;1
210615;X428;;;13618379;A;[B]3.208[V]0.515[I]0.39;;1;1
210615;X429;;;12629414;A;[B]7.503[V]2.403[E]5.059;;1;1
210615;X430;;;14340550;A;[B]1.688[V]0.935[E]1.691;;1;1
210615;X431;;;12958636;A;[B]6.585[V]1.474[E]4.513;;1;1
210615;X432;;;13352357;A;[B]5.015[V]0.401[E]7.485;;1;1
210615;X433;;;14867146;A;[B]0.901[V]0.326[E]1.623;;1;1
210615;X434;;;13679269;A;[B]2.959[V]3.95[E]8.152;;1;1
210615;X435;;;14275009;A;[B]2.079[V]0.429[E]2.25;;1;1
210615;X436;;;13353905;A;[B]4.692[E]3.39;;1;1
210615;X437;;;14407365;A;[B]1.645[E]1.442[D]0.351;;1;1
210615;X438;;;12762797;A;[B]7.492[E]2.187[D]1.655;;1;1
210615;X439;;;13751496;A;[B]1.71[L]1.899[D]1.181;;1;1
210615;X440;;;14014157;A;[B]1.692[I]0.292[D]0.719;;1;1
210615;X441;;;12171422;A;[B]9.175[E]1.849[D]5.967;;1;1
210615;X442;;;14409937;A;[E]0.326[L]2.006[D]0.943;;1;1
210615;X443;;;12962478;A;[B]3.203[L]2.563[D]6.063;;1;1
210615;X444;;;12172205;A;[B]9.029[C]0.808[D]2.739;;1;1
210615;X445;;;11582122;A;[B]8.097[C]3.655[D]4.227;;1;1
210615;X446;;;13031119;A;[B]1.7[C]2.418[D]0.824;;1;1
210615;X447;;;12897476;A;[B]3.634[C]1.567[D]0.907;;1;1
210615;X448;;;12043193;A;[B]5.25[C]3.224[D]1.823;;1;1
210615;X449;;;10534848;A;[B]4.701[C]12.154[D]1.653;;1;1
210615;X450;;;12964816;A;[B]2.062[C]2.214[D]0.309;;1;1
210615;X451;;;12835546;A;[C]2.55[I]0.815[D]0.826;;1;1
210615;X452;;;11587536;A;[C]6.337[I]1.168[D]1.778;;1;1
210615;X453;;;9878209;A;[B]5.108[C]17.223[D]1.09;;1;1
210615;X454;;;12112086;A;[C]3.676[I]1.837[D]0.975;;1;1
210615;X455;;;10467776;A;[B]7.039[C]11.566[I]0.204;;1;1
210615;X456;;;11521498;A;[C]6.573[I]1.799[D]0.716;;1;1
210615;X457;;;9875897;A;[C]10.399[I]8.21[D]4.855;;1;1
210615;X458;;;12438733;A;[B]2.951[C]2.99[I]0.203;;1;1
210615;X459;;;11321543;A;[C]3.704[I]4.548[D]2.066;;1;1
210615;X460;;;11716043;A;[C]3.138[I]3.708[D]1.661;;1;1
210615;X461;;;11257301;A;[B]1.883[C]6.353[F]0.715;;1;1
210615;X462;;;11192281;A;[B]1.58[C]7.531[F]0.593;;1;1
210615;X463;;;10531521;A;[B]5.64[C]6.171[F]1.712;;1;1
210615;X464;;;10334403;A;[B]5.139[C]5.636[F]2.323;;1;1
210615;X465;;;11714249;A;[B]3.6[C]2.054[F]1.09;;1;1
210615;X466;;;12241620;A;[B]1.942[C]2.554[F]0.587;;1;1
210615;X467;;;10201008;A;[B]11.654[C]4.331[F]2.326;;1;1
210615;X468;;;8952748;A;[B]13.905[C]11.291[F]4.444;;1;1
210615;X469;;;10795214;A;[C]3.907[I]7.226;;1;1
210615;X470;;;12306902;A;[B]0.467[C]1.184[I]3.011;;1;1
210615;X471;;;10663113;A;[B]3.724[C]4.762[F]2.271;;1;1
210615;X472;;;10990792;A;[B]0.79[C]0.535[I]8.914;;1;1
210615;X473;;;12831186;A;[B]2.043[C]0.202[F]0.807;;1;1
210615;X474;;;11844296;A;[B]3.765[F]1.683;;1;1
210615;X475;;;11779018;A;[B]3.229[C]0.203[F]1.79;;1;1
210615;X476;;;11184822;A;[B]8.77[V]4.04[F]1.859;;1;1
210615;X477;;;11778245;A;[B]4.449[F]1.739;;1;1
210615;X478;;;11909057;A;[B]5.129[V]1.95[F]1.196;;1;1
210615;X479;;;10790574;A;[B]11.199[V]1.65[F]2.19;;1;1
210615;X480;;;13620956;A;[B]0.272[L]2.601[I]0.887;;1;1
210615;X481;;;12502214;A;[B]4.149[C]0.908[F]0.47;;1;1
210615;X482;;;11254209;A;[B]5.6[C]3.558[F]1.059;;1;1
210615;X483;;;11319230;A;[B]6.218[C]2.661[F]1.027;;1;1
210615;X484;;;11780293;A;[B]4.491[C]3.15[F]0.578;;1;1
210615;X485;;;13094351;A;[B]2.663[C]0.779[F]0.3;;1;1
210615;X486;;;13028299;A;[B]3.123[C]0.98[I]0.497;;1;1
210615;X487;;;12107967;A;[B]6.164[C]2.281[I]0.362;;1;1
210615;Y300;;;13363435;A;[L]0.202[I]0.202[AN]3.271;;1;1
210615;Y301;;;12773871;A;[C]0.908[AN]3.95;;1;1
210615;Y302;;;13493737;A;[B]0.23[C]1.647[AN]0.596;;1;1
210615;Y303;;;11985391;A;[C]4.387[AN]2.563;;1;1
210615;Y304;;;11919596;A;[C]3.506[L]0.685[AN]4.201;;1;1
210615;Y305;;;14084588;A;[C]1.119[L]0.465[AN]0.306;;1;1
210615;Y306;;;13690348;A;[C]1.695[L]0.556;;1;1
210615;Y307;;;14215404;A;[C]1.023[L]0.262;;1;1
210615;Y308;;;10607343;A;[AN]18.172[F]0.499;;1;1
210615;Y309;;;9030131;A;[T]12.589[AN]16.711[RN]4.277;;1;1
210615;Y310;;;13755885;A;[C]1.659[I]0.215;;1;1
210615;Y311;;;12114671;A;[C]1.875[T]2.5[F]0.298;;1;1
210615;Y312;;;13886444;A;[AN]1.42[F]0.229;;1;1
210615;Y313;;;13360618;A;[C]1.55[I]0.291[F]0.202;;1;1
210615;Y314;;;12047856;A;[T]4.523[RN]2.517;;1;1
210615;Y315;;;12704236;A;[T]2.006[F]0.445;;1;1
210615;Y316;;;12504300;A;[C]3.317[RN]5.546;;1;1
210615;Y317;;;13884396;A;[F]0.55;;1;1
210615;Y318;;;13424620;A;[C]1.729[RN]2.696;;1;1
210615;Y319;;;14213869;A;[C]0.417[F]0.266;;1;1
210615;Y320;;;14278888;A;[C]0.206[I]0.667[RN]0.505;;1;1
210615;Y321;;;13687016;A;[L]0.823[F]0.577;;1;1
210615;Y322;;;13489903;A;[T]1.323[RN]3.257;;1;1
210615;Y323;;;14672875;A;[I]0.29[RN]0.607;;1;1
210615;Y324;;;12697322;A;[T]0.804[RN]11.071[F]0.206;;1;1
210615;Y325;;;13421788;A;[B]0.267[L]3.574[RN]3.934;;1;1
210615;Y326;;;14078950;A;[L]1.157[RN]3.332;;1;1
210615;Y327;;;14078955;A;[C]0.202[L]0.309[RN]4.015;;1;1
210615;Y328;;;14407141;A;[V]2.346[I]0.562;;1;1
210615;Y329;;;13353701;A;[V]1.985[I]0.576[RN]7.025;;1;1
210615;Y330;;;13946853;A;[V]2.974[L]0.376[F]0.391;;1;1
210615;Y331;;;13685225;A;[V]1.412[F]0.685;;1;1
210615;Y332;;;12961501;A;[B]0.641[V]2.224[F]0.965;;1;1
210615;Y333;;;14146021;A;[B]0.257[V]0.761[F]0.304;;1;1
210615;Y334;;;14078185;A;[V]0.531[I]0.28[RN]3.904;;1;1
210615;Y335;;;14670819;A;[B]0.202[V]1.443[I]0.258;;1;1
210615;Y336;;;14342886;A;[B]0.238[V]0.865[F]0.28;;1;1
210615;Y337;;;14143966;A;[V]2.26[E]0.371[F]0.319;;1;1
210615;Y338;;;14404065;A;[V]5.778[L]0.504;;1;1
210615;Y339;;;15130083;A;[V]1.648[E]0.202[L]0.202;;1;1
210615;Y340;;;12561344;A;[B]0.919[V]3.634[L]0.434;;1;1
210615;Y341;;;14536406;A;[B]0.551[V]3.805[E]0.542;;1;1
210615;Y342;;;14535378;A;[B]0.396[V]4.651[E]0.939;;1;1
210615;Y343;;;14997462;A;[B]0.202[V]2.108[E]0.882;;1;1
210615;Y344;;;15130072;A;[B]0.202[V]1.287[E]0.709;;1;1
210615;Y345;;;15195612;A;[V]1.531[E]0.575;;1;1
210615;Y346;;;14997457;A;[B]0.202[V]2.012[E]1.345;;1;1
210615;Y347;;;14998227;A;[B]0.337[V]1.182[E]1.007;;1;1
210615;Y348;;;14866639;A;[B]0.602[V]1.176[E]1.306;;1;1
210615;Y349;;;14932171;A;[B]0.486[V]1.113[E]1.75;;1;1
210615;Y350;;;14735051;A;[B]0.711[V]1.298[E]1.479;;1;1
210615;Y351;;;15063499;A;[B]0.291[V]1.09[E]1.803;;1;1
210615;Y352;;;15129294;A;[B]0.216[V]1.133[E]1.615;;1;1
210615;Y353;;;15130579;A;[B]0.227[V]0.57[E]1.058;;1;1
210615;Y354;;;14865855;A;[B]0.65[V]0.765[E]3.134;;1;1
210615;Y355;;;15130056;A;[B]0.401[V]0.303[E]2.276;;1;1
210615;Y356;;;15262163;A;[V]0.544[E]1.178;;1;1
210615;Y357;;;14999754;A;[E]1.838[L]0.99;;1;1
210615;Y358;;;15395287;A;[E]0.629[L]0.293[D]0.202;;1;1
210615;Y359;;;15329753;A;[E]0.527[L]0.207[D]0.202;;1;1
210615;Y360;;;15197133;A;[B]0.23[E]1.324[D]0.404;;1;1
210615;Y361;;;15391931;A;[E]3.749[L]0.202;;1;1
210615;Y362;;;15065807;A;[B]0.382[E]0.901[D]0.361;;1;1
210615;Y363;;;15131595;A;[B]0.213[E]1.276[D]0.487;;1;1
210615;Y364;;;15066321;A;[B]0.335[E]0.82[D]0.462;;1;1
210615;Y365;;;14671051;A;[B]0.928[E]1.221[D]0.14;;1;1
210615;Y366;;;15066844;A;[B]0.202[E]0.473[L]0.427;;1;1
210615;Y367;;;14672082;A;[B]0.972[E]0.202[D]0.61;;1;1
210615;Y368;;;15395549;A;[B]0.202[E]0.328[D]0.202;;1;1
210615;Y369;;;14278089;A;[E]0.205[I]0.202[D]0.563;;1;1
210615;Y370;;;13884603;A;[E]0.277[L]2.734[D]4.228;;1;1
210615;Y371;;;14805200;A;[L]0.703[D]1.62;;1;1
210615;Y372;;;14673362;A;[B]0.49[C]0.202[D]1.118;;1;1
210615;Y373;;;14477012;A;[C]0.267[L]1.121[D]1.164;;1;1
210615;Y374;;;14411221;A;[B]0.347[C]0.491[D]0.895;;1;1
210615;Y375;;;14542813;A;[B]0.332[C]0.542[D]0.435;;1;1
210615;Y376;;;13950414;A;[B]1.065[C]0.739[D]1.224;;1;1
210615;Y377;;;14937317;A;[C]0.242[L]0.233[D]0.216;;1;1
210615;Y378;;;13096390;A;[B]1.752[C]1.882[D]2.046;;1;1
210615;Y379;;;14608864;A;[C]0.414[L]0.495[D]0.476;;1;1
210615;Y380;;;12246726;A;[B]0.682[D]2.807[AN]7.214;;1;1
210615;Y381;;;13559517;A;[B]0.447[D]0.483[AN]2.877;;1;1
210615;Y382;;;13954018;A;[L]0.4[D]0.421[AN]2.121;;1;1
210615;Y383;;;13625053;A;[B]0.475[D]0.327[AN]2.793;;1;1
210615;Y384;;;14871522;A;[B]0.202[C]0.289[D]0.243;;1;1
210615;Y385;;;13885659;A;[B]0.747[C]1.163[D]0.332;;1;1
210615;Y386;;;14805476;A;[C]0.202[I]0.243[D]0.292;;1;1
210615;Y387;;;10803162;A;[I]0.337[D]0.202[AN]4.501;;1;1
210615;Y388;;;14217197;A;[AN]1.579;;1;1
210615;Y389;;;13625834;A;[L]0.704[AN]2.598;;1;1
210615;Y390;;;14019823;A;[C]0.472[AN]1.326;;1;1
210615;Y391;;;12511211;A;[L]0.772[AN]6.013;;1;1
210615;Y392;;;11984100;A;[B]0.621[C]3.781[AN]3.364;;1;1
210615;Y393;;;13033705;A;[C]2.767[L]1.25;;1;1
210615;Y394;;;14083816;A;[B]0.202[C]1.027[L]0.209;;1;1
210615;Y395;;;11782870;A;[B]1.957[C]5.087[F]0.411;;1;1
210615;Y396;;;10469842;A;[B]2.611[C]11.727[F]0.52;;1;1
210615;Y397;;;9884650;A;[B]0.302[C]10.584[AN]10.704;;1;1
210615;Y398;;;11523300;A;[B]0.562[C]7.839[I]0.327;;1;1
210615;Y399;;;12178919;A;[C]3.885[I]0.599[F]0.202;;1;1
210615;Y400;;;11653089;A;[B]0.726[C]5.722[F]0.407;;1;1
210615;Y401;;;12637665;A;[B]0.707[C]2.831[F]0.341;;1;1
210615;Y402;;;11719145;A;[C]5.817[I]0.347[F]0.396;;1;1
210615;Y403;;;12442089;A;[C]3.638[L]0.895[F]0.202;;1;1
210615;Y404;;;13426669;A;[C]1.712[RN]0.202[F]0.202;;1;1
210615;Y405;;;13885419;A;[C]0.644[L]0.442[F]0.32;;1;1
210615;Y406;;;12966378;A;[C]1.992[F]0.41;;1;1
210615;Y407;;;12110558;A;[C]2.251[I]2.289[F]0.285;;1;1
210615;Y408;;;13094878;A;[I]2.094[F]0.248;;1;1
210615;Y409;;;13688298;A;[C]0.895[I]0.335[F]0.263;;1;1
210615;Y410;;;13293031;A;[C]0.384[L]0.686[F]0.678;;1;1
210615;Y411;;;12766178;A;[B]0.33[F]1.29;;1;1
210615;Y412;;;13225699;A;[L]2.434[RN]2.429[F]0.445;;1;1
210615;Y413;;;12832737;A;[C]0.322[L]3.09[F]0.751;;1;1
210615;Y414;;;12304340;A;[L]9.411[RN]5.803;;1;1
210615;Y415;;;11581649;A;[L]11.063[RN]5.747[F]0.865;;1;1
210615;Y416;;;11385040;A;[B]2.332[C]0.435[F]2.493;;1;1
210615;Y417;;;14080486;A;[I]0.663[RN]1.541;;1;1
210615;Y418;;;12895709;A;[L]1.55[I]1.433[RN]5.198;;1;1
210615;Y419;;;13224672;A;[B]0.428[V]2.113[F]0.851;;1;1
210615;Y420;;;14146269;A;[B]0.652[V]0.233[I]0.752;;1;1
210615;Y421;;;13618659;A;[V]2.344[I]0.438[F]0.45;;1;1
210615;Y422;;;12962520;A;[B]0.313[V]0.841[I]2.709;;1;1
210615;Y423;;;14606823;A;[V]0.465[I]0.479;;1;1
210615;Y424;;;12892360;A;[B]3.352[V]8.181[F]0.362;;1;1
210615;Y425;;;12826820;A;[E]3.765[RN]9.703[F]0.513;;1;1
210615;Y426;;;14276825;A;[B]1.098[V]0.526[I]0.376;;1;1
210615;Y427;;;15065307;A;[B]0.498[V]0.601[E]0.377;;1;1
210615;Y428;;;14671836;A;[B]0.938[V]0.317[L]0.302;;1;1
210615;Y429;;;14143942;A;[B]2.312[V]0.343[E]1.282;;1;1
210615;Y430;;;15260879;A;[V]0.987[E]1.534;;1;1
210615;Y431;;;13946306;A;[B]2.932[V]0.525[E]1.606;;1;1
210615;Y432;;;15328215;A;[B]0.202[V]0.565[E]0.831;;1;1
210615;Y433;;;15525079;A;[V]0.427[E]0.924;;1;1
210615;Y434;;;15457743;A;[V]0.999[E]1.584;;1;1
210615;Y435;;;15065300;A;[B]0.505[V]0.264[E]0.928;;1;1
210615;Y436;;;14209732;A;[B]2.618[E]1.389[D]0.331;;1;1
210615;Y437;;;14671052;A;[B]1.18[E]1.002[D]0.282;;1;1
210615;Y438;;;14013124;A;[B]2.801[E]0.845[D]0.799;;1;1
210615;Y439;;;14607580;A;[B]0.258[L]1.011[D]0.335;;1;1
210615;Y440;;;14540759;A;[B]1.102[L]0.465[D]0.318;;1;1
210615;Y441;;;13750203;A;[B]2.994[E]0.897[D]1.853;;1;1
210615;Y442;;;15461858;A;[E]0.202[L]0.202[D]0.162;;1;1
210615;Y443;;;14081224;A;[B]0.722[L]1.548[D]1.788;;1;1
210615;Y444;;;14343376;A;[B]1.586[D]0.517;;1;1
210615;Y445;;;14147284;A;[B]0.202[L]2.75[D]0.838;;1;1
210615;Y446;;;14214625;A;[B]0.442[C]0.968[D]0.202;;1;1
210615;Y447;;;14738908;A;[B]0.603[C]0.202[D]0.272;;1;1
210615;Y448;;;14673113;A;[B]0.419[L]0.699[D]0.384;;1;1
210615;Y449;;;13692140;A;[B]0.202[C]0.202[AN]2.88;;1;1
210615;Y450;;;14477026;A;[C]0.352[L]1.368[D]0.227;;1;1
210615;Y451;;;13821412;A;[C]1.349[I]0.202[D]0.306;;1;1
210615;Y452;;;13361118;A;[C]1.936[I]0.496[D]0.565;;1;1
210615;Y453;;;11981012;A;[B]1.711[C]5.328[D]0.314;;1;1
210615;Y454;;;13952230;A;[B]0.244[C]1.148[L]0.599;;1;1
210615;Y455;;;13031642;A;[B]1.353[C]2.563[L]0.202;;1;1
210615;Y456;;;14412008;A;[B]0.244[C]0.783[L]0.202;;1;1
210615;Y457;;;11585483;A;[C]4.077[I]3.178[D]1.792;;1;1
210615;Y458;;;13688541;A;[C]0.828[I]0.865[D]0.498;;1;1
210615;Y459;;;13819871;A;[B]0.636[C]1.077[L]0.668;;1;1
210615;Y460;;;13754079;A;[C]0.872[I]0.809[D]0.338;;1;1
210615;Y461;;;13820393;A;[C]1.105[I]0.499;;1;1
210615;Y462;;;13359838;A;[B]0.691[C]1.648[I]0.535;;1;1
210615;Y463;;;12372949;A;[B]1.816[C]2.227[F]0.585;;1;1
210615;Y464;;;12766937;A;[B]0.561[C]1.131[I]1.947;;1;1
210615;Y465;;;13687263;A;[B]0.778[C]0.634[F]0.277;;1;1
210615;Y466;;;13359069;A;[B]0.904[C]1.17[F]0.309;;1;1
210615;Y467;;;12502988;A;[B]3.23[C]1.304[F]0.541;;1;1
210615;Y468;;;12503764;A;[B]1.884[C]1.361[F]0.711;;1;1
210615;Y469;;;12964317;A;[C]0.639[L]1.374[I]1.935;;1;1
210615;Y470;;;13753314;A;[B]0.493[C]0.665[F]0.296;;1;1
210615;Y471;;;13228255;A;[B]0.797[C]1.388[F]0.315;;1;1
210615;Y472;;;12766426;A;[B]0.205[C]0.344[I]3.083;;1;1
210615;Y473;;;14080733;A;[B]0.881[I]0.202[F]0.212;;1;1
210615;Y474;;;13291994;A;[B]0.836[L]1.93[F]0.461;;1;1
210615;Y475;;;12831190;A;[B]1.233[I]1.031[F]0.587;;1;1
210615;Y476;;;13487058;A;[B]2.089[V]1.414[F]0.405;;1;1
210615;Y477;;;14212321;A;[B]0.316[V]0.202[I]0.792;;1;1
210615;Y478;;;13290450;A;[B]2.092[V]0.883[F]0.513;;1;1
210615;Y479;;;12829123;A;[B]4.753[V]1.048[F]0.364;;1;1
210615;Y480;;;14607331;A;[B]0.217[L]0.793[I]0.322;;1;1
210615;Y481;;;14343901;A;[B]0.759[I]0.448;;1;1
210615;Y482;;;13555159;A;[B]1.56[C]0.665[F]0.234;;1;1
210615;Y483;;;13424088;A;[B]1.584[C]0.898[F]0.249;;1;1
210615;Y484;;;12832724;A;[B]1.848[C]1.74[F]0.285;;1;1
210615;Y485;;;13490138;A;[B]1[C]0.897[I]0.726;;1;1
210615;Y486;;;14344155;A;[B]0.474[I]0.508[D]0.268;;1;1
210615;Y487;;;12963790;A;[B]2.776[C]1.535[I]0.232;;1;1
