2309011835;[Default];W Фарбитекс ВДК Кухни и ванные Ambiance;;;;;[lt]1;1;1
210615;1011P;;;11795455;A;[T]0.169[AN]4.52;;1;1
210615;1012T;;;9106431;A;[L]0.113[AN]17.965;;1;1
210615;1014T;;;8122623;A;[L]0.226[AN]25.367;;1;1
210615;1015P;;;11598335;A;[T]0.169[I]0.056[AN]6.441;;1;1
210615;1021P;;;12253438;A;[T]0.395[L]0.395[AN]4.35;;1;1
210615;1022T;;;8646655;A;[I]0.113[AN]21.92;;1;1
210615;1024T;;;9104122;A;[D]0.282[T]6.892[AN]8.418;;1;1
210615;1025P;;;11859195;A;[B]0.113[C]0.622[AN]4.632;;1;1
210615;1031P;;;11925759;A;[B]0.056[T]0.735[AN]4.407;;1;1
210615;1032T;;;8645628;A;[B]0.169[T]2.034[AN]18.192;;1;1
210615;1034T;;;9431032;A;[D]0.226[C]3.446[AN]11.412;;1;1
210615;1035P;;;12252410;A;[B]0.169[T]0.961[AN]3.107;;1;1
210615;1041P;;;11728111;A;[D]0.452[T]1.808[AN]3.051;;1;1
210615;1042T;;;9826545;A;[D]0.508[T]2.995[AN]9.096;;1;1
210615;1044T;;;8710375;A;[D]0.848[T]5.085[AN]14.237;;1;1
210615;1045P;;;12383726;A;[D]0.395[C]0.961[AN]3.39;;1;1
210615;1051P;;;12122609;A;[D]0.339[T]0.735[AN]4.294;;1;1
210615;1052T;;;10155239;A;[D]0.622[C]0.282[AN]12.542;;1;1
210615;1054T;;;9037274;A;[D]1.582[T]5.198[AN]12.429;;1;1
210615;1055P;;;12055783;A;[D]0.622[T]1.695[AN]2.995;;1;1
210615;1061P;;;11924971;A;[D]0.452[C]0.678[AN]4.463;;1;1
210615;1062T;;;9825500;A;[D]1.186[C]1.13[AN]12.768;;1;1
210615;1064T;;;9430226;A;[D]1.582[C]1.865[AN]14.124;;1;1
210615;1065P;;;12121318;A;[D]0.678[T]1.808[AN]2.373;;1;1
210615;1071P;;;12974823;A;[D]0.508[C]0.169[AN]3.164;;1;1
210615;1072T;;;9890514;A;[D]1.582[C]1.073[AN]12.034;;1;1
210615;1074T;;;9887951;A;[D]1.978[C]3.615[AN]8.588;;1;1
210615;1075P;;;12449510;A;[D]0.565[C]0.622[AN]3.277;;1;1
210615;1081P;;;13171431;A;[D]0.508[C]0.226[AN]2.655;;1;1
210615;1082T;;;10021830;A;[D]2.429[T]0.848[AN]11.977;;1;1
210615;1084T;;;10084806;A;[D]2.655[C]2.655[AN]10.113;;1;1
210615;1091P;;;13236701;A;[D]0.735[L]0.113[AN]2.655;;1;1
210615;1092T;;;10086327;A;[D]3.842[T]0.848[AN]11.582;;1;1
210615;1094T;;;10083512;A;[D]3.898[C]3.22[AN]8.022;;1;1
210615;1095P;;;12644049;A;[D]1.412[C]1.073[AN]2.373;;1;1
210615;1101P;;;13433309;A;[D]0.735[L]0.056[AN]2.373;;1;1
210615;1102T;;;10544819;A;[D]4.012[C]0.678[AN]9.83;;1;1
210615;1104T;;;10410419;A;[D]4.632[C]4.124[AN]5.706;;1;1
210615;1105P;;;12906450;A;[D]1.469[C]1.186[AN]1.638;;1;1
210615;1111P;;;13234642;A;[D]1.243[L]0.791[AN]2.768;;1;1
210615;1112T;;;11067812;A;[D]5.649[L]0.904[AN]7.796;;1;1
210615;1114T;;;10014884;A;[D]7.683[C]6.045[AN]5.029;;1;1
210615;1115P;;;12445638;A;[D]2.542[C]2.486[AN]0.904;;1;1
210615;1121P;;;14086858;A;[D]1.638[L]0.508[AN]1.356;;1;1
210615;1122T;;;11722394;A;[D]8.248[C]1.299[AN]3.898;;1;1
210615;1124T;;;11391901;A;[B]1.356[D]6.045[AN]6.215;;1;1
210615;1125P;;;13232060;A;[B]0.565[D]2.429[AN]2.429;;1;1
210615;1131P;;;15070915;A;[B]0.169[D]2.147[AN]0.565;;1;1
210615;1132T;;;12902028;A;[D]10[L]1.186[AN]1.525;;1;1
210615;1134T;;;12243343;A;[B]0.791[D]10[C]2.034;;1;1
210615;1135P;;;13821104;A;[B]0.452[D]3.672[C]0.791;;1;1
210615;1141P;;;15135926;A;[D]2.938[L]0.226[AN]0.169;;1;1
210615;1142T;;;13361014;A;[D]13.785[I]0.056[AN]0.395;;1;1
210615;1144T;;;12505470;A;[B]1.073[D]13.051[AN]1.412;;1;1
210615;1145P;;;14543530;A;[B]0.339[D]3.955[AN]0.395;;1;1
210615;1151P;;;15462837;A;[B]0.113[D]2.542[E]0.282;;1;1
210615;1152T;;;13883253;A;[D]10.678[E]2.882[L]0.395;;1;1
210615;1154T;;;13160059;A;[D]10.904[E]2.486[L]2.316;;1;1
210615;1155P;;;14541732;A;[D]3.955[E]0.791[L]0.961;;1;1
210615;1161P;;;15724208;A;[B]0.113[D]2.26[E]0.791;;1;1
210615;1162T;;;14013553;A;[B]0.113[D]9.83[E]4.745;;1;1
210615;1164T;;;13092730;A;[D]9.435[E]4.52[L]3.107;;1;1
210615;1165P;;;14737829;A;[D]3.277[E]1.525[L]1.186;;1;1
210615;1171P;;;15788209;A;[D]1.469[E]1.525[L]0.226;;1;1
210615;1172T;;;14536051;A;[D]6.384[E]7.909[L]0.395;;1;1
210615;1174T;;;13352055;A;[B]1.921[D]6.271[E]8.022;;1;1
210615;1175P;;;15063717;A;[B]0.565[D]1.978[E]2.316;;1;1
210615;1181P;;;15984302;A;[B]0.113[D]1.13[E]1.978;;1;1
210615;1182T;;;14665838;A;[D]4.802[E]10.509[L]0.226;;1;1
210615;1184T;;;13416821;A;[B]2.034[D]5.254[E]10.509;;1;1
210615;1185P;;;14865825;A;[B]0.848[D]1.695[E]2.825;;1;1
210615;1191P;;;16180139;A;[B]0.113[D]0.735[E]2.598;;1;1
210615;1192T;;;14860904;A;[D]3.672[E]14.689[L]0.169;;1;1
210615;1194T;;;13022575;A;[B]2.598[D]6.666[E]11.525;;1;1
210615;1195P;;;14865311;A;[B]0.961[D]1.752[E]3.333;;1;1
210615;1201P;;;15917746;A;[D]0.508[E]2.655[I]0.169;;1;1
210615;1202T;;;14860915;A;[B]0.452[D]2.26[E]12.768;;1;1
210615;1204T;;;13283696;A;[B]2.882[D]3.615[E]14.576;;1;1
210615;1205P;;;15062175;A;[B]0.791[D]1.13[E]3.898;;1;1
210615;1211P;;;15851957;A;[B]0.395[D]0.395[E]2.09;;1;1
210615;1212T;;;14664571;A;[B]0.791[D]1.921[E]11.13;;1;1
210615;1214T;;;13612923;A;[B]2.316[D]2.316[E]12.034;;1;1
210615;1215P;;;15062441;A;[B]0.904[D]0.791[E]2.882;;1;1
210615;1221P;;;15918266;A;[B]0.395[D]0.452[E]1.978;;1;1
210615;1222T;;;14729599;A;[B]0.961[D]1.186[E]11.299;;1;1
210615;1224T;;;13021314;A;[B]4.124[D]1.243[E]10.225;;1;1
210615;1225P;;;14799274;A;[B]1.412[D]0.565[E]3.164;;1;1
210615;1231P;;;15983547;A;[B]0.395[D]0.282[E]1.865;;1;1
210615;1232T;;;14532484;A;[B]1.412[D]0.452[E]11.017;;1;1
210615;1234T;;;12364417;A;[B]3.333[E]12.712[L]3.842;;1;1
210615;1235P;;;14405034;A;[D]0.169[E]4.35[I]0.904;;1;1
210615;1241P;;;15260600;A;[E]2.938[L]1.356[RN]0.282;;1;1
210615;1242T;;;13152641;A;[B]2.373[E]12.712[L]2.486;;1;1
210615;1244T;;;12101248;A;[B]6.554[D]0.961[E]10.338;;1;1
210615;1245P;;;14076073;A;[F]0.395[E]5.367[L]0.961;;1;1
210615;2011P;;;12581374;A;[T]0.169[AN]2.542;;1;1
210615;2012P;;;13365234;A;[L]1.13[AN]2.09;;1;1
210615;2013P;;;14085101;A;[B]0.339[C]0.961[L]0.395;;1;1
210615;2021P;;;13106173;A;[T]0.226[L]0.282[AN]2.655;;1;1
210615;2022P;;;13630203;A;[T]0.113[L]0.395[AN]2.034;;1;1
210615;2023P;;;14219513;A;[C]0.056[L]0.565[AN]1.299;;1;1
210615;2031P;;;13565181;A;[C]0.056[L]0.226[AN]2.09;;1;1
210615;2032P;;;13695226;A;[C]0.056[L]0.452[AN]1.865;;1;1
210615;2033P;;;13956601;A;[T]0.395[L]0.678[AN]0.961;;1;1
210615;2041P;;;13565174;A;[D]0.113[L]0.226[AN]2.316;;1;1
210615;2042P;;;13630710;A;[D]0.113[L]0.282[AN]2.26;;1;1
210615;2043P;;;13761276;A;[C]0.226[L]0.395[AN]1.752;;1;1
210615;2051P;;;13303024;A;[D]0.339[C]0.226[AN]2.373;;1;1
210615;2052P;;;13237235;A;[D]0.282[T]0.904[AN]1.412;;1;1
210615;2053P;;;13366775;A;[B]0.169[I]0.056[AN]2.655;;1;1
210615;2061P;;;13368302;A;[D]0.282[I]0.056[AN]2.598;;1;1
210615;2062P;;;13695731;A;[D]0.169[I]0.113[AN]2.147;;1;1
210615;2063P;;;13433081;A;[B]0.056[L]0.282[AN]2.429;;1;1
210615;2071P;;;13499374;A;[D]0.226[L]0.169[AN]2.203;;1;1
210615;2072P;;;13694960;A;[B]0.169[D]0.113[AN]2.09;;1;1
210615;2073P;;;13892080;A;[D]0.226[L]0.508[AN]1.752;;1;1
210615;2081P;;;13696233;A;[D]0.452[L]0.226[AN]2.147;;1;1
210615;2082P;;;13826026;A;[D]0.339[L]0.565[AN]1.921;;1;1
210615;2083P;;;14220016;A;[D]0.282[C]0.622[AN]0.622;;1;1
210615;2091P;;;13694429;A;[D]0.678[L]0.508[AN]1.865;;1;1
210615;2092P;;;14286317;A;[B]0.056[D]0.282[AN]1.412;;1;1
210615;2093P;;;14351339;A;[B]0.113[D]0.226[AN]1.299;;1;1
210615;2101P;;;13891552;A;[D]0.678[L]0.452[AN]1.808;;1;1
210615;2102P;;;13958117;A;[D]0.508[L]0.226[AN]1.695;;1;1
210615;2103P;;;14285286;A;[D]0.508[I]0.113[AN]1.356;;1;1
210615;2111P;;;13628117;A;[D]0.961[L]0.791[AN]2.203;;1;1
210615;2112P;;;13957344;A;[D]0.565[L]0.282[AN]1.752;;1;1
210615;2113P;;;14678501;A;[D]0.452[L]0.395[AN]1.017;;1;1
210615;2121P;;;14217678;A;[D]1.299[L]0.565[AN]1.186;;1;1
210615;2122P;;;14153173;A;[D]1.017[L]0.452[AN]1.525;;1;1
210615;2123P;;;14283485;A;[D]0.622[L]0.791[AN]1.073;;1;1
210615;2131P;;;14741699;A;[B]0.339[D]1.808[AN]0.622;;1;1
210615;2132P;;;15136204;A;[D]1.356[L]0.508[AN]0.282;;1;1
210615;2133P;;;14938843;A;[D]0.678[L]0.848[AN]0.395;;1;1
210615;2141P;;;15201216;A;[B]0.169[D]1.978[AN]0.339;;1;1
210615;2142P;;;15332813;A;[D]1.412[T]0.226[L]0.395;;1;1
210615;2143P;;;15003090;A;[B]0.565[D]0.735[AN]0.395;;1;1
210615;2151P;;;15331003;A;[D]2.147[E]0.282[L]0.678;;1;1
210615;2152P;;;15527620;A;[D]1.469[E]0.339[L]0.678;;1;1
210615;2153P;;;15593167;A;[D]0.791[E]0.395[L]0.848;;1;1
210615;2161P;;;15461564;A;[D]1.525[E]0.678[L]0.622;;1;1
210615;2162P;;;15659204;A;[D]1.356[E]0.282[L]0.565;;1;1
210615;2163P;;;16052683;A;[D]0.735[E]0.565[L]0.395;;1;1
210615;2171P;;;15787964;A;[D]0.904[E]1.356[I]0.169;;1;1
210615;2172P;;;15788739;A;[D]0.735[E]1.017[L]0.565;;1;1
210615;2173P;;;15855046;A;[D]0.735[E]0.791[L]0.565;;1;1
210615;2181P;;;15590328;A;[D]0.565[E]2.09[L]0.904;;1;1
210615;2182P;;;15853247;A;[D]0.452[E]1.695[L]0.678;;1;1
210615;2183P;;;16250057;A;[D]0.735[E]0.735[L]0.169;;1;1
210615;2191P;;;15327673;A;[D]0.848[E]1.695[I]0.339;;1;1
210615;2192P;;;15853504;A;[D]0.339[E]1.582[L]0.735;;1;1
210615;2193P;;;16314307;A;[D]0.565[E]1.073[L]0.169;;1;1
210615;2201P;;;15196092;A;[B]0.678[D]0.735[E]1.243;;1;1
210615;2202P;;;16116675;A;[B]0.226[D]0.622[E]1.073;;1;1
210615;2203P;;;16575938;A;[B]0.113[D]0.395[E]1.582;;1;1
210615;2211P;;;15655869;A;[B]0.565[D]0.565[E]1.412;;1;1
210615;2212P;;;15852992;A;[D]0.282[E]1.752[I]0.226;;1;1
210615;2213P;;;15853250;A;[D]0.226[E]1.695[L]0.791;;1;1
210615;2221P;;;14998204;A;[B]1.073[D]0.339[E]1.469;;1;1
210615;2222P;;;15392703;A;[B]0.678[D]0.339[E]1.356;;1;1
210615;2223P;;;15722183;A;[B]0.565[D]0.395[E]0.904;;1;1
210615;2231P;;;15195328;A;[D]0.113[E]2.147[I]0.508;;1;1
210615;2232P;;;15459015;A;[B]0.339[E]1.412[L]0.791;;1;1
210615;2233P;;;15722447;A;[F]0.056[E]1.186[L]0.565;;1;1
210615;2241P;;;14997949;A;[B]1.13[D]0.113[E]1.525;;1;1
210615;2242P;;;14670020;A;[B]1.412[D]0.226[E]0.791;;1;1
210615;2243P;;;15000016;A;[B]0.678[E]0.735[L]0.791;;1;1
210615;3011P;;;12967651;A;[B]0.735[C]2.034[RN]0.169;;1;1
210615;3012T;;;10140871;A;[B]2.486[C]7.966[I]0.622;;1;1
210615;3014T;;;9220282;A;[B]4.35[F]0.169[C]11.977;;1;1
210615;3015P;;;11719384;A;[B]1.186[C]3.39[I]0.226;;1;1
210615;3021P;;;13233907;A;[T]0.395[L]1.186[AN]1.752;;1;1
210615;3022T;;;9685204;A;[B]1.638[C]6.949[AN]5.48;;1;1
210615;3024T;;;10472147;A;[B]1.752[C]5.762[AN]2.373;;1;1
210615;3025P;;;12443620;A;[L]3.446[AN]2.995;;1;1
210615;3031P;;;13102580;A;[T]0.452[L]1.299[AN]1.978;;1;1
210615;3032T;;;10080734;A;[B]1.13[C]5.085[AN]6.328;;1;1
210615;3034T;;;9816276;A;[B]1.752[C]7.571[AN]3.615;;1;1
210615;3035P;;;12247528;A;[T]0.678[L]2.882[AN]2.486;;1;1
210615;3041P;;;12776441;A;[C]0.508[L]0.735[AN]2.938;;1;1
210615;3042T;;;9427435;A;[D]0.508[C]7.627[AN]6.158;;1;1
210615;3044T;;;9293790;A;[B]1.13[C]5.875[AN]9.435;;1;1
210615;3045P;;;12184050;A;[C]0.622[L]1.469[AN]3.672;;1;1
210615;3051P;;;12841201;A;[B]0.339[T]0.678[AN]2.429;;1;1
210615;3052T;;;9559267;A;[B]0.904[T]2.598[AN]12.599;;1;1
210615;3054T;;;9820129;A;[D]0.395[I]1.186[AN]13.333;;1;1
210615;3055P;;;11987695;A;[D]0.169[I]0.508[AN]4.802;;1;1
210615;3061P;;;12120050;A;[B]0.282[T]0.622[AN]3.842;;1;1
210615;3062T;;;9430253;A;[B]0.565[C]0.622[AN]16.384;;1;1
210615;3064T;;;9490388;A;[B]1.582[C]2.995[AN]12.825;;1;1
210615;3065P;;;12183789;A;[B]0.226[L]1.469[AN]4.181;;1;1
210615;3071P;;;13170158;A;[B]0.282[D]0.113[AN]3.164;;1;1
210615;3072T;;;9886683;A;[D]0.791[I]0.961[AN]13.164;;1;1
210615;3074T;;;9686480;A;[B]2.034[T]1.525[AN]11.751;;1;1
210615;3075P;;;12314854;A;[B]0.735[C]0.056[AN]4.463;;1;1
210615;3081P;;;12973033;A;[D]0.395[I]0.226[AN]3.051;;1;1
210615;3082T;;;9559249;A;[D]1.865[C]5.029[AN]9.208;;1;1
210615;3084T;;;9621450;A;[D]1.638[I]1.582[AN]14.632;;1;1
210615;3085P;;;12446949;A;[D]0.508[I]0.452[AN]4.012;;1;1
210615;3091P;;;13432035;A;[D]0.678[C]1.073[AN]0.961;;1;1
210615;3092T;;;10213569;A;[D]3.503[T]3.955[C]4.237;;1;1
210615;3094T;;;9949622;A;[D]5.029[T]3.898[C]5.537;;1;1
210615;3095P;;;12314832;A;[D]1.412[I]0.452[AN]4.181;;1;1
210615;3101P;;;13300186;A;[D]0.848[L]0.848[AN]2.542;;1;1
210615;3102T;;;10212020;A;[B]1.582[D]2.655[AN]11.921;;1;1
210615;3104T;;;10011818;A;[B]1.073[D]5.932[C]9.492;;1;1
210615;3105P;;;12509129;A;[B]1.13[D]1.017[AN]3.955;;1;1
210615;3111P;;;13823190;A;[D]1.13[I]0.508[AN]1.638;;1;1
210615;3112T;;;10734252;A;[B]1.073[D]5.593[C]7.118;;1;1
210615;3114T;;;10535334;A;[B]2.147[D]4.972[C]6.384;;1;1
210615;3115P;;;12770502;A;[B]1.356[D]1.073[AN]3.051;;1;1
210615;3121P;;;14019280;A;[D]1.299[I]0.452[AN]1.073;;1;1
210615;3122T;;;10929829;A;[B]1.525[D]5.649[C]5.649;;1;1
210615;3124T;;;10862240;A;[B]2.655[D]5.367[C]5.367;;1;1
210615;3125P;;;13098437;A;[B]1.186[D]1.017[AN]2.316;;1;1
210615;3131P;;;14411209;A;[B]0.791[D]1.073[AN]0.622;;1;1
210615;3132T;;;11583897;A;[B]2.938[D]6.328[C]2.655;;1;1
210615;3134T;;;11385752;A;[B]3.898[D]6.102[C]2.598;;1;1
210615;3135P;;;13358776;A;[B]1.469[D]2.147[C]0.904;;1;1
210615;3141P;;;14542277;A;[B]0.678[D]1.412[C]0.339;;1;1
210615;3142T;;;11779474;A;[B]4.012[D]7.683[C]1.752;;1;1
210615;3144T;;;11318928;A;[B]4.802[D]6.949[C]1.978;;1;1
210615;3145P;;;13292208;A;[D]2.768[E]0.452[L]4.181;;1;1
210615;3151P;;;14935743;A;[D]1.243[E]0.904[L]1.356;;1;1
210615;3152T;;;12172683;A;[D]8.475[E]2.825[I]2.203;;1;1
210615;3154T;;;11974795;A;[D]8.022[E]3.785[I]2.825;;1;1
210615;3155P;;;13948593;A;[B]1.695[D]2.486[AN]0.169;;1;1
210615;3161P;;;15394487;A;[D]1.356[E]1.299[L]0.735;;1;1
210615;3162T;;;13288322;A;[D]6.666[E]5.424[I]0.961;;1;1
210615;3164T;;;12433025;A;[B]4.124[D]7.118[E]3.615;;1;1
210615;3165P;;;14276268;A;[D]1.978[E]1.978[I]0.735;;1;1
210615;3171P;;;15197110;A;[D]1.017[E]1.638[L]1.017;;1;1
210615;3172T;;;12827259;A;[D]6.497[E]8.531[I]1.525;;1;1
210615;3174T;;;11906424;A;[B]5.254[D]7.796[E]5.593;;1;1
210615;3175P;;;14012068;A;[D]2.034[E]3.164[I]0.961;;1;1
210615;3181P;;;15261875;A;[D]0.678[E]2.26[L]1.073;;1;1
210615;3182T;;;13286009;A;[D]4.52[E]10.169[I]1.13;;1;1
210615;3184T;;;12563067;A;[D]4.802[E]11.412[I]2.147;;1;1
210615;3185P;;;14471588;A;[B]1.243[D]1.752[E]2.26;;1;1
210615;3191P;;;15786418;A;[D]0.622[E]2.542[L]0.735;;1;1
210615;3192T;;;13547895;A;[D]2.882[E]13.842[L]3.785;;1;1
210615;3194T;;;12759161;A;[D]3.615[E]14.068[I]2.09;;1;1
210615;3195P;;;14471331;A;[D]0.678[E]4.463[L]2.429;;1;1
210615;3201P;;;15786162;A;[D]0.395[E]2.768[L]0.678;;1;1
210615;3202T;;;14007414;A;[D]3.107[E]13.615[I]0.735;;1;1
210615;3204T;;;13021819;A;[B]3.615[D]3.446[E]11.751;;1;1
210615;3205P;;;14733990;A;[D]0.339[E]4.463[L]1.978;;1;1
210615;3211P;;;15457458;A;[B]0.622[D]0.565[E]2.373;;1;1
210615;3212T;;;13809781;A;[B]1.865[D]3.672[E]12.655;;1;1
210615;3214T;;;13415800;A;[B]2.598[D]2.995[E]11.751;;1;1
210615;3215P;;;14733731;A;[D]0.848[E]4.407[I]0.565;;1;1
210615;3221P;;;15260598;A;[E]3.164[L]1.582;;1;1
210615;3222T;;;12956028;A;[E]16.779[L]7.175;;1;1
210615;3224T;;;12035450;A;[B]6.892[D]3.107[E]10.904;;1;1
210615;3225P;;;14207655;A;[B]0.622[E]4.632[L]2.542;;1;1
210615;3231P;;;14931896;A;[V]0.226[E]2.882[L]1.808;;1;1
210615;3232T;;;12628109;A;[B]3.898[E]8.248[L]2.316;;1;1
210615;3234T;;;11773320;A;[B]6.441[E]8.87[L]4.745;;1;1
210615;3235P;;;14011056;A;[B]1.695[E]2.882[L]1.865;;1;1
210615;3241P;;;14209728;A;[B]1.186[E]1.412[L]1.299;;1;1
210615;3242T;;;11379597;A;[B]7.401[E]6.102[L]3.898;;1;1
210615;3244T;;;10590857;A;[B]9.435[E]5.649[L]7.571;;1;1
210615;3245P;;;12959920;A;[B]2.768[E]1.695[L]2.995;;1;1
210615;4011P;;;13754338;A;[B]0.169[T]0.169[L]3.277;;1;1
210615;4012T;;;11188929;A;[B]2.598[C]2.542[I]1.921;;1;1
210615;4014T;;;10334135;A;[B]3.955[C]4.012[I]2.825;;1;1
210615;4015P;;;13030359;A;[B]1.412[F]0.226[C]1.186;;1;1
210615;4021P;;;13688803;A;[B]0.113[T]0.395[L]3.107;;1;1
210615;4022T;;;10861766;A;[C]2.316[L]14.011;;1;1
210615;4024T;;;9809853;A;[B]4.181[F]0.848[C]6.949;;1;1
210615;4025P;;;12571353;A;[B]1.186[C]2.429[RN]0.848;;1;1
210615;4031P;;;14018540;A;[B]0.395[C]1.017[RN]0.282;;1;1
210615;4032T;;;11257297;A;[B]1.469[C]4.012[I]1.186;;1;1
210615;4034T;;;9810882;A;[B]3.559[F]0.791[C]7.458;;1;1
210615;4035P;;;12835298;A;[B]0.848[C]2.203[RN]0.735;;1;1
210615;4041P;;;12705769;A;[T]1.752[L]3.164;;1;1
210615;4042T;;;9419212;A;[B]1.865[C]10.904[I]1.582;;1;1
210615;4044T;;;9352130;A;[B]3.107[C]10.96[I]1.356;;1;1
210615;4045P;;;12244957;A;[B]1.13[C]3.277;;1;1
210615;4051P;;;12376555;A;[D]0.113[C]2.203[I]1.13;;1;1
210615;4052T;;;9089486;A;[B]0.678[C]10.734[I]3.842;;1;1
210615;4054T;;;8825283;A;[B]1.412[C]11.751[I]4.632;;1;1
210615;4055P;;;11586781;A;[B]1.073[F]0.452[C]3.277;;1;1
210615;4061P;;;12375529;A;[B]0.565[F]0.395[C]2.26;;1;1
210615;4062T;;;9087947;A;[B]0.282[C]9.435[I]5.649;;1;1
210615;4064T;;;8232118;A;[B]4.972[F]2.373[C]14.689;;1;1
210615;4065P;;;11191252;A;[B]0.904[C]3.672[I]1.978;;1;1
210615;4071P;;;11981038;A;[T]1.921[F]0.395[I]1.073;;1;1
210615;4072T;;;8363715;A;[B]2.882[F]3.164[C]11.751;;1;1
210615;4074T;;;8362162;A;[B]5.706[F]3.164[C]11.695;;1;1
210615;4075P;;;10927055;A;[B]1.978[F]1.13[C]3.051;;1;1
210615;4081P;;;11585768;A;[C]2.825[I]1.525[RN]1.525;;1;1
210615;4082T;;;8033988;A;[B]2.655[F]5.141[C]10.791;;1;1
210615;4084T;;;8426935;A;[B]4.689[F]4.237[C]7.458;;1;1
210615;4085P;;;11321304;A;[C]1.469[I]3.446[L]0.508;;1;1
210615;4091P;;;11520238;A;[T]2.712[F]0.791[I]0.961;;1;1
210615;4092T;;;7903692;A;[F]3.955[C]12.203[L]7.175;;1;1
210615;4094T;;;7902655;A;[F]1.073[C]11.808[I]9.774;;1;1
210615;4095P;;;10664920;A;[B]1.243[F]1.299[C]3.842;;1;1
210615;4101P;;;11715560;A;[F]0.904[C]0.791[I]1.186;;1;1
210615;4102T;;;8295109;A;[B]1.752[F]6.158[C]5.198;;1;1
210615;4104T;;;8360893;A;[F]2.147[C]3.898[I]9.943;;1;1
210615;4105P;;;10531026;A;[F]1.073[C]0.904[I]3.842;;1;1
210615;4111P;;;11517151;A;[F]1.469[C]0.056[L]3.164;;1;1
210615;4112T;;;7899320;A;[B]3.333[F]7.796[C]2.768;;1;1
210615;4114T;;;8161970;A;[B]4.576[F]7.118[C]2.203;;1;1
210615;4115P;;;10529993;A;[B]2.373[F]2.147[C]0.904;;1;1
210615;4121P;;;11779286;A;[B]0.735[F]0.904[I]1.356;;1;1
210615;4122T;;;8424622;A;[B]0.678[F]0.848[I]16.158;;1;1
210615;4124T;;;7964070;A;[B]7.966[F]7.514[C]2.373;;1;1
210615;4125P;;;10792390;A;[B]0.395[V]0.339[I]6.328;;1;1
210615;4131P;;;12371675;A;[F]0.565[L]4.972[RN]0.395;;1;1
210615;4132T;;;8753839;A;[B]5.762[F]4.576[C]2.995;;1;1
210615;4134T;;;8819110;A;[B]8.305[F]3.898[C]3.615;;1;1
210615;4135P;;;11713482;A;[B]1.243[C]0.452[I]3.277;;1;1
210615;4141P;;;12305368;A;[F]0.565[V]0.735[L]5.424;;1;1
210615;4142T;;;8884912;A;[F]2.26[E]2.316[I]9.887;;1;1
210615;4144T;;;8621221;A;[F]3.333[E]4.858[I]9.039;;1;1
210615;4145P;;;11252681;A;[F]0.678[V]1.469[L]10.734;;1;1
210615;4151P;;;12370128;A;[F]0.169[V]1.695[L]7.175;;1;1
210615;4152T;;;8751781;A;[B]7.627[F]5.311[V]2.655;;1;1
210615;4154T;;;8553885;A;[B]9.887[F]5.424[V]3.672;;1;1
210615;4155P;;;11251394;A;[F]0.226[V]3.559[L]14.011;;1;1
210615;4161P;;;13026771;A;[B]0.791[V]1.243[I]1.638;;1;1
210615;4162T;;;9736875;A;[B]3.446[V]6.892[I]8.248;;1;1
210615;4164T;;;9605277;A;[B]7.683[V]5.141[I]6.779;;1;1
210615;4165P;;;12171203;A;[B]2.882[F]0.791[V]1.186;;1;1
210615;4171P;;;12501197;A;[E]0.848[I]2.598[RN]1.073;;1;1
210615;4172T;;;9343138;A;[B]5.311[V]3.955[I]10.338;;1;1
210615;4174T;;;9145242;A;[B]7.966[V]3.559[I]9.83;;1;1
210615;4175P;;;12105664;A;[B]2.26[V]1.186[I]2.26;;1;1
210615;4181P;;;12502222;A;[B]1.017[E]0.169[I]2.373;;1;1
210615;4182T;;;8949662;A;[B]10.791[F]3.785[C]1.356;;1;1
210615;4184T;;;8752022;A;[B]15.932[F]4.012[C]1.356;;1;1
210615;4185P;;;11449533;A;[B]3.164[I]3.672;;1;1
210615;4191P;;;12435914;A;[B]1.752[V]0.226[I]2.203;;1;1
210615;4192T;;;9080730;A;[B]10.338[F]1.017[I]7.062;;1;1
210615;4194T;;;9145746;A;[B]16.723[F]2.542[C]1.243;;1;1
210615;4195P;;;11777725;A;[B]2.995[I]2.825;;1;1
210615;4201P;;;13026756;A;[V]0.339[E]2.203[I]2.429;;1;1
210615;4202T;;;9671057;A;[F]4.124[E]13.107[L]5.932;;1;1
210615;4204T;;;9342347;A;[B]17.852[C]0.395[I]4.689;;1;1
210615;4205P;;;12368565;A;[B]5.367[F]0.226[C]0.282;;1;1
210615;4211P;;;13881543;A;[B]2.825[AN]0.113;;1;1
210615;4212T;;;10788757;A;[B]10.565[E]1.582[I]1.469;;1;1
210615;4214T;;;10460048;A;[B]16.327[C]0.791;;1;1
210615;4215P;;;13157304;A;[B]3.503[E]0.565[L]1.525;;1;1
210615;4221P;;;13618372;A;[B]2.995[C]0.169[I]0.113;;1;1
210615;4222T;;;10657429;A;[B]13.559[AN]1.243;;1;1
210615;4224T;;;10065035;A;[B]18.869[T]0.848;;1;1
210615;4225P;;;12697268;A;[B]4.802[E]0.113[L]1.243;;1;1
210615;4231P;;;13882313;A;[B]2.034[D]0.282[L]1.299;;1;1
210615;4232T;;;10790039;A;[B]11.355[D]0.961[C]1.299;;1;1
210615;4234T;;;10461331;A;[B]13.559[D]1.243[C]1.695;;1;1
210615;4235P;;;12698552;A;[B]2.655[D]1.299[I]1.299;;1;1
210615;4241P;;;13685448;A;[B]1.752[D]0.339[L]1.921;;1;1
210615;4242T;;;10659481;A;[B]9.943[D]1.186[C]2.316;;1;1
210615;4244T;;;9345172;A;[B]14.519[C]6.215[L]1.017;;1;1
210615;4245P;;;12107963;A;[B]1.808[D]0.622[L]8.079;;1;1
210615;5011P;;;12115179;A;[T]2.09[L]2.316[RN]0.169;;1;1
210615;5012T;;;9946588;A;[B]1.243[T]7.118[F]0.508;;1;1
210615;5014T;;;9487842;A;[D]0.339[C]9.943[I]1.017;;1;1
210615;5015P;;;12970231;A;[B]0.226[T]1.808[F]0.113;;1;1
210615;5021P;;;11853554;A;[C]3.446[I]0.226[L]1.299;;1;1
210615;5022T;;;9289947;A;[C]11.751[I]0.565[L]4.745;;1;1
210615;5024T;;;9554410;A;[C]11.186[L]2.034[RN]0.339;;1;1
210615;5025P;;;12511225;A;[C]2.655[I]0.169[L]0.508;;1;1
210615;5031P;;;11525621;A;[C]4.181[I]0.226[L]0.678;;1;1
210615;5032T;;;8962271;A;[B]0.508[C]13.842[I]1.017;;1;1
210615;5034T;;;8374001;A;[F]0.113[C]18.418[L]0.452;;1;1
210615;5035P;;;11920892;A;[C]3.559[L]0.113[RN]0.169;;1;1
210615;5041P;;;11524598;A;[F]0.056[C]4.915[I]0.565;;1;1
210615;5042T;;;8698853;A;[T]12.881[F]0.961[L]3.842;;1;1
210615;5044T;;;8831731;A;[C]15.819[I]0.282[RN]1.525;;1;1
210615;5045P;;;12248317;A;[C]3.446[L]0.226[RN]0.452;;1;1
210615;5051P;;;10866425;A;[T]4.407[F]0.791[L]0.056;;1;1
210615;5052T;;;7581417;A;[T]9.605[F]1.978[C]12.542;;1;1
210615;5054T;;;8239344;A;[T]5.706[F]1.299[C]10.734;;1;1
210615;5055P;;;11919356;A;[C]3.22[AN]0.678[RN]1.073;;1;1
210615;5061P;;;10601976;A;[T]4.124[F]1.073[I]0.056;;1;1
210615;5062T;;;7711212;A;[T]16.553[F]3.051[C]0.678;;1;1
210615;5064T;;;8499952;A;[T]12.203[F]2.203[I]0.056;;1;1
210615;5065P;;;11851516;A;[T]2.034[F]0.622[AN]0.791;;1;1
210615;5071P;;;10732533;A;[F]0.678[C]5.141[RN]1.865;;1;1
210615;5072T;;;7576543;A;[T]6.836[F]4.915[C]8.757;;1;1
210615;5074T;;;8562663;A;[T]5.424[F]3.277[C]4.181;;1;1
210615;5075P;;;11981305;A;[T]1.695[F]0.848[L]0.169;;1;1
210615;5081P;;;10335978;A;[F]1.921[C]2.655[L]0.226;;1;1
210615;5082T;;;7507924;A;[F]7.345[C]11.639;;1;1
210615;5084T;;;8626142;A;[F]4.407[C]6.723[L]0.169;;1;1
210615;5085P;;;11979765;A;[F]0.961[C]1.525[L]0.169;;1;1
210615;5091P;;;10793950;A;[F]1.582[C]1.073[I]1.978;;1;1
210615;5092T;;;8031682;A;[F]5.311[C]2.598[I]7.005;;1;1
210615;5094T;;;8097744;A;[B]0.339[F]7.627[C]3.842;;1;1
210615;5095P;;;11517934;A;[F]1.638[L]0.735[AN]1.243;;1;1
210615;5101P;;;10069717;A;[F]2.995[V]0.678[L]4.463;;1;1
210615;5102T;;;7175601;A;[B]3.615[F]12.316[C]2.09;;1;1
210615;5104T;;;7373255;A;[F]11.355[C]0.678[I]1.469;;1;1
210615;5105P;;;10859239;A;[B]0.169[F]2.429[C]0.282;;1;1
210615;5111P;;;11251928;A;[F]1.017[V]2.373[I]2.542;;1;1
210615;5112T;;;8619962;A;[F]2.938[V]8.022[I]8.813;;1;1
210615;5114T;;;8752079;A;[B]0.282[F]6.497[V]6.497;;1;1
210615;5115P;;;12041197;A;[F]1.356[V]1.299[L]0.339;;1;1
210615;5121P;;;12171483;A;[B]0.904[F]1.186[V]2.26;;1;1
210615;5122T;;;9868223;A;[F]4.237[V]7.458[E]2.712;;1;1
210615;5124T;;;9934294;A;[F]3.672[V]8.87[E]0.339;;1;1
210615;5125P;;;13223920;A;[F]0.848[V]1.638[E]0.113;;1;1
210615;5131P;;;12828128;A;[B]0.508[F]0.904[V]2.825;;1;1
210615;5132T;;;10393540;A;[F]3.22[V]9.379[E]2.147;;1;1
210615;5134T;;;10459604;A;[F]2.825[V]9.605[E]0.508;;1;1
210615;5135P;;;13617906;A;[F]0.622[V]1.921[E]0.056;;1;1
210615;5141P;;;13288164;A;[F]0.339[V]3.39[L]2.373;;1;1
210615;5142T;;;11115978;A;[F]0.339[V]10.678[I]3.955;;1;1
210615;5144T;;;11903443;A;[F]1.243[V]11.582[E]0.791;;1;1
210615;5145P;;;14734321;A;[B]0.113[F]0.226[V]2.09;;1;1
210615;5151P;;;14338012;A;[B]0.508[V]3.503[L]1.412;;1;1
210615;5152T;;;11902393;A;[V]12.034[E]2.26[I]2.655;;1;1
210615;5155P;;;14799082;A;[F]0.226[V]2.429[E]0.339;;1;1
210615;5161P;;;14271955;A;[B]1.243[V]3.672[L]0.452;;1;1
210615;5162T;;;12098733;A;[B]5.029[V]11.299[E]0.169;;1;1
210615;5164T;;;13149377;A;[B]2.034[V]11.864[E]0.339;;1;1
210615;5165P;;;14995936;A;[V]2.486[E]0.395[L]1.186;;1;1
210615;5171P;;;14469584;A;[E]1.695[L]0.226[RN]4.181;;1;1
210615;5172T;;;12691119;A;[B]4.012[V]7.966[E]1.017;;1;1
210615;5174T;;;13085108;A;[B]2.768[V]8.644[E]1.299;;1;1
210615;5175P;;;15456481;A;[V]1.808[E]0.452[L]0.791;;1;1
210615;5181P;;;14403523;A;[B]1.638[V]2.203[E]0.904;;1;1
210615;5182T;;;12954535;A;[B]4.124[V]5.48[E]2.542;;1;1
210615;5184T;;;13676719;A;[B]2.147[V]6.102[E]2.768;;1;1
210615;5185P;;;15391448;A;[V]1.356[E]0.791[L]0.904;;1;1
210615;5191P;;;14274505;A;[V]0.904[E]1.582[I]0.961;;1;1
210615;5192T;;;12166816;A;[V]6.384[E]5.875[L]8.475;;1;1
210615;5194T;;;13151643;A;[V]4.237[E]7.627[I]1.752;;1;1
210615;5195P;;;14602178;A;[V]1.525[E]2.034[L]2.09;;1;1
210615;5201P;;;14995646;A;[V]1.412[E]2.542[L]1.582;;1;1
210615;5202T;;;13414553;A;[E]9.208[L]1.978[RN]6.045;;1;1
210615;5204T;;;14266251;A;[B]1.299[V]3.955[E]11.582;;1;1
210615;5205P;;;15851209;A;[B]0.395[V]0.678[E]1.412;;1;1
210615;5211P;;;14206643;A;[B]1.865[V]1.017[E]1.921;;1;1
210615;5212T;;;12362893;A;[B]5.424[V]3.503[E]7.401;;1;1
210615;5214T;;;13281671;A;[B]2.995[V]3.785[E]11.186;;1;1
210615;5215P;;;15391174;A;[B]0.678[V]0.735[E]1.356;;1;1
210615;5221P;;;14404019;A;[B]1.808[V]0.735[E]2.486;;1;1
210615;5222T;;;12691596;A;[B]5.198[V]2.712[E]8.757;;1;1
210615;5224T;;;13151374;A;[B]3.728[V]2.768[E]8.022;;1;1
210615;5225P;;;15259585;A;[E]2.373[L]0.791[RN]1.13;;1;1
210615;5231P;;;14075568;A;[B]2.373[V]0.678[E]2.373;;1;1
210615;5232T;;;12166025;A;[B]6.554[V]1.978[E]8.248;;1;1
210615;5234T;;;12822925;A;[B]4.689[V]2.598[E]8.644;;1;1
210615;5235P;;;15194048;A;[B]0.961[V]0.452[E]1.808;;1;1
210615;5241P;;;14601138;A;[B]1.469[V]0.678[E]2.882;;1;1
210615;5242T;;;13085837;A;[B]4.068[V]2.373[E]9.265;;1;1
210615;5244T;;;13676685;A;[B]2.373[V]2.655[E]9.492;;1;1
210615;5245P;;;15719363;A;[B]0.339[E]2.034[RN]0.848;;1;1
210615;6011P;;;13824506;A;[T]0.508[I]0.282[AN]0.848;;1;1
210615;6012P;;;13497852;A;[T]0.961[L]0.452[AN]0.735;;1;1
210615;6013P;;;12844031;A;[T]0.282[L]0.226[AN]2.882;;1;1
210615;6021P;;;13627643;A;[T]0.961[I]0.282[AN]0.339;;1;1
210615;6022P;;;13234943;A;[T]0.848[C]1.017[L]0.113;;1;1
210615;6023P;;;12383231;A;[T]2.486[L]0.339[AN]0.678;;1;1
210615;6031P;;;13168638;A;[T]0.452[C]1.356[RN]0.113;;1;1
210615;6032P;;;12316671;A;[T]1.356[C]1.356;;1;1
210615;6033P;;;11726335;A;[T]1.808[C]1.13[AN]0.904;;1;1
210615;6041P;;;13430783;A;[T]1.582[L]0.226[RN]0.339;;1;1
210615;6042P;;;12708863;A;[T]0.678[F]0.169[AN]2.316;;1;1
210615;6043P;;;12118783;A;[T]3.051[L]0.113[RN]0.282;;1;1
210615;6051P;;;13233407;A;[T]1.808[L]0.169[RN]0.565;;1;1
210615;6052P;;;12642559;A;[T]1.073[C]1.582[RN]0.452;;1;1
210615;6053P;;;12316159;A;[T]1.695[C]1.356[RN]0.113;;1;1
210615;6061P;;;13165822;A;[T]0.169[C]1.808[RN]1.017;;1;1
210615;6062P;;;12575743;A;[T]2.486[L]0.226[RN]0.961;;1;1
210615;6063P;;;12184319;A;[T]2.26[F]0.113[C]0.565;;1;1
210615;6071P;;;13164284;A;[T]0.508[F]0.452[C]0.395;;1;1
210615;6072P;;;12641278;A;[T]0.565[C]2.034[RN]1.017;;1;1
210615;6073P;;;12314879;A;[T]2.429[F]0.169;;1;1
210615;6081P;;;13163258;A;[T]1.469[L]0.395[RN]1.808;;1;1
210615;6082P;;;12442877;A;[T]0.395[C]2.147[RN]1.356;;1;1
210615;6083P;;;12117247;A;[T]2.768[L]0.113[RN]0.791;;1;1
210615;6091P;;;13096440;A;[T]0.452[F]0.678[L]0.226;;1;1
210615;6092P;;;13359353;A;[B]0.056[F]0.622[AN]0.565;;1;1
210615;6093P;;;13359867;A;[F]0.339[C]0.791[RN]0.904;;1;1
210615;6101P;;;13357303;A;[F]0.678[L]0.169[RN]0.791;;1;1
210615;6102P;;;13883128;A;[T]0.565[I]0.282[RN]2.147;;1;1
210615;6103P;;;13950715;A;[F]0.508[L]0.056[AN]0.056;;1;1
210615;6111P;;;14013430;A;[F]0.452[V]1.13[I]0.113;;1;1
210615;6112P;;;14672122;A;[T]0.282[L]0.452[RN]1.582;;1;1
210615;6113P;;;14014715;A;[F]0.395[RN]1.243;;1;1
210615;6121P;;;14078454;A;[F]0.395[V]1.469[I]0.113;;1;1
210615;6122P;;;14539768;A;[C]0.169[I]0.282[RN]1.752;;1;1
210615;6123P;;;14539258;A;[I]0.226[AN]0.226[RN]2.429;;1;1
210615;6131P;;;14539512;A;[F]0.282[V]0.904[L]0.056;;1;1
210615;6132P;;;15064826;A;[V]0.113[I]0.169[RN]1.582;;1;1
210615;6133P;;;14604281;A;[V]0.169[I]0.282[RN]2.09;;1;1
210615;6141P;;;14867446;A;[V]0.791[I]0.339[RN]0.904;;1;1
210615;6142P;;;15130617;A;[B]0.113[C]0.056[RN]1.978;;1;1
210615;6143P;;;15261947;A;[B]0.056[AN]0.056[RN]1.808;;1;1
210615;6151P;;;15590130;A;[V]1.073[L]0.735;;1;1
210615;6152P;;;15523832;A;[V]0.735[I]0.169[RN]0.678;;1;1
210615;6153P;;;14997494;A;[V]1.073[I]0.226[RN]1.073;;1;1
210615;6161P;;;15985393;A;[B]0.169[V]0.678[L]0.339;;1;1
210615;6162P;;;15654638;A;[B]0.169[V]1.243[I]0.169;;1;1
210615;6163P;;;15259632;A;[V]1.808[I]0.113[L]0.508;;1;1
210615;6171P;;;16049899;A;[V]0.848[E]0.226[L]0.565;;1;1
210615;6172P;;;15786213;A;[V]0.113[E]0.508[RN]1.243;;1;1
210615;6173P;;;15523301;A;[V]1.299[E]0.395[L]0.735;;1;1
210615;6181P;;;16050406;A;[V]0.565[E]0.395[I]0.169;;1;1
210615;6182P;;;15786208;A;[V]1.017[E]0.508[L]0.565;;1;1
210615;6183P;;;15653595;A;[V]1.356[E]0.735[I]0.226;;1;1
210615;6191P;;;15129552;A;[V]0.565[E]1.186[I]0.452;;1;1
210615;6192P;;;15655122;A;[B]0.565[V]0.565[E]0.678;;1;1
210615;6193P;;;15653839;A;[V]1.073[E]1.243[L]0.735;;1;1
210615;6201P;;;16247255;A;[F]0.056[V]0.339[E]0.961;;1;1
210615;6202P;;;15983825;A;[E]1.073[L]0.282[RN]0.565;;1;1
210615;6203P;;;15851467;A;[V]0.622[E]1.412[I]0.169;;1;1
210615;6211P;;;15918291;A;[V]0.452[E]1.017[L]0.622;;1;1
210615;6212P;;;15983568;A;[V]0.622[E]1.243[L]0.622;;1;1
210615;6213P;;;16048328;A;[B]0.339[V]0.508[E]1.412;;1;1
210615;6221P;;;15853010;A;[E]1.186[L]0.395[RN]0.565;;1;1
210615;6222P;;;16114635;A;[V]0.508[E]1.469[L]0.508;;1;1
210615;6223P;;;16114118;A;[B]0.113[E]1.865[RN]0.622;;1;1
210615;6231P;;;15721680;A;[B]0.395[E]0.961[RN]0.452;;1;1
210615;6232P;;;15983302;A;[B]0.452[V]0.282[E]1.469;;1;1
210615;6233P;;;16179902;A;[E]2.373[L]0.508[RN]0.282;;1;1
210615;6241P;;;16181459;A;[E]1.13[L]0.226[RN]0.508;;1;1
210615;6242P;;;16114883;A;[E]1.865[L]0.226[RN]0.339;;1;1
210615;6243P;;;16311738;A;[E]2.598[L]0.565;;1;1
210615;7011P;;;11663103;A;[C]0.565[L]0.113[AN]4.915;;1;1
210615;7012T;;;8514047;A;[T]3.728[L]0.226[AN]14.745;;1;1
210615;7014T;;;8645375;A;[T]3.107[L]0.056[AN]13.672;;1;1
210615;7015P;;;12253439;A;[T]1.243[AN]2.26;;1;1
210615;7021P;;;11005183;A;[T]2.598[C]1.243[AN]1.808;;1;1
210615;7022T;;;7920383;A;[D]0.113[T]15.198[C]3.051;;1;1
210615;7024T;;;7855615;A;[T]10.452[L]0.169[AN]6.384;;1;1
210615;7025P;;;11858687;A;[T]2.486[L]0.056[AN]1.13;;1;1
210615;7031P;;;10675967;A;[T]5.988[L]0.169[RN]0.056;;1;1
210615;7032T;;;7853311;A;[T]15.932[C]5.367[L]0.113;;1;1
210615;7034T;;;7328511;A;[T]17.796[C]1.582;;1;1
210615;7035P;;;11529215;A;[T]4.012[RN]0.056;;1;1
210615;7041P;;;10871551;A;[T]4.294[C]1.638[RN]0.452;;1;1
210615;7042T;;;7590142;A;[T]12.712[C]10.169;;1;1
210615;7044T;;;7393279;A;[T]18.079[RN]0.565;;1;1
210615;7045P;;;10806015;A;[T]5.254[RN]0.395;;1;1
210615;7051P;;;10871807;A;[T]5.706[F]0.113[I]0.113;;1;1
210615;7052T;;;7786239;A;[T]13.898[C]4.802[RN]0.565;;1;1
210615;7054T;;;7654399;A;[T]18.644[C]0.282[RN]1.299;;1;1
210615;7055P;;;11659007;A;[T]3.898[RN]0.508;;1;1
210615;7061P;;;10805247;A;[T]5.819[L]0.282[RN]0.735;;1;1
210615;7062T;;;7718908;A;[T]14.745[F]0.452[C]6.102;;1;1
210615;7064T;;;7981567;A;[T]15.593[RN]1.808;;1;1
210615;7065P;;;10804991;A;[T]5.537[L]0.056[RN]0.791;;1;1
210615;7071P;;;11001343;A;[T]4.972[F]0.226[RN]0.226;;1;1
210615;7072T;;;7979515;A;[T]15.875[F]0.961[C]2.203;;1;1
210615;7074T;;;8110591;A;[T]17.401[RN]3.39;;1;1
210615;7075P;;;11854847;A;[T]3.503[RN]0.791;;1;1
210615;7081P;;;10934783;A;[T]5.706[L]0.113[RN]1.525;;1;1
210615;7082T;;;8108028;A;[T]17.796[F]0.791[RN]3.842;;1;1
210615;7084T;;;9356542;A;[T]10.113[F]0.565[RN]2.034;;1;1
210615;7085P;;;12312831;A;[T]2.882[L]0.056[RN]1.299;;1;1
210615;7091P;;;12242169;A;[T]2.203[I]0.282[RN]3.559;;1;1
210615;7092T;;;9939691;A;[T]3.672[F]2.203[RN]5.48;;1;1
210615;7094T;;;9874425;A;[T]7.571[RN]14.011;;1;1
210615;7095P;;;13359358;A;[T]1.13[C]0.339[RN]2.655;;1;1
210615;7101P;;;13095417;A;[B]0.113[T]1.412[RN]3.39;;1;1
210615;7102T;;;10396902;A;[B]0.113[F]2.542[RN]6.384;;1;1
210615;7104T;;;10594295;A;[T]3.955[RN]15.706;;1;1
210615;7105P;;;13554941;A;[T]0.678[C]0.226[RN]3.164;;1;1
210615;7111P;;;13224439;A;[B]0.113[C]0.904[RN]4.802;;1;1
210615;7112T;;;10658791;A;[F]2.09[V]2.203[RN]5.593;;1;1
210615;7114T;;;10790134;A;[T]2.034[C]0.848[RN]16.327;;1;1
210615;7115P;;;13948157;A;[AN]0.791[RN]3.333;;1;1
210615;7121P;;;13814520;A;[T]0.113[I]0.395[RN]4.632;;1;1
210615;7122T;;;11577061;A;[B]0.508[C]1.13[RN]17.57;;1;1
210615;7124T;;;11839478;A;[T]0.735[RN]16.779;;1;1
210615;7125P;;;14406908;A;[C]0.282[RN]3.503;;1;1
210615;7131P;;;13813749;A;[T]0.113[L]0.735[RN]5.367;;1;1
210615;7132T;;;11511011;A;[V]1.243[I]1.469[RN]13.502;;1;1
210615;7134T;;;11904498;A;[F]0.282[V]1.073[RN]14.859;;1;1
210615;7135P;;;14472443;A;[C]0.169[I]0.113[RN]3.39;;1;1
210615;7141P;;;13550317;A;[B]0.056[F]0.565[V]3.107;;1;1
210615;7142T;;;11377880;A;[B]0.395[F]1.695[V]11.582;;1;1
210615;7144T;;;12298222;A;[F]0.339[V]3.333[RN]10.904;;1;1
210615;7145P;;;14669050;A;[B]0.056[AN]0.113[RN]3.164;;1;1
210615;7151P;;;14206960;A;[V]2.034[I]0.452[RN]1.865;;1;1
210615;7152T;;;12429023;A;[F]0.904[V]9.83[E]0.282;;1;1
210615;7154T;;;12756714;A;[V]5.875[L]0.395[RN]7.853;;1;1
210615;7155P;;;14930935;A;[V]1.13[L]0.282[RN]1.865;;1;1
210615;7161P;;;14534890;A;[B]0.282[V]2.316[RN]2.147;;1;1
210615;7162T;;;13018586;A;[B]0.508[F]0.395[V]12.203;;1;1
210615;7164T;;;13543395;A;[V]12.034[I]0.282[RN]1.13;;1;1
210615;7165P;;;15455477;A;[V]2.09[L]0.169[RN]0.678;;1;1
210615;7171P;;;15323865;A;[V]2.429[E]0.678[L]0.791;;1;1
210615;7172T;;;13676474;A;[B]1.808[V]7.74[E]1.582;;1;1
210615;7174T;;;14201284;A;[V]8.418[E]2.09[I]0.339;;1;1
210615;7175P;;;15719913;A;[V]1.638[E]0.226[L]0.565;;1;1
210615;7181P;;;15059920;A;[B]0.678[V]2.825[E]0.791;;1;1
210615;7182T;;;13412522;A;[B]1.865[V]8.926[E]3.446;;1;1
210615;7184T;;;14199986;A;[B]0.565[V]8.926[E]3.446;;1;1
210615;7185P;;;15587288;A;[V]1.921[E]0.735[L]0.452;;1;1
210615;7191P;;;14928831;A;[B]0.961[V]1.865[E]1.582;;1;1
210615;7192T;;;13478297;A;[B]2.429[V]6.271[E]6.836;;1;1
210615;7194T;;;14331291;A;[B]0.848[V]6.892[E]7.401;;1;1
210615;7195P;;;15915725;A;[V]1.412[E]1.469[L]0.508;;1;1
210615;7201P;;;15454651;A;[E]3.22[RN]2.147;;1;1
210615;7202T;;;13807509;A;[B]1.921[V]4.915[E]8.079;;1;1
210615;7204T;;;14594710;A;[B]0.565[V]5.311[E]8.7;;1;1
210615;7205P;;;15850442;A;[V]1.13[E]1.695[L]0.565;;1;1
210615;7211P;;;15389368;A;[B]0.622[V]1.073[E]2.768;;1;1
210615;7212T;;;13873038;A;[B]1.808[V]3.559[E]9.661;;1;1
210615;7214T;;;14726030;A;[B]0.452[V]4.181[E]10.282;;1;1
210615;7215P;;;15916228;A;[V]0.791[E]1.978[L]0.395;;1;1
210615;7221P;;;15651507;A;[E]3.955[L]0.056[RN]1.582;;1;1
210615;7222T;;;14267274;A;[B]0.113[E]12.825[RN]4.181;;1;1
210615;7224T;;;14989189;A;[B]0.452[V]2.938[E]12.429;;1;1
210615;7225P;;;16113343;A;[B]0.056[E]2.598[RN]0.848;;1;1
210615;7231P;;;15783337;A;[V]0.452[E]4.52[L]0.735;;1;1
210615;7232T;;;14399104;A;[B]1.582[V]1.017[E]13.955;;1;1
210615;7234T;;;15317628;A;[V]1.695[E]15.367[L]0.508;;1;1
210615;7235P;;;16245176;A;[E]2.938[L]0.226[RN]0.282;;1;1
210615;7241P;;;15981220;A;[B]0.395[D]0.339[E]4.124;;1;1
210615;7242T;;;14727796;A;[B]0.961[D]0.565[E]15.423;;1;1
210615;7244T;;;15384431;A;[B]0.113[D]0.961[E]15.254;;1;1
210615;7245P;;;16179630;A;[B]0.226[D]0.395[E]3.164;;1;1
210615;OW1 1P;;;15006459;A;[T]0.339[L]0.056;;1;1
210615;OW1 2P;;;14612987;A;[I]0.169[AN]0.904;;1;1
210615;OW10 1P;;;15858924;A;[B]0.113[D]0.169[AN]0.282;;1;1
210615;OW10 2P;;;15398369;A;[B]0.226[D]0.339[AN]0.452;;1;1
210615;OW11 1P;;;16252644;A;[D]0.452[L]0.113[AN]0.169;;1;1
210615;OW11 2P;;;16316894;A;[D]0.452[E]0.113[L]0.282;;1;1
210615;OW12 1P;;;16251366;A;[D]0.226[E]0.113[L]0.282;;1;1
210615;OW12 2P;;;16053206;A;[D]0.452[E]0.395[L]0.565;;1;1
210615;OW13 1P;;;15400958;A;[AN]0.508;;1;1
210615;OW13 2P;;;14284021;A;[B]0.169[C]0.452[AN]0.622;;1;1
210615;OW14 1P;;;15464948;A;[D]0.113[T]0.226[I]0.113;;1;1
210615;OW14 2P;;;14873321;A;[B]0.395[D]0.056[AN]0.735;;1;1
210615;OW15 1P;;;15662582;A;[D]0.113[L]0.169[AN]0.282;;1;1
210615;OW15 2P;;;14610919;A;[D]0.339[T]0.452[L]0.904;;1;1
210615;OW16 1P;;;16449522;A;[D]0.169[T]0.056;;1;1
210615;OW16 2P;;;15201765;A;[D]0.395[C]0.339[L]0.508;;1;1
210615;OW17 1P;;;16383983;A;[D]0.226[AN]0.113;;1;1
210615;OW17 2P;;;15595498;A;[D]0.339[I]0.169[AN]0.226;;1;1
210615;OW18 1P;;;16645872;A;[D]0.056[E]0.056;;1;1
210615;OW18 2P;;;16645091;A;[D]0.056[E]0.339;;1;1
210615;OW19 1P;;;15596792;A;[B]0.113[C]0.056[AN]0.339;;1;1
210615;OW19 2P;;;14807792;A;[D]0.113[C]0.339[L]1.017;;1;1
210615;OW2 1P;;;15663101;A;[AN]0.565;;1;1
210615;OW2 2P;;;14089212;A;[L]0.282[AN]1.525;;1;1
210615;OW20 1P;;;15990782;A;[C]0.113[AN]0.056;;1;1
210615;OW20 2P;;;14284281;A;[B]0.113[T]0.904[I]0.056;;1;1
210615;OW21 1P;;;16252667;A;[B]0.056[T]0.113;;1;1
210615;OW21 2P;;;15727353;A;[L]0.508[AN]0.226;;1;1
210615;OW22 1P;;;16055802;A;[L]0.226[AN]0.113;;1;1
210615;OW22 2P;;;15267062;A;[T]0.169[L]0.848[RN]0.056;;1;1
210615;OW23 1P;;;16120822;A;[D]0.056[L]0.508;;1;1
210615;OW23 2P;;;15528945;A;[B]0.226[F]0.056[AN]0.169;;1;1
210615;OW24 1P;;;15791342;A;[D]0.169[C]0.113[I]0.169;;1;1
210615;OW24 2P;;;15527655;A;[B]0.339[L]0.452[AN]0.056;;1;1
210615;OW25 1P;;;14612219;A;[T]0.339[I]0.169[AN]0.339;;1;1
210615;OW25 2P;;;14021628;A;[B]0.056[F]0.056[C]1.13;;1;1
210615;OW26 1P;;;15268347;A;[I]0.113[AN]0.508[RN]0.056;;1;1
210615;OW26 2P;;;14808314;A;[T]0.508[L]0.395[RN]0.113;;1;1
210615;OW27 1P;;;15989754;A;[L]0.169[AN]0.226[RN]0.113;;1;1
210615;OW27 2P;;;15266808;A;[T]0.113[F]0.056[L]0.678;;1;1
210615;OW28 1P;;;16185849;A;[L]0.452[RN]0.056;;1;1
210615;OW28 2P;;;15462388;A;[B]0.226[T]0.282[RN]0.452;;1;1
210615;OW29 1P;;;16251384;A;[E]0.056[I]0.113[RN]0.056;;1;1
210615;OW29 2P;;;15855598;A;[E]0.169[I]0.226[RN]0.169;;1;1
210615;OW3 1P;;;15204080;A;[D]0.226[C]0.282[AN]0.395;;1;1
210615;OW3 2P;;;14351080;A;[B]0.113[D]0.282[AN]1.412;;1;1
210615;OW30 1P;;;16118763;A;[B]0.282[V]0.056[E]0.056;;1;1
210615;OW30 2P;;;16117734;A;[V]0.169[E]0.395[I]0.169;;1;1
210615;OW31 1P;;;15138558;A;[T]0.339[AN]0.226;;1;1
210615;OW31 2P;;;14219775;A;[T]0.622[C]0.339;;1;1
210615;OW32 1P;;;15268347;A;[C]0.395[L]0.339;;1;1
210615;OW32 2P;;;14479865;A;[I]0.282[AN]0.904[RN]0.113;;1;1
210615;OW33 1P;;;15267836;A;[L]0.169[AN]0.565[RN]0.226;;1;1
210615;OW33 2P;;;14412273;A;[L]1.243[AN]0.678[RN]0.395;;1;1
210615;OW34 1P;;;15135479;A;[C]0.282[L]0.622[RN]0.113;;1;1
210615;OW34 2P;;;15331832;A;[B]0.113[T]0.169[F]0.113;;1;1
210615;OW35 1P;;;16317434;A;[L]0.113[AN]0.056[RN]0.113;;1;1
210615;OW35 2P;;;15527150;A;[V]0.113[E]0.169[I]0.395;;1;1
210615;OW36 1P;;;16382962;A;[B]0.226[AN]0.056;;1;1
210615;OW36 2P;;;16381162;A;[V]0.169[E]0.282[L]0.339;;1;1
210615;OW37 1P;;;15007486;A;[T]0.282[AN]0.339;;1;1
210615;OW37 2P;;;14023423;A;[AN]1.638[RN]0.169;;1;1
210615;OW38 1P;;;15465469;A;[C]0.282[I]0.056[AN]0.056;;1;1
210615;OW38 2P;;;15005438;A;[C]0.508[I]0.056[RN]0.169;;1;1
210615;OW39 1P;;;15201787;A;[F]0.056[C]0.282[I]0.056;;1;1
210615;OW39 2P;;;14806779;A;[L]0.226[AN]0.678[RN]0.791;;1;1
210615;OW4 1P;;;15399397;A;[D]0.395[T]0.282[I]0.056;;1;1
210615;OW4 2P;;;14938582;A;[B]0.226[D]0.791[T]0.339;;1;1
210615;OW40 1P;;;16119805;A;[AN]0.169[RN]0.395;;1;1
210615;OW40 2P;;;15660026;A;[B]0.056[F]0.113[RN]0.113;;1;1
210615;OW41 1P;;;16317694;A;[AN]0.056[RN]0.169;;1;1
210615;OW41 2P;;;15922937;A;[I]0.226;;1;1
210615;OW42 1P;;;16579817;A;[B]0.113[D]0.226;;1;1
210615;OW42 2P;;;16051417;A;[E]0.848[L]0.565[RN]0.226;;1;1
210615;OW5 1P;;;16383979;A;[D]0.282[C]0.056;;1;1
210615;OW5 2P;;;16317661;A;[D]0.339[E]0.113;;1;1
210615;OW6 1P;;;16448734;A;[D]0.395[E]0.113[L]0.056;;1;1
210615;OW6 2P;;;15724756;A;[B]0.395[D]0.622[AN]0.113;;1;1
210615;OW7 1P;;;14351097;A;[B]0.113[AN]1.356[RN]0.056;;1;1
210615;OW7 2P;;;13826553;A;[D]0.056[I]0.113[AN]1.865;;1;1
210615;OW8 1P;;;14809838;A;[D]0.226[I]0.113[AN]0.791;;1;1
210615;OW8 2P;;;14283493;A;[D]0.452[I]0.226[AN]1.073;;1;1
210615;OW9 1P;;;14939878;A;[B]0.169[D]0.282[AN]0.735;;1;1
210615;OW9 2P;;;14676699;A;[D]0.678[L]0.848[AN]0.565;;1;1
