2309011836;[Default];Y36 Ticiana Deluxe Prima Lavato Spirit 1050;;;;;[lt]0.9;1;1
210903;1-10-1;;;13625580;A;[C]0.407[L]0.651[AN]1.627;;1;1
210903;1-10-2;;;11264497;A;[AN]10.007[F]0.163;;1;1
210903;1-10-3;;;9689079;A;[T]13.017[L]0.569[AN]2.847;;1;1
210903;1-10-4;;;8179448;A;[T]15.62[AN]14.644[F]0.163;;1;1
210903;1-10-5;;;6473207;C;[KX]64.909[T]7.01[AN]27.674[RN]1.18;;1;1
210903;1-10-6;;;3585008;C;[KX]21.014[T]9.723[AN]53.82[F]0.443;;1;1
210903;1-10-7;;;2073321;C;[KX]20.525[B]0.15[T]76.52[I]0.705;;1;1
210903;1-1-1;;;14672879;A;[T]0.081[I]0.081[F]0.244;;1;1
210903;1-11-1;;;13560043;A;[C]0.244[L]0.732[AN]2.197;;1;1
210903;1-11-2;;;11658482;A;[C]1.871[L]0.244[AN]7.159;;1;1
210903;1-11-3;;;9296373;A;[C]3.824[T]2.847[AN]18.711;;1;1
210903;1-11-4;;;6540534;C;[KX]59.803[B]0.157[T]13.196[AN]18.552;;1;1
210903;1-11-5;;;6474229;C;[KX]60.14[T]4.668[AN]35.588[F]0.284;;1;1
210903;1-11-6;;;3847923;C;[KX]30.951[T]16.853[AN]43.93[F]0.323;;1;1
210903;1-11-7;;;1549289;C;[KX]15.454[T]83.501[L]2.045;;1;1
210903;1-1-2;;;13291244;A;[T]0.244[RN]1.383[F]0.732;;1;1
210903;1-12-1;;;13692141;A;[B]0.163[T]0.325[AN]2.115;;1;1
210903;1-12-2;;;11528182;A;[T]2.359[L]0.244[AN]6.02;;1;1
210903;1-12-3;;;9757433;A;[T]4.963[L]0.163[AN]16.352;;1;1
210903;1-12-4;;;7394551;C;[KX]67.056[B]0.099[T]8.335[AN]19.503;;1;1
210903;1-12-5;;;6802927;C;[KX]53.722[C]4.385[I]0.14[AN]30.067;;1;1
210903;1-12-6;;;2082037;C;[KX]17.011[T]7.187[L]0.401[AN]72.806;;1;1
210903;1-12-7;;;504561;C;[KX]7.414[T]27.853[L]1.04[AN]56.693;;1;1
210903;1-1-3;;;11187179;A;[C]4.312[T]1.464[RN]15.295;;1;1
210903;1-1-4;;;9344231;C;[KX]67.507[C]0.09[T]5.227[RN]25.18;;1;1
210903;1-1-5;;;7634914;C;[KX]46.398[T]9.999[RN]42.72;;1;1
210903;1-15-1;;;14281702;A;[B]0.244[AN]1.383;;1;1
210903;1-15-2;;;12315369;A;[L]0.244[D]0.163[AN]6.183;;1;1
210903;1-15-3;;;11004142;A;[B]0.081[AN]11.878;;1;1
210903;1-15-4;;;10019820;A;[B]0.244[C]0.325[AN]21.559;;1;1
210903;1-15-5;;;7265770;C;[KX]53.978[T]0.928[D]0.244[AN]26.492;;1;1
210903;1-15-6;;;4837868;C;[KX]36.438[B]0.119[L]0.576[AN]56.035;;1;1
210903;1-15-7;;;4571614;C;[KX]27.052[B]0.433[C]3.272[AN]50.29;;1;1
210903;1-1-6;;;5856975;C;[KX]23.76[C]0.328[T]10.026[RN]64.559;;1;1
210903;1-16-1;;;13954537;A;[C]0.325[D]0.163[AN]1.546;;1;1
210903;1-16-2;;;13430244;A;[C]0.163[D]0.325[AN]2.929;;1;1
210903;1-16-3;;;11921892;A;[L]0.163[D]0.325[AN]7.729;;1;1
210903;1-16-4;;;9954534;A;[B]0.081[D]0.407[AN]22.372;;1;1
210903;1-16-5;;;7067355;C;[KX]52.663[T]2.983[D]0.734[AN]27.086;;1;1
210903;1-16-6;;;3326925;C;[KX]17.884[C]2.223[D]1.047[AN]62.008;;1;1
210903;1-16-7;;;1947325;C;[KX]6.435[C]3.93[D]1.758[AN]87.877;;1;1
210903;1-1-7;;;4409272;C;[KX]7.182[T]6.571[RN]77.024[F]0.523;;1;1
210903;1-17-1;;;14872810;A;[L]0.244[D]0.081[AN]0.569;;1;1
210903;1-17-2;;;13626856;A;[L]0.163[D]0.163[AN]2.522;;1;1
210903;1-17-3;;;12249565;A;[L]0.163[D]0.651[AN]6.183;;1;1
210903;1-17-4;;;10084818;A;[I]0.081[D]1.79[AN]20.013;;1;1
210903;1-17-5;;;7328196;C;[KX]50.35[T]2.5[D]1.921[AN]23.571;;1;1
210903;1-17-6;;;4440753;C;[KX]24.26[T]2.259[D]2.795[AN]51.837;;1;1
210903;1-17-7;;;2600605;C;[KX]4.219[C]2.85[D]3.562[AN]72.199;;1;1
210903;1-19-1;;;13494489;A;[C]0.732[D]0.895[AN]1.627;;1;1
210903;1-19-2;;;12443857;A;[C]2.197[D]1.627[AN]2.441;;1;1
210903;1-19-3;;;11395273;A;[C]0.651[D]2.522[AN]9.274;;1;1
210903;1-19-4;;;9558207;A;[L]0.814[D]4.149[AN]24.976;;1;1
210903;1-19-5;;;6406813;C;[KX]23.813[C]0.934[D]3.687[AN]21.442;;1;1
210903;1-19-6;;;4502928;C;[KX]16.516[T]2.088[D]5.393[AN]39.229;;1;1
210903;1-19-7;;;3188608;C;[KX]5.146[C]1.847[D]7.21[AN]59.766;;1;1
210903;1-21-1;;;13560278;A;[L]0.325[D]0.976[AN]2.359;;1;1
210903;1-21-2;;;12706254;A;[C]1.546[D]1.79[AN]2.278;;1;1
210903;1-21-3;;;11657670;A;[C]0.407[D]2.685[AN]7.973;;1;1
210903;1-21-4;;;9754294;A;[C]1.627[D]6.183[AN]21.722;;1;1
210903;1-21-5;;;6930836;C;[KX]32.594[T]1.415[D]6.081[AN]21.945;;1;1
210903;1-21-6;;;4763261;C;[KX]13.374[T]2.154[D]7.7[AN]31.938;;1;1
210903;1-21-7;;;3775854;C;[KX]4.924[C]2.879[D]9.68[AN]40.474;;1;1
210903;1-24-1;;;14345948;A;[B]0.407[D]0.325[AN]1.058;;1;1
210903;1-24-2;;;14150350;A;[B]0.081[D]1.627[AN]1.546;;1;1
210903;1-24-3;;;11853236;A;[C]0.732[D]5.858[AN]6.671;;1;1
210903;1-24-4;;;9882002;A;[L]2.359[D]18.874[AN]21.64;;1;1
210903;1-24-5;;;8107886;C;[KX]22.345[T]1.312[D]10.706[AN]6.314;;1;1
210903;1-24-6;;;6793304;C;[KX]15.324[C]1.088[D]14.776[AN]11.611;;1;1
210903;1-24-7;;;5543235;C;[KX]12.967[T]1.944[D]28.193[AN]18.265;;1;1
210903;1-26-1;;;15199968;A;[T]0.163[L]0.163[D]0.407;;1;1
210903;1-26-2;;;14411719;A;[L]0.407[D]2.034[AN]0.569;;1;1
210903;1-26-3;;;13426600;A;[C]0.488[D]6.752[AN]0.976;;1;1
210903;1-26-4;;;11782526;A;[C]2.441[D]25.301[AN]0.244;;1;1
210903;1-26-5;;;10270811;C;[KX]26.6[T]0.781[L]0.252[D]13.032;;1;1
210903;1-26-6;;;9152315;C;[KX]18.52[C]0.791[I]0.094[D]19.771;;1;1
210903;1-26-7;;;8165666;C;[KX]14.881[C]1.037[D]29.201[AN]0.095;;1;1
210903;1-28-1;;;15067101;A;[E]0.163[L]0.895[D]0.244;;1;1
210903;1-28-2;;;15066566;A;[B]0.244[E]0.407[D]1.627;;1;1
210903;1-28-3;;;14278305;A;[E]1.302[D]6.671;;1;1
210903;1-28-4;;;13356672;A;[B]0.163[E]4.719[D]15.62;;1;1
210903;1-28-5;;;11777349;C;[KX]25.951[E]3.969[D]9.352;;1;1
210903;1-28-6;;;10659109;C;[KX]18.499[E]5.769[D]12.006;;1;1
210903;1-28-7;;;9343245;C;[KX]21.896[E]13.103[L]0.086[D]26.815;;1;1
210903;1-30-1;;;15330524;A;[L]0.081[I]0.081[D]0.569;;1;1
210903;1-30-2;;;14672065;A;[E]0.895[L]1.139[D]1.546;;1;1
210903;1-30-3;;;14801311;A;[E]3.58[D]3.824;;1;1
210903;1-30-4;;;13813621;A;[E]11.227[D]12.04;;1;1
210903;1-30-5;;;13417821;C;[KX]26.763[E]4.51[D]3.612;;1;1
210903;1-30-6;;;11181879;C;[KX]27.183[B]0.27[E]10.961[D]9.819;;1;1
210903;1-30-7;;;10719502;C;[KX]14.425[E]13.472[D]8.257;;1;1
210903;1-3-1;;;14739183;A;[I]0.081[AN]0.407[RN]0.488;;1;1
210903;1-3-2;;;13159660;A;[T]0.651[RN]2.115[F]0.488;;1;1
210903;1-32-1;;;15526872;A;[E]0.244[L]0.244[D]0.407;;1;1
210903;1-32-2;;;14999489;A;[E]1.464[L]0.732[D]0.814;;1;1
210903;1-32-3;;;14865309;A;[B]0.081[E]5.613[D]2.197;;1;1
210903;1-32-4;;;14467960;A;[E]17.003[D]5.451;;1;1
210903;1-32-5;;;13149761;C;[KX]18.113[E]9.306[D]2.034;;1;1
210903;1-32-6;;;12294168;C;[KX]13.391[E]11.493[D]2.928;;1;1
210903;1-32-7;;;10650637;C;[KX]11.555[E]18.832[D]5.319;;1;1
210903;1-3-3;;;10662895;A;[T]7.729[RN]12.61;;1;1
210903;1-33-1;;;15395027;A;[E]0.569[L]0.407[D]0.325;;1;1
210903;1-33-2;;;14998457;A;[B]0.407[E]2.115[D]0.976;;1;1
210903;1-33-3;;;15324062;A;[E]6.508[D]0.976;;1;1
210903;1-33-4;;;14730632;A;[B]0.163[E]12.691[D]1.708;;1;1
210903;1-33-5;;;13807698;C;[KX]22.127[E]7.626[D]1.463;;1;1
210903;1-33-6;;;12817687;C;[KX]13.13[E]13.242[D]1.216;;1;1
210903;1-33-7;;;11239680;C;[KX]11.475[E]20.208[D]2.707;;1;1
210903;1-34-1;;;15328978;A;[E]0.732[L]0.569[D]0.244;;1;1
210903;1-34-2;;;14866363;A;[B]0.244[E]2.929[L]0.976;;1;1
210903;1-34-3;;;14863264;A;[B]0.651[E]7.322;;1;1
210903;1-34-4;;;14267508;A;[B]1.058[V]0.163[E]25.301;;1;1
210903;1-34-5;;;13146182;C;[KX]29.447[E]18.387[RN]0.627;;1;1
210903;1-34-6;;;12618539;C;[KX]16.626[E]18.839[L]0.094[RN]0.094;;1;1
210903;1-34-7;;;10974216;C;[KX]10.976[E]33.155[D]0.99;;1;1
210903;1-3-5;;;7047394;C;[KX]54.024[T]17.561[RN]26.985;;1;1
210903;1-3-6;;;4022224;C;[KX]12.511[T]33.464[RN]46.706;;1;1
210903;1-36-1;;;15328986;A;[E]0.569[L]0.163[I]0.163;;1;1
210903;1-36-2;;;14800065;A;[B]0.976[V]0.407[E]1.871;;1;1
210903;1-36-3;;;14663583;A;[B]0.407[V]2.847[E]8.705;;1;1
210903;1-36-4;;;13542272;A;[V]10.576[E]24.488[RN]0.976;;1;1
210903;1-36-5;;;12552282;C;[KX]15.725[V]3.785[E]9.408;;1;1
210903;1-38-1;;;14997708;A;[V]0.895[E]1.383[L]0.814;;1;1
210903;1-38-2;;;15258565;A;[V]1.627[E]2.115[L]0.163;;1;1
210903;1-38-3;;;14333603;A;[V]6.427[E]7.729;;1;1
210903;1-40-1;;;15392985;A;[B]0.244[V]0.651[E]0.488;;1;1
210903;1-40-2;;;14862787;A;[B]0.163[V]3.417[E]2.197;;1;1
210903;1-40-3;;;14268851;A;[B]0.325[V]7.078[E]4.312;;1;1
210903;1-42-1;;;14867678;A;[V]0.976[E]0.407[I]0.325;;1;1
210903;1-42-2;;;14865364;A;[V]2.115[E]0.814[L]0.651;;1;1
210903;1-42-3;;;14531785;A;[V]7.891[E]1.79;;1;1
210903;1-43-1;;;15131876;A;[V]0.325[E]0.163[I]0.244;;1;1
210903;1-43-2;;;14930903;A;[B]0.325[V]1.953[E]0.407;;1;1
210903;1-43-3;;;14006215;A;[B]0.407[V]8.542[E]1.302;;1;1
210903;1-43-5;;;12026788;C;[KX]15.782[V]8.642[E]1.286[RN]0.093;;1;1
210903;1-45-1;;;15462126;A;[L]0.244[RN]0.081;;1;1
210903;1-45-2;;;15130343;A;[V]1.058[L]0.488;;1;1
210903;1-45-3;;;14402778;A;[B]0.407[V]4.963;;1;1
210903;1-45-4;;;13610455;A;[V]14.318[E]0.163;;1;1
210903;1-45-5;;;12225995;C;[KX]54.308[V]17.989[E]0.148;;1;1
210903;1-45-6;;;10579382;C;[KX]27.541[V]27.831[E]0.392;;1;1
210903;1-45-7;;;8671653;C;[KX]24.982[V]58.053[E]0.433;;1;1
210903;1-47-1;;;14868965;A;[V]0.488[L]1.139;;1;1
210903;1-47-2;;;15132140;A;[V]0.325[L]0.081[F]0.081;;1;1
210903;1-47-3;;;14010083;A;[V]2.685[L]0.651[RN]2.603;;1;1
210903;1-47-4;;;12954074;A;[V]13.83[RN]2.034[F]0.325;;1;1
210903;1-47-5;;;10385859;C;[KX]45.003[V]28.529[L]0.493[F]0.352;;1;1
210903;1-47-6;;;9201073;C;[KX]38.991[V]51.112[E]0.316[F]0.348;;1;1
210903;1-47-7;;;7490207;C;[KX]21.187[V]79.417[E]0.396;;1;1
210903;1-48-1;;;15198444;A;[B]0.081[RN]0.081[F]0.081;;1;1
210903;1-48-2;;;14671846;A;[V]0.407[L]0.895[F]0.081;;1;1
210903;1-48-3;;;12760288;A;[V]5.613[RN]4.068[F]0.651;;1;1
210903;1-48-4;;;11771864;A;[V]7.81[L]2.685[RN]17.817;;1;1
210903;1-48-5;;;9993418;C;[KX]52.41[V]23.441[RN]8.514[F]0.73;;1;1
210903;1-48-6;;;8676798;C;[KX]41.52[V]40.036[RN]18.362[F]0.396;;1;1
210903;1-48-7;;;6966700;C;[KX]22.78[V]65.439[RN]13.627[F]1.103;;1;1
210903;1-50-1;;;15329005;A;[V]0.325[L]0.325[RN]0.244;;1;1
210903;1-50-2;;;14078956;A;[L]0.081[RN]2.115[F]0.244;;1;1
210903;1-50-3;;;12236778;A;[C]1.302[RN]10.901[F]0.163;;1;1
210903;1-50-4;;;10328285;A;[C]2.359[RN]32.948[F]1.383;;1;1
210903;1-50-5;;;8879319;C;[KX]50.939[RN]37.203[F]0.681;;1;1
210903;1-50-6;;;7825869;C;[KX]40.657[V]3.679[RN]55.517[F]0.445;;1;1
210903;1-50-7;;;6773433;C;[KX]26.907[V]4.475[I]1.2[RN]70.419;;1;1
210903;1-5-1;;;14739434;A;[B]0.081[C]0.244[F]0.081;;1;1
210903;1-5-2;;;12899310;A;[B]0.081[T]2.441[RN]2.359;;1;1
210903;1-5-3;;;11716847;A;[C]0.814[T]4.149[RN]4.474;;1;1
210903;1-5-4;;;10270190;A;[T]10.739[RN]11.308;;1;1
210903;1-5-5;;;8102636;C;[KX]69.766[T]14.523[RN]13.096;;1;1
210903;1-5-6;;;5669095;C;[KX]40.253[T]26.967[RN]28.093;;1;1
210903;1-5-7;;;4616664;C;[KX]29.051[T]35.527[RN]35.322[F]0.1;;1;1
210903;1-7-1;;;14149616;A;[C]0.814[AN]0.081[F]0.081;;1;1
210903;1-7-2;;;12572651;A;[C]2.685[L]0.325[F]0.325;;1;1
210903;1-7-3;;;10995956;A;[T]7.485[RN]3.742;;1;1
210903;1-7-4;;;9484786;A;[C]0.407[T]15.864[RN]7.485;;1;1
210903;1-7-5;;;6793201;C;[KX]60.945[T]23.384[AN]2.029[RN]7.969;;1;1
210903;1-7-6;;;3377383;C;[KX]19.854[T]46.31[AN]6.567[RN]10.045;;1;1
210903;1-7-7;;;2389979;C;[T]9.718[AN]73.153[RN]17.129;;1;1
210903;1-8-1;;;13952752;A;[C]1.302[I]0.163;;1;1
210903;1-8-2;;;12902641;A;[C]3.091[RN]0.163;;1;1
210903;1-8-3;;;10867443;A;[T]7.81[RN]0.081[F]0.325;;1;1
210903;1-8-4;;;9159408;A;[T]2.278[AN]25.545[RN]6.183;;1;1
210903;1-8-5;;;6992368;C;[KX]62.273[T]21.639[RN]1.76[F]0.604;;1;1
210903;1-8-6;;;3841262;C;[KX]32.99[C]6.007[T]53.555[RN]5.008;;1;1
210903;1-8-7;;;2132704;C;[KX]13.528[T]82.379[AN]0.1[F]1.793;;1;1
210903;2-15-1;;;14086128;A;[C]0.244[AN]1.22;;1;1
210903;2-15-2;;;13035753;A;[B]0.244[C]0.163[AN]3.58;;1;1
210903;2-15-3;;;11396077;A;[C]0.732[L]0.651[AN]8.786;;1;1
210903;2-15-4;;;10280936;A;[B]0.325[I]0.163[AN]17.573;;1;1
210903;2-15-5;;;7588569;C;[KX]36.773[B]0.615[T]1.951[AN]14.22;;1;1
210903;2-15-6;;;5158860;C;[KX]22.44[B]0.967[T]4.676[AN]27.317;;1;1
210903;2-15-7;;;2268611;C;[KX]8.728[B]1.53[T]22.088[AN]45.691;;1;1
210903;2-18-1;;;13888225;A;[L]0.488[D]0.325[AN]1.708;;1;1
210903;2-18-2;;;13232605;A;[C]0.569[D]0.732[AN]2.685;;1;1
210903;2-18-3;;;12509652;A;[I]0.407[D]1.139[AN]5.044;;1;1
210903;2-18-4;;;10474686;A;[C]3.742[D]4.719[AN]11.39;;1;1
210903;2-18-5;;;6995881;C;[KX]31.37[C]3.647[D]3.581[AN]17.685;;1;1
210903;2-18-6;;;4432782;C;[KX]8.764[C]6.526[D]4.628[AN]22.663;;1;1
210903;2-18-7;;;2921086;C;[C]12.348[D]8.315[AN]58.529;;1;1
210903;2-20-1;;;13430245;A;[C]0.163[D]0.244[AN]2.766;;1;1
210903;2-20-2;;;12509907;A;[C]1.464[D]1.383[AN]3.498;;1;1
210903;2-20-3;;;11721667;A;[C]2.278[D]3.336[AN]5.613;;1;1
210903;2-20-4;;;7519899;C;[KX]24.163[C]1.971[D]3.561[AN]11.504;;1;1
210903;2-20-5;;;6533004;C;[KX]17.546[I]0.623[D]4.543[AN]15.775;;1;1
210903;2-20-6;;;5087613;C;[KX]9.351[C]5.23[D]6.741[AN]18.747;;1;1
210903;2-20-7;;;3246690;C;[KX]4.055[T]16.675[D]14.894[AN]30.892;;1;1
210903;2-2-1;;;14936561;A;[T]0.325[L]0.081[RN]0.407;;1;1
210903;2-21-1;;;13625821;A;[L]0.569[D]0.569[AN]2.359;;1;1
210903;2-21-2;;;13493973;A;[T]1.302[D]1.302[AN]0.407;;1;1
210903;2-21-3;;;12115397;A;[B]0.651[D]2.197[AN]6.671;;1;1
210903;2-21-4;;;9225892;A;[C]7.973[D]12.447[AN]18.305;;1;1
210903;2-21-5;;;6531970;C;[KX]16.751[L]2.941[D]5.379[AN]14.415;;1;1
210903;2-21-6;;;5282416;C;[KX]11.239[C]6.673[D]9.998[AN]17.31;;1;1
210903;2-21-7;;;3507541;C;[KX]0.097[C]8.826[D]20.668[AN]44.51;;1;1
210903;2-2-2;;;12897505;A;[T]0.325[L]2.115[F]0.732;;1;1
210903;2-2-3;;;12306659;A;[C]1.302[L]1.058[F]1.058;;1;1
210903;2-23-1;;;14412767;A;[C]0.732[D]0.569[AN]0.081;;1;1
210903;2-23-2;;;14084310;A;[L]0.569[D]0.895[AN]1.302;;1;1
210903;2-23-3;;;11786423;A;[C]2.522[D]5.207[AN]4.23;;1;1
210903;2-23-4;;;9487773;A;[C]7.647[D]14.562[AN]16.434;;1;1
210903;2-23-5;;;6924660;C;[KX]19.746[C]3.748[D]9.95[AN]10.779;;1;1
210903;2-23-6;;;5149019;C;[KX]7.88[C]5.642[D]14.207[AN]15.35;;1;1
210903;2-23-7;;;3374151;C;[KX]1.323[T]12.924[D]27.849[AN]30.017;;1;1
210903;2-2-4;;;11252193;A;[T]0.976[RN]5.613[F]2.115;;1;1
210903;2-24-1;;;14018521;A;[C]1.139[D]0.895[AN]0.081;;1;1
210903;2-24-2;;;14084310;A;[B]0.244[D]0.814[AN]1.383;;1;1
210903;2-24-3;;;12113840;A;[C]2.766[D]6.59[AN]2.766;;1;1
210903;2-24-4;;;9748876;A;[C]6.915[D]23.267[AN]12.529;;1;1
210903;2-24-5;;;7381349;C;[KX]19.086[L]4.054[D]11.541[AN]9.065;;1;1
210903;2-24-6;;;5475399;C;[KX]9.475[T]5.242[D]22.52[AN]7.38;;1;1
210903;2-24-7;;;4027182;C;[KX]2.051[T]5.992[D]40.149[AN]16.649;;1;1
210903;2-2-5;;;7963090;C;[KX]49.297[C]6.987[RN]31.251[F]0.667;;1;1
210903;2-25-1;;;14477783;A;[B]0.163[D]0.732[AN]0.895;;1;1
210903;2-25-2;;;14477520;A;[C]0.569[D]1.546[AN]0.163;;1;1
210903;2-25-3;;;12309935;A;[C]3.58[D]6.427;;1;1
210903;2-25-4;;;10337927;A;[C]9.356[D]23.755[AN]1.79;;1;1
210903;2-25-5;;;8364120;C;[KX]14.52[C]2.726[I]0.202[D]11.917;;1;1
210903;2-25-6;;;6457654;C;[KX]10.667[T]4.654[D]29.24[AN]0.094;;1;1
210903;2-25-7;;;5273630;C;[KX]6.318[C]1.53[D]50.875[AN]10.008;;1;1
210903;2-2-6;;;6580683;C;[KX]36.009[T]7.364[RN]52.809[F]0.741;;1;1
210903;2-2-7;;;5067689;C;[KX]16.232[L]0.961[RN]50.035[F]5.426;;1;1
210903;2-27-1;;;14935248;A;[B]0.569[D]0.814;;1;1
210903;2-27-2;;;14870216;A;[B]0.244[C]0.081[D]1.79;;1;1
210903;2-27-3;;;13160866;A;[C]0.163[I]0.976[D]8.786;;1;1
210903;2-27-4;;;11911542;A;[B]0.732[I]1.058[D]29.694;;1;1
210903;2-27-5;;;9412923;C;[KX]16.112[B]0.934[E]0.49[D]16.594;;1;1
210903;2-27-6;;;8227874;C;[KX]15.581[B]1.391[E]3.284[D]29.961;;1;1
210903;2-27-7;;;7042310;C;[KX]11.864[B]1.242[E]11.56[D]48.036;;1;1
210903;2-29-1;;;15330008;A;[E]0.163[L]0.325[D]0.488;;1;1
210903;2-29-2;;;15066575;A;[E]0.488[L]0.732[D]0.732;;1;1
210903;2-29-3;;;14144672;A;[B]0.651[E]2.278[D]5.207;;1;1
210903;2-29-4;;;12828018;A;[B]1.302[E]9.844[D]16.759;;1;1
210903;2-29-5;;;10788162;C;[KX]24.609[B]0.883[E]7.303[D]10.001;;1;1
210903;2-29-6;;;9735197;C;[KX]16.584[B]0.448[E]12.162[D]13.343;;1;1
210903;2-29-7;;;8222976;C;[KX]14.507[B]0.282[E]24.073[D]28.495;;1;1
210903;2-32-1;;;14474447;A;[E]0.814[I]0.651[D]0.569;;1;1
210903;2-32-2;;;14735286;A;[B]0.651[E]2.522[D]1.058;;1;1
210903;2-32-3;;;14207639;A;[B]0.895[E]6.752[D]3.173;;1;1
210903;2-32-4;;;13547119;A;[B]1.302[E]21.966[D]7.159;;1;1
210903;2-32-5;;;11835206;C;[KX]23.061[B]0.818[E]12.702[D]2.868;;1;1
210903;2-32-6;;;9927192;C;[KX]14.266[B]0.567[E]27.424[D]7.077;;1;1
210903;2-32-7;;;9006080;C;[KX]8.313[E]35.287[D]8.279;;1;1
210903;2-37-1;;;15195858;A;[B]0.325[V]0.407[E]0.732;;1;1
210903;2-37-2;;;14602951;A;[B]0.569[E]1.627[RN]1.22;;1;1
210903;2-37-3;;;14006432;A;[B]1.302[V]3.905[E]7.159;;1;1
210903;2-37-4;;;12818557;A;[B]1.546[V]16.352[E]24.162;;1;1
210903;2-37-5;;;10776661;C;[KX]14.45[V]10.741[E]11.865;;1;1
210903;2-37-6;;;9985859;C;[KX]7.004[V]10.631[E]12.754;;1;1
210903;2-39-1;;;15263457;A;[V]0.163[E]0.325[I]0.244;;1;1
210903;2-39-2;;;14931918;A;[V]1.058[E]1.302[I]0.244;;1;1
210903;2-39-3;;;13874604;A;[B]1.139[V]7.078[E]5.776;;1;1
210903;2-39-4;;;12227212;A;[B]3.254[V]25.708[E]16.678;;1;1
210903;2-39-5;;;10776425;C;[KX]10.879[V]9.367[E]5.84;;1;1
210903;2-39-6;;;9591641;C;[KX]6.394[V]11.777[E]6.799;;1;1
210903;2-4-1;;;14346480;A;[L]0.081[AN]1.058[RN]0.488;;1;1
210903;2-41-1;;;14998748;A;[V]0.976[E]0.407[L]0.976;;1;1
210903;2-41-2;;;14537169;A;[V]1.546[E]1.22[F]0.244;;1;1
210903;2-41-3;;;13809076;A;[V]5.369[E]4.881[RN]3.905;;1;1
210903;2-41-4;;;12620702;A;[V]30.508[E]10.251;;1;1
210903;2-41-5;;;10645628;C;[KX]11.519[V]10.698[E]3.426;;1;1
210903;2-41-6;;;9460843;C;[KX]7.711[V]14.21[E]4.422[RN]0.093;;1;1
210903;2-4-2;;;13490669;A;[T]0.407[AN]0.407[F]0.488;;1;1
210903;2-4-3;;;11978212;A;[C]1.708[L]0.732[F]1.302;;1;1
210903;2-43-1;;;14997986;A;[B]0.081[V]1.383[L]0.488;;1;1
210903;2-43-2;;;14272725;A;[B]0.651[V]3.58[L]0.732;;1;1
210903;2-43-3;;;13611978;A;[B]1.058[V]10.495[E]0.407;;1;1
210903;2-43-4;;;12557237;A;[B]1.79[V]23.511[E]1.953;;1;1
210903;2-43-5;;;11437228;C;[KX]26.587[B]0.262[V]12.771[E]0.73;;1;1
210903;2-43-6;;;9001612;C;[KX]15.213[V]29.494[E]2.011;;1;1
210903;2-4-4;;;9677284;A;[C]12.61[T]1.627[RN]17.003;;1;1
210903;2-44-1;;;15327464;A;[V]0.976[L]0.244;;1;1
210903;2-44-2;;;14471900;A;[V]1.953[E]0.163[L]1.546;;1;1
210903;2-44-3;;;13941459;A;[B]0.651[V]7.241[L]0.407;;1;1
210903;2-44-4;;;12229051;A;[B]3.173[V]23.349[RN]1.708;;1;1
210903;2-44-5;;;10384546;C;[KX]28.53[B]0.665[V]23.032[E]0.934;;1;1
210903;2-44-6;;;8476301;C;[KX]24.137[V]56.853[E]2.471;;1;1
210903;2-44-7;;;6831742;C;[KX]12.861[V]73.312[E]1.969;;1;1
210903;2-4-5;;;7046352;C;[KX]37.046[C]15.471[L]0.29[RN]22.521;;1;1
210903;2-4-6;;;4609710;C;[KX]7.626[C]22.153[I]0.481[RN]62.724;;1;1
210903;2-46-1;;;14999787;A;[V]0.569[I]0.081[F]0.081;;1;1
210903;2-46-2;;;14406625;A;[V]1.383[L]1.464[RN]0.651;;1;1
210903;2-46-3;;;12693458;A;[V]9.844[L]3.336[F]0.407;;1;1
210903;2-46-4;;;11310530;A;[B]1.79[V]24.569[F]1.627;;1;1
210903;2-46-5;;;9203108;C;[KX]29.435[B]1.444[V]27.308[F]0.56;;1;1
210903;2-46-6;;;7229078;C;[KX]16.951[V]79.534[E]1.153[F]0.592;;1;1
210903;2-46-7;;;5649796;C;[KX]10.038[V]89.111[E]0.8;;1;1
210903;2-4-7;;;3098786;C;[KX]1.662[T]31.845[RN]58.625[F]6.068;;1;1
210903;2-6-1;;;14412527;A;[C]0.488[I]0.163[AN]0.325;;1;1
210903;2-6-2;;;13426412;A;[C]1.627[I]0.244[RN]0.407;;1;1
210903;2-6-3;;;10863079;A;[C]8.624[L]0.569[RN]4.556;;1;1
210903;2-6-4;;;9153762;A;[C]20.339[RN]12.773;;1;1
210903;2-6-5;;;7181270;C;[KX]35.045[C]15.259[RN]9.813;;1;1
210903;2-6-6;;;5669328;C;[KX]32.695[T]19.56[RN]9.717[F]2.483;;1;1
210903;2-6-7;;;4157632;C;[KX]17.512[T]27.897[RN]4.007[F]4.874;;1;1
210903;2-8-1;;;13821937;A;[C]1.383[L]0.163;;1;1
210903;2-8-2;;;10602984;A;[C]11.146[L]0.488[RN]1.546;;1;1
210903;2-8-3;;;8763616;A;[C]25.789[I]0.732[F]0.732;;1;1
210903;2-8-4;;;6924253;C;[KX]40.029[C]7.639[AN]12.961[F]1.252;;1;1
210903;2-8-5;;;5543124;C;[KX]24.967[C]13.639[T]9.359[F]1.36;;1;1
210903;2-8-6;;;4359115;C;[KX]22.151[T]30.107[I]0.592[F]2.884;;1;1
210903;2-8-7;;;3044541;C;[KX]10.687[T]47.853[L]2.17[F]3.595;;1;1
210903;2-9-1;;;14084332;A;[C]0.732[L]0.651[AN]0.488;;1;1
210903;2-9-2;;;10538727;A;[B]0.325[C]10.983[AN]0.814;;1;1
210903;2-9-3;;;8109026;A;[B]0.244[C]35.145[AN]2.929;;1;1
210903;2-9-4;;;7188442;C;[KX]40.236[I]0.876[AN]21.421[F]0.784;;1;1
210903;2-9-5;;;6005716;C;[KX]21.246[C]21.995[L]0.094[I]0.384;;1;1
210903;2-9-6;;;4626898;C;[KX]26.606[T]32.24[L]3.986[RN]2.853;;1;1
210903;2-9-7;;;2915775;C;[KX]1.439[C]42.977[T]46.546[F]1.998;;1;1
210903;3-1-1;;;14672617;A;[L]0.814[AN]0.163[RN]0.814;;1;1
210903;3-11-1;;;13886697;A;[B]0.163[C]1.383[L]0.244;;1;1
210903;3-11-2;;;12245476;A;[C]2.766[L]2.359[AN]1.953;;1;1
210903;3-11-3;;;11260896;A;[C]3.254[L]3.498[AN]5.369;;1;1
210903;3-11-4;;;9553112;A;[B]1.546[C]15.376[AN]4.637;;1;1
210903;3-11-5;;;7187658;C;[KX]27.188[B]0.834[T]9.387[I]0.709;;1;1
210903;3-11-6;;;4230321;C;[KX]8.86[B]1.676[C]14.963[T]12.42;;1;1
210903;3-11-7;;;3045794;C;[C]20.082[T]29.837[L]10.808;;1;1
210903;3-1-2;;;14606828;A;[C]0.244[L]0.325[RN]0.895;;1;1
210903;3-12-1;;;13690344;A;[B]0.163[C]1.22[AN]0.488;;1;1
210903;3-12-2;;;12245731;A;[B]0.569[C]1.058[T]3.01;;1;1
210903;3-12-3;;;10079709;A;[B]0.895[C]8.298[AN]8.135;;1;1
210903;3-12-4;;;8241878;A;[L]3.173[I]2.441[AN]42.63;;1;1
210903;3-12-5;;;6662854;C;[KX]28.137[B]1.23[C]5.015[T]8.598;;1;1
210903;3-12-6;;;4888508;C;[KX]15.16[B]1.284[C]10.956[T]11.383;;1;1
210903;3-12-7;;;3308189;C;[KX]6.686[T]30.028[L]13.019[I]0.135;;1;1
210903;3-1-3;;;13224672;A;[L]2.359[RN]2.115[F]0.407;;1;1
210903;3-13-1;;;14019564;A;[L]0.814[AN]1.708;;1;1
210903;3-13-2;;;11918308;A;[B]0.488[C]3.58[AN]2.929;;1;1
210903;3-13-3;;;11065057;A;[C]7.078[D]0.651[AN]2.441;;1;1
210903;3-13-4;;;9686751;A;[B]1.139[C]8.054[AN]15.051;;1;1
210903;3-13-5;;;7584462;C;[KX]30.721[B]0.849[C]4.704[AN]9.919;;1;1
210903;3-13-6;;;5022143;C;[KX]18.957[B]1.633[T]18.978[AN]1.419;;1;1
210903;3-13-7;;;2983587;C;[KX]0.097[C]10.62[L]10.943[AN]48.663;;1;1
210903;3-1-4;;;10198472;A;[L]12.447[RN]15.62[F]2.441;;1;1
210903;3-14-1;;;13822953;A;[B]0.163[C]0.163[AN]2.034;;1;1
210903;3-14-2;;;12115678;A;[B]0.651[I]0.163[AN]6.59;;1;1
210903;3-14-3;;;10737630;A;[C]6.915[D]0.895[AN]5.288;;1;1
210903;3-14-4;;;10080733;A;[B]1.058[C]4.881[AN]13.342;;1;1
210903;3-14-5;;;7782351;C;[KX]29.359[B]0.747[C]2.949[AN]9.981;;1;1
210903;3-14-6;;;5415350;C;[KX]17.478[B]1.818[T]10.178[AN]9.566;;1;1
210903;3-14-7;;;3111829;C;[KX]3.094[T]14.33[L]15.87[AN]28.523;;1;1
210903;3-1-5;;;7633075;C;[KX]21.871[L]5.466[RN]12.003[F]1.171;;1;1
210903;3-15-1;;;13953254;A;[C]1.22[D]0.244[AN]0.163;;1;1
210903;3-15-2;;;10868955;A;[C]6.02[D]1.139[AN]5.613;;1;1
210903;3-15-3;;;9096406;A;[C]12.691[D]1.627[AN]15.213;;1;1
210903;3-15-4;;;7978955;C;[KX]29.139[B]1.008[T]2.34[AN]8.582;;1;1
210903;3-15-5;;;6534599;C;[KX]23.437[B]0.988[C]3.383[AN]15.002;;1;1
210903;3-15-6;;;5415087;C;[KX]13.1[B]1.848[C]4.628[AN]18.047;;1;1
210903;3-15-7;;;3178128;C;[KX]3.703[B]3.798[T]21.165[AN]13.922;;1;1
210903;3-1-6;;;4804245;C;[KX]12.053[L]8.279[RN]54.753[F]4.295;;1;1
210903;3-16-1;;;14347754;A;[B]0.163[AN]1.22;;1;1
210903;3-16-2;;;13298920;A;[I]0.081[D]0.163[AN]3.173;;1;1
210903;3-16-3;;;11459547;A;[C]4.312[D]1.058[AN]4.23;;1;1
210903;3-16-4;;;9095373;A;[C]14.074[D]2.766[AN]13.342;;1;1
210903;3-16-5;;;7847107;C;[KX]27.119[B]1.203[T]0.607[AN]11.598;;1;1
210903;3-16-6;;;5217446;C;[KX]16.245[B]2.872[T]4.744[AN]22.873;;1;1
210903;3-16-7;;;3113101;C;[KX]1.492[B]3.819[T]10.056[AN]31.814;;1;1
210903;3-1-7;;;3225480;C;[L]5[RN]90.189[F]0.9;;1;1
210903;3-17-1;;;12642532;A;[C]0.732[D]0.407[AN]3.905;;1;1
210903;3-17-2;;;12640473;A;[C]2.847[D]1.058[AN]0.814;;1;1
210903;3-17-3;;;11589841;A;[C]4.881[D]1.871[AN]2.522;;1;1
210903;3-17-4;;;9094334;A;[C]15.783[D]5.451[AN]11.064;;1;1
210903;3-17-5;;;7715256;C;[KX]29.539[C]7.612[D]1.871[AN]4.93;;1;1
210903;3-17-6;;;5349021;C;[KX]14.423[T]13.465[L]2.629[D]2.579;;1;1
210903;3-17-7;;;3308407;C;[KX]0.095[L]12.024[D]2.49[AN]35.664;;1;1
210903;3-18-1;;;14412773;A;[L]0.488[D]0.163[AN]0.895;;1;1
210903;3-18-2;;;12705750;A;[C]2.685[D]1.22[AN]0.814;;1;1
210903;3-18-3;;;11457740;A;[I]1.139[D]1.79[AN]8.379;;1;1
210903;3-18-4;;;9224630;A;[C]17.573[D]7.241[AN]7.647;;1;1
210903;3-18-5;;;6596250;C;[KX]18.911[I]1.596[D]2.706[AN]15.521;;1;1
210903;3-18-6;;;4953995;C;[KX]7.264[C]10.73[D]4.372[AN]11.11;;1;1
210903;3-18-7;;;3308658;C;[I]3.211[D]5.378[AN]41.908;;1;1
210903;3-20-1;;;14544611;A;[B]0.081[D]0.244[AN]0.976;;1;1
210903;3-20-2;;;14084060;A;[C]1.139[I]0.081[D]0.732;;1;1
210903;3-20-3;;;11522239;A;[C]6.752[L]0.488[D]4.556;;1;1
210903;3-20-4;;;10668724;A;[C]9.193[D]6.996[AN]3.742;;1;1
210903;3-20-5;;;8040598;C;[KX]18.587[C]4.987[T]0.806[D]3.672;;1;1
210903;3-20-6;;;4885620;C;[KX]9.394[B]1.16[T]13.33[D]6.833;;1;1
210903;3-20-7;;;3438686;C;[I]2.807[D]8.478[AN]30.918;;1;1
210903;3-22-1;;;14543844;A;[C]0.651[D]0.325;;1;1
210903;3-22-2;;;14149080;A;[C]0.895[L]0.488[D]0.814;;1;1
210903;3-22-3;;;11981502;A;[C]4.719[L]1.383[D]4.068;;1;1
210903;3-22-4;;;10799024;A;[B]2.685[D]4.474[AN]12.284;;1;1
210903;3-22-5;;;8171152;C;[KX]22.618[I]1.13[D]4.175[AN]7.85;;1;1
210903;3-22-6;;;4818024;C;[KX]8.245[B]1.359[T]12.953[D]8.8;;1;1
210903;3-22-7;;;3502160;C;[KX]0.095[I]3.294[D]15.132[AN]33.547;;1;1
210903;3-24-1;;;13822422;A;[L]0.407[D]0.895[AN]1.79;;1;1
210903;3-24-2;;;13689811;A;[T]1.22[L]0.569[D]1.22;;1;1
210903;3-24-3;;;12244155;A;[B]0.407[C]3.824[D]4.149;;1;1
210903;3-24-4;;;10798501;A;[B]0.407[C]9.274[D]10.413;;1;1
210903;3-24-5;;;8365950;C;[KX]18.139[B]1.776[D]3.973[AN]5.456;;1;1
210903;3-24-6;;;5407313;C;[KX]6.392[I]1.744[D]13.043[AN]11.727;;1;1
210903;3-24-7;;;3631161;C;[KX]0.097[L]12.201[D]27.05[AN]29.237;;1;1
210903;3-25-1;;;14544093;A;[C]0.407[D]0.569[AN]0.325;;1;1
210903;3-25-2;;;14148821;A;[B]0.488[D]0.569[AN]1.139;;1;1
210903;3-25-3;;;13557709;A;[B]0.732[D]1.058[AN]1.953;;1;1
210903;3-25-4;;;11126692;A;[B]0.651[C]7.322[D]10.007;;1;1
210903;3-25-5;;;8299636;C;[KX]15.489[C]3.638[I]0.304[D]7.003;;1;1
210903;3-25-6;;;5340743;C;[KX]4.811[C]8.178[D]19.682[AN]3.777;;1;1
210903;3-25-7;;;3693616;C;[KX]0.917[T]15.053[I]0.882[D]45.819;;1;1
210903;3-26-1;;;14739933;A;[C]0.325[L]0.407[D]0.488;;1;1
210903;3-26-2;;;14345685;A;[B]0.488[D]0.651[AN]0.814;;1;1
210903;3-26-3;;;13425089;A;[B]1.302[D]2.034[AN]1.627;;1;1
210903;3-26-4;;;11256474;A;[B]1.627[C]5.858[D]12.691;;1;1
210903;3-26-5;;;8758380;C;[KX]15.809[B]0.752[C]2.51[D]7.256;;1;1
210903;3-26-6;;;5863483;C;[KX]5.518[B]0.789[C]6.068[D]22.911;;1;1
210903;3-26-7;;;4349475;C;[KX]0.1[C]7.254[D]62.064[AN]5.804;;1;1
210903;3-30-1;;;15198937;A;[E]0.081[L]0.569[D]0.569;;1;1
210903;3-30-2;;;14605502;A;[B]0.732[E]0.569[D]1.871;;1;1
210903;3-30-3;;;13684134;A;[B]1.953[E]1.627[D]4.881;;1;1
210903;3-30-4;;;12170362;A;[B]4.8[E]8.461[D]16.189;;1;1
210903;3-30-5;;;9604166;C;[KX]14.912[B]2.196[E]5.483[D]7.571;;1;1
210903;3-30-6;;;8485159;C;[KX]12.604[E]15.763[L]4.651[D]12.336;;1;1
210903;3-30-7;;;6512384;C;[KX]7.315[B]0.56[E]37.133[D]43.576;;1;1
210903;3-33-1;;;14934736;A;[E]0.732[L]1.058[D]0.325;;1;1
210903;3-33-2;;;14537914;A;[B]1.22[E]1.953[D]0.488;;1;1
210903;3-33-3;;;14010019;A;[B]2.441[E]5.288[D]1.058;;1;1
210903;3-33-4;;;13152905;A;[B]4.637[E]13.179[D]0.976;;1;1
210903;3-33-5;;;11506522;C;[KX]13.021[E]7.198[I]0.68[RN]0.1;;1;1
210903;3-33-6;;;9399335;C;[KX]8.01[V]0.311[E]22.363[L]3.361;;1;1
210903;3-33-7;;;7361809;C;[KX]2.286[E]35.25[L]2.594[D]4;;1;1
210903;3-35-1;;;15198172;A;[E]0.407[L]0.732[D]0.081;;1;1
210903;3-35-2;;;15459022;A;[E]1.464[I]0.163;;1;1
210903;3-35-3;;;13812389;A;[V]0.081[E]7.485[I]1.302;;1;1
210903;3-35-4;;;12165239;A;[B]9.437[V]0.488[E]24.406;;1;1
210903;3-35-5;;;10189639;C;[KX]12.607[B]2.348[E]11.994[RN]0.757;;1;1
210903;3-35-6;;;9333283;C;[KX]8.052[E]23.307[I]0.989;;1;1
210903;3-35-7;;;7360787;C;[KX]4.184[E]60.649[L]2.017[D]4.7;;1;1
210903;3-36-1;;;14342091;A;[E]1.464[I]0.814;;1;1
210903;3-36-2;;;14603456;A;[B]1.22[E]1.871[RN]0.163;;1;1
210903;3-36-3;;;13482915;A;[B]3.661[V]0.976[E]5.532;;1;1
210903;3-36-4;;;12032377;A;[B]8.217[V]8.542[E]24.162;;1;1
210903;3-36-5;;;9399883;C;[KX]10.092[B]1.474[E]12.086[RN]4.088;;1;1
210903;3-36-6;;;8674355;C;[KX]7.248[B]1.8[V]5.961[E]22.256;;1;1
210903;3-36-7;;;7423771;C;[KX]4.096[V]4.59[E]91.313;;1;1
210903;3-39-1;;;14932942;A;[V]0.488[E]1.22[I]0.325;;1;1
210903;3-39-2;;;14338495;A;[B]0.325[E]3.173[RN]2.929;;1;1
210903;3-39-3;;;13087654;A;[B]4.312[V]4.23[E]4.393;;1;1
210903;3-39-4;;;11702663;A;[B]7.973[V]20.501[E]16.922;;1;1
210903;3-39-5;;;9398363;C;[KX]9.132[B]1.363[V]9.46[E]7.053;;1;1
210903;3-39-6;;;8213063;C;[KX]6.173[B]0.339[V]17.823[E]13.662;;1;1
210903;3-39-7;;;6766133;C;[KX]3.299[V]25.38[E]22.216;;1;1
210903;3-4-1;;;14082796;A;[I]0.163[AN]0.814[F]0.163;;1;1
210903;3-41-1;;;14998740;A;[B]0.569[V]0.651[E]0.488;;1;1
210903;3-41-2;;;14010052;A;[B]2.115[V]2.034[E]0.732;;1;1
210903;3-41-3;;;13481908;A;[B]2.441[V]4.963[E]2.766;;1;1
210903;3-41-4;;;12690592;A;[B]4.23[V]12.04[E]5.939;;1;1
210903;3-41-5;;;10714493;C;[KX]14.876[V]6.916[E]3.585[I]0.502;;1;1
210903;3-41-6;;;8015957;C;[KX]7.729[B]0.094[V]24.738[E]9.113;;1;1
210903;3-41-7;;;6963269;C;[KX]3.659[V]26.093[E]10.453;;1;1
210903;3-4-2;;;12766945;A;[C]0.976[L]2.278[F]0.569;;1;1
210903;3-4-3;;;11320285;A;[C]2.197[I]0.976[F]1.708;;1;1
210903;3-43-1;;;15394532;A;[V]0.163[E]0.244[F]0.081;;1;1
210903;3-43-2;;;14142158;A;[B]1.302[V]2.115[L]0.732;;1;1
210903;3-43-3;;;13285055;A;[B]3.01[V]6.59[E]0.244;;1;1
210903;3-43-4;;;11506338;A;[B]8.054[V]25.871[E]1.871;;1;1
210903;3-43-5;;;9333376;C;[KX]13.027[B]1.584[V]13.075[E]1.885;;1;1
210903;3-43-6;;;7819886;C;[KX]8.484[V]24.458[E]3.77[F]0.213;;1;1
210903;3-43-7;;;6634328;C;[KX]5.202[V]33.794[E]4.94;;1;1
210903;3-4-4;;;9938640;A;[C]2.847[I]2.766[F]3.661;;1;1
210903;3-44-1;;;14934242;A;[E]0.244[I]0.244[RN]0.569;;1;1
210903;3-44-2;;;14669532;A;[B]0.488[V]1.383[L]0.895;;1;1
210903;3-44-3;;;13284292;A;[B]2.197[V]8.542[L]0.814;;1;1
210903;3-44-4;;;11506602;A;[B]6.915[V]25.383[L]2.197;;1;1
210903;3-44-5;;;8873867;C;[KX]15.215[V]17.956[E]2.243[F]0.547;;1;1
210903;3-44-6;;;7688818;C;[KX]10.194[B]1.737[V]29.575[E]2.361;;1;1
210903;3-44-7;;;6306402;C;[KX]6.189[V]48.425[E]3.499[L]0.096;;1;1
210903;3-4-5;;;7374269;C;[KX]24.989[C]1.573[L]2.736[F]3.024;;1;1
210903;3-45-1;;;15000550;A;[V]0.488[L]1.058;;1;1
210903;3-45-2;;;13418959;A;[V]3.091[E]1.383[F]0.732;;1;1
210903;3-45-3;;;13417424;A;[V]5.695[E]0.569[I]1.383;;1;1
210903;3-45-4;;;11046825;A;[B]5.939[V]30.752[L]8.542;;1;1
210903;3-45-5;;;8808591;C;[KX]14.253[B]2.428[V]14.396[RN]1.728;;1;1
210903;3-45-6;;;7360373;C;[KX]11.084[B]2.171[V]39.665[E]2.034;;1;1
210903;3-45-7;;;5847658;C;[KX]8.21[V]88.196[E]3.594;;1;1
210903;3-4-6;;;4742041;C;[KX]8.425[L]6.098[RN]2.49[F]5.939;;1;1
210903;3-4-7;;;3098504;C;[T]5.25[L]7.052[F]12.845;;1;1
210903;3-47-1;;;14670817;A;[B]0.163[V]0.732[I]0.407;;1;1
210903;3-47-2;;;14012126;A;[V]1.871[I]0.895;;1;1
210903;3-47-3;;;13089490;A;[V]5.939[L]4.393[F]0.163;;1;1
210903;3-47-4;;;10917300;A;[B]4.393[V]18.711[F]1.953;;1;1
210903;3-47-5;;;7955349;C;[KX]17.099[V]23.349[E]0.095[L]9.092;;1;1
210903;3-47-6;;;6835844;C;[KX]12.727[V]44.812[E]2.411[F]1.312;;1;1
210903;3-47-7;;;5257833;C;[KX]5.202[V]85.124[E]2.227[L]6.448;;1;1
210903;3-48-1;;;14934250;A;[V]0.325[I]0.244[RN]0.488;;1;1
210903;3-48-2;;;13946335;A;[V]1.953[L]0.081[I]0.895;;1;1
210903;3-48-3;;;12563408;A;[V]7.322[L]4.8[F]0.488;;1;1
210903;3-48-4;;;10259642;A;[V]25.22[E]2.278[F]4.23;;1;1
210903;3-48-5;;;7496089;C;[KX]18.613[V]17.65[L]10.598[RN]11.024;;1;1
210903;3-48-6;;;6113662;C;[KX]10.133[B]2.854[V]45.146[F]1.328;;1;1
210903;3-48-7;;;4666735;C;[KX]5.21[V]90.885[E]2.156[F]1.75;;1;1
210903;3-50-1;;;14803688;A;[C]0.081[L]0.488[RN]0.651;;1;1
210903;3-50-2;;;13224156;A;[L]3.498[RN]3.173[F]0.081;;1;1
210903;3-50-3;;;12171478;A;[C]0.732[L]5.451[RN]8.217;;1;1
210903;3-50-4;;;9736892;A;[B]2.929[V]10.495[F]5.451;;1;1
210903;3-50-5;;;6907038;C;[KX]16.24[B]1.349[V]13.261[F]2.524;;1;1
210903;3-50-6;;;5261708;C;[KX]10.302[V]38.347[I]3.772[F]3.259;;1;1
210903;3-50-7;;;4077690;C;[KX]2.842[V]89.208[E]1.172[F]5.578;;1;1
210903;3-6-1;;;13951984;A;[T]0.976[I]0.081[RN]0.569;;1;1
210903;3-6-2;;;12307680;A;[C]2.197[I]1.383[F]0.244;;1;1
210903;3-6-3;;;9874643;A;[B]0.814[C]7.078[F]3.336;;1;1
210903;3-6-4;;;8625868;A;[C]13.423[I]3.417[F]4.556;;1;1
210903;3-6-5;;;7178431;C;[KX]23.287[B]0.501[C]4.222[F]2.53;;1;1
210903;3-6-6;;;4549803;C;[KX]6.732[B]0.33[C]19.046[F]4.065;;1;1
210903;3-6-7;;;3235481;C;[KX]3.109[T]28.425[L]7.97[F]5.087;;1;1
210903;3-8-1;;;14610160;A;[C]0.407[L]0.163[AN]0.325;;1;1
210903;3-8-2;;;12637665;A;[C]2.603[L]2.441[I]0.407;;1;1
210903;3-8-3;;;9943508;A;[B]0.163[C]13.098[I]3.417;;1;1
210903;3-8-4;;;7117246;C;[KX]25.555[B]1.188[C]11.361[F]0.838;;1;1
210903;3-8-5;;;5604790;C;[KX]15.524[B]0.908[C]17.919[F]1.582;;1;1
210903;3-8-6;;;4421804;C;[KX]6.018[B]1.015[C]31.618[F]1.815;;1;1
210903;3-8-7;;;3042975;C;[KX]5.486[T]35.518[L]11.179[F]1.777;;1;1
210903;3-9-1;;;14411754;A;[C]0.407[L]0.814[AN]0.163;;1;1
210903;3-9-2;;;12770279;A;[C]2.685[L]1.464[RN]0.163;;1;1
210903;3-9-3;;;9747408;A;[C]14.156[L]10.007;;1;1
210903;3-9-4;;;7185863;C;[KX]23.367[B]0.806[C]11.485[F]0.181;;1;1
210903;3-9-5;;;5870781;C;[KX]20.863[B]1.078[C]23.475[F]0.498;;1;1
210903;3-9-6;;;4687539;C;[KX]6.838[B]0.932[C]28.207[F]0.398;;1;1
210903;3-9-7;;;4751795;C;[KX]7.632[B]0.779[C]25.655[F]0.993;;1;1
210903;4-10-1;;;14149868;A;[I]0.244[AN]1.22;;1;1
210903;4-10-2;;;12572125;A;[B]0.732[C]3.01[I]0.407;;1;1
210903;4-10-3;;;10862801;A;[B]1.22[C]7.485[I]1.953;;1;1
210903;4-10-4;;;8890815;A;[B]5.288[C]22.21[F]1.383;;1;1
210903;4-10-5;;;7180967;C;[KX]18.54[C]5.555[L]11.014[AN]1.2;;1;1
210903;4-10-6;;;5340570;C;[KX]7.855[B]2.56[C]15.976[F]0.567;;1;1
210903;4-10-7;;;3301767;C;[KX]2.115[T]27.793[L]18.559[F]1.628;;1;1
210903;4-11-1;;;13623781;A;[B]0.163[C]1.383[L]0.976;;1;1
210903;4-11-2;;;12177880;A;[B]1.22[C]4.149[I]0.163;;1;1
210903;4-11-3;;;10339025;A;[B]2.115[C]12.284[F]0.081;;1;1
210903;4-11-4;;;8892353;A;[B]5.044[C]24.65[F]0.244;;1;1
210903;4-11-5;;;7183535;C;[KX]15.606[B]1.698[C]8.118[RN]0.093;;1;1
210903;4-11-6;;;5343138;C;[KX]8.277[B]2.16[C]17.406[I]0.093;;1;1
210903;4-11-7;;;3302786;C;[B]4.498[AN]40.783[F]3.047;;1;1
210903;4-13-1;;;13167858;A;[C]0.569[AN]2.603;;1;1
210903;4-13-2;;;11916762;A;[B]1.058[C]3.254[AN]2.766;;1;1
210903;4-13-3;;;10668500;A;[C]10.251[I]0.976[D]1.22;;1;1
210903;4-13-4;;;8894406;A;[C]24.325[I]2.115[D]2.847;;1;1
210903;4-13-5;;;7316662;C;[KX]26.428[B]2.122[C]3.474[T]6.436;;1;1
210903;4-13-6;;;5541540;C;[KX]11.588[B]2.368[C]6.713[T]7.116;;1;1
210903;4-13-7;;;3303809;C;[KX]2.523[B]4.881[T]30.361[F]0.861;;1;1
210903;4-14-1;;;14085101;A;[C]0.407[L]0.488[AN]1.058;;1;1
210903;4-14-2;;;11983068;A;[C]5.288[I]0.244[D]0.732;;1;1
210903;4-14-3;;;10472403;A;[C]12.447[L]1.627[D]1.464;;1;1
210903;4-14-4;;;9026502;A;[B]1.302[C]25.22[D]2.603;;1;1
210903;4-14-5;;;7514550;C;[KX]63.134[B]4.576[T]18.972[D]0.199;;1;1
210903;4-14-6;;;6067877;C;[KX]24.313[B]3.814[C]0.094[T]15.258;;1;1
210903;4-14-7;;;3304833;C;[KX]0.093[B]4.386[C]13.229[T]14.669;;1;1
210903;4-15-1;;;14346987;A;[C]0.163[L]0.569[AN]0.732;;1;1
210903;4-15-2;;;12049117;A;[C]4.881[L]0.488[D]0.732;;1;1
210903;4-15-3;;;10603216;A;[B]0.651[C]11.227[D]1.464;;1;1
210903;4-15-4;;;9026757;A;[B]1.22[C]25.545[D]2.766;;1;1
210903;4-15-5;;;7382957;C;[KX]16.569[B]0.677[C]7.805[D]1.041;;1;1
210903;4-15-6;;;5936032;C;[KX]12.607[B]1.178[C]17.203[D]1.641;;1;1
210903;4-15-7;;;3501180;C;[KX]0.093[B]4.934[C]8.782[T]19.534;;1;1
210903;4-17-1;;;13625314;A;[L]0.814[D]0.244[AN]2.115;;1;1
210903;4-17-2;;;12507345;A;[C]3.254[I]0.407[D]1.464;;1;1
210903;4-17-3;;;10865092;A;[B]0.895[C]9.437[D]2.766;;1;1
210903;4-17-4;;;8958635;A;[B]2.847[C]24.976[D]7.647;;1;1
210903;4-17-5;;;7644834;C;[KX]16.718[B]0.678[C]6.959[D]1.715;;1;1
210903;4-17-6;;;5803659;C;[KX]7.662[B]0.811[C]11.958[D]2.808;;1;1
210903;4-17-7;;;3171940;C;[T]30.128[I]4.138[D]7.883;;1;1
210903;4-19-1;;;14019554;A;[C]0.325[D]0.325[AN]1.139;;1;1
210903;4-19-2;;;12637645;A;[C]2.441[L]3.091[D]1.546;;1;1
210903;4-19-3;;;11061438;A;[B]0.976[C]8.379[D]3.905;;1;1
210903;4-19-4;;;9089702;A;[B]3.336[C]22.21[D]9.681;;1;1
210903;4-19-5;;;7445386;C;[KX]12.265[B]1.121[C]5.308[D]2.952;;1;1
210903;4-19-6;;;5736312;C;[KX]2.103[B]1.416[C]13.791[D]5.513;;1;1
210903;4-19-7;;;3564888;C;[B]7.2[D]1.805[AN]24.077;;1;1
210903;4-20-1;;;14215650;A;[B]0.325[D]0.163[AN]1.383;;1;1
210903;4-20-2;;;12769485;A;[B]0.651[C]2.929[D]1.383;;1;1
210903;4-20-3;;;11258045;A;[B]1.546[C]7.403[D]3.091;;1;1
210903;4-20-4;;;9220256;A;[B]4.149[C]21.233[D]11.552;;1;1
210903;4-20-5;;;7576198;C;[KX]11.855[B]1.338[C]5.006[D]3.173;;1;1
210903;4-20-6;;;5604209;C;[KX]5.695[B]1.116[C]10.84[D]5.773;;1;1
210903;4-20-7;;;3368018;C;[KX]1.475[B]3.985[T]20.802[D]9.407;;1;1
210903;4-2-1;;;14081513;A;[C]0.651[L]0.814[RN]0.895;;1;1
210903;4-2-2;;;12370391;A;[I]2.441[RN]0.895[F]0.325;;1;1
210903;4-2-3;;;10791369;A;[I]5.613[RN]3.254[F]1.22;;1;1
210903;4-23-1;;;14280923;A;[C]0.814[L]0.081[D]0.651;;1;1
210903;4-23-2;;;12965833;A;[C]1.708[L]2.522[D]1.79;;1;1
210903;4-23-3;;;11125683;A;[L]10.251[D]3.986[AN]6.427;;1;1
210903;4-23-4;;;9285013;A;[B]5.044[C]18.467[D]14.481;;1;1
210903;4-23-5;;;7444097;C;[KX]13.871[B]1.663[C]5.906[D]3.73;;1;1
210903;4-23-6;;;5602659;C;[KX]4.959[B]1.405[C]9.81[D]7.707;;1;1
210903;4-23-7;;;3562047;C;[KX]0.384[B]4.662[T]16.518[D]17.963;;1;1
210903;4-2-4;;;9541568;A;[L]15.457[RN]8.949[F]4.393;;1;1
210903;4-24-1;;;14083288;A;[C]0.895[L]0.488[D]0.732;;1;1
210903;4-24-2;;;12440257;A;[B]1.058[C]3.417[D]2.766;;1;1
210903;4-24-3;;;11191216;A;[B]2.359[C]6.915[D]4.881;;1;1
210903;4-24-4;;;9416083;A;[B]10.007[D]9.681[AN]21.315;;1;1
210903;4-24-5;;;7706491;C;[KX]13.386[C]3.808[I]1.172[D]5.545;;1;1
210903;4-24-6;;;5667934;C;[KX]5.115[C]7.767[I]1.187[D]9.311;;1;1
210903;4-24-7;;;3563071;C;[KX]0.18[B]3.827[T]17.911[D]20.907;;1;1
210903;4-2-5;;;7305135;C;[KX]20.311[L]5.42[RN]7.389[F]1.86;;1;1
210903;4-2-6;;;6382492;C;[KX]14.101[I]5.397[RN]17.877[F]0.381;;1;1
210903;4-26-1;;;14871521;A;[L]0.488[D]0.325[AN]0.325;;1;1
210903;4-26-2;;;14083283;A;[B]0.488[D]0.651[AN]1.22;;1;1
210903;4-26-3;;;11320740;A;[B]3.824[C]4.8[D]6.427;;1;1
210903;4-26-4;;;9939848;A;[B]7.403[C]10.007[D]17.979;;1;1
210903;4-26-5;;;7769447;C;[KX]10.215[B]2.089[C]2.573[D]5.347;;1;1
210903;4-26-6;;;5926979;C;[KX]4.964[B]2.98[C]4.278[D]14.037;;1;1
210903;4-26-7;;;3887651;C;[KX]0.17[B]6.121[D]62.874[AN]12.482;;1;1
210903;4-2-7;;;4211054;C;[KX]3.378[C]0.09[L]25.538[RN]70.183;;1;1
210903;4-27-1;;;14411223;A;[C]0.488[L]0.651[D]0.814;;1;1
210903;4-27-2;;;13423808;A;[B]1.464[C]0.976[D]1.871;;1;1
210903;4-27-3;;;11516829;A;[B]5.532[D]6.834[AN]4.637;;1;1
210903;4-27-4;;;9938045;A;[B]10.576[C]7.485[D]23.755;;1;1
210903;4-27-5;;;8293472;C;[KX]13.467[B]0.788[L]6.705[D]7.516;;1;1
210903;4-27-6;;;6517058;C;[KX]6.238[B]3.909[C]2.075[D]12.69;;1;1
210903;4-27-7;;;4542500;C;[KX]1.336[B]5.312[C]3.465[D]66.401;;1;1
210903;4-29-1;;;15067611;A;[L]0.081[I]0.163[D]0.569;;1;1
210903;4-29-2;;;14212038;A;[E]0.651[L]2.359[D]1.22;;1;1
210903;4-29-3;;;12764575;A;[E]2.929[L]6.671[D]6.508;;1;1
210903;4-29-4;;;11053696;A;[E]7.81[I]5.939[D]18.142;;1;1
210903;4-29-5;;;9277020;C;[KX]13.577[B]3.12[E]1.269[D]5.806;;1;1
210903;4-29-6;;;7106108;C;[KX]7.138[B]4.939[E]2.516[D]11.157;;1;1
210903;4-29-7;;;5198353;C;[KX]3.729[B]2.756[E]24.715[D]53.764;;1;1
210903;4-30-1;;;15330271;A;[B]0.081[L]0.325[D]0.325;;1;1
210903;4-30-2;;;14277315;A;[E]0.976[L]2.197[D]1.139;;1;1
210903;4-30-3;;;12631965;A;[E]4.068[I]2.441[D]5.858;;1;1
210903;4-30-4;;;10986874;A;[B]12.529[E]2.197[D]20.094;;1;1
210903;4-30-5;;;9538907;C;[KX]13.755[B]2.884[E]2.303[D]4.441;;1;1
210903;4-30-6;;;7499577;C;[KX]15.711[B]7.874[E]9.823[D]17.7;;1;1
210903;4-30-7;;;5527817;C;[KX]4.634[B]0.728[E]26.838[D]67.8;;1;1
210903;4-33-1;;;14605775;A;[E]1.139[L]1.953;;1;1
210903;4-33-2;;;13683383;A;[B]2.929[E]1.058[D]0.976;;1;1
210903;4-33-3;;;13155485;A;[B]4.23[E]4.963[D]2.197;;1;1
210903;4-33-4;;;11510653;A;[B]11.634[E]11.634[D]7.485;;1;1
210903;4-33-5;;;9930331;C;[KX]13.84[V]0.491[E]8.167[L]5.226;;1;1
210903;4-33-6;;;8153403;C;[KX]8.116[V]0.491[E]17.209[L]7.828;;1;1
210903;4-33-7;;;5785627;C;[KX]2.236[E]59.24[L]5.083[D]14.8;;1;1
210903;4-35-1;;;14802899;A;[E]0.976[L]1.302[RN]0.163;;1;1
210903;4-35-2;;;14143940;A;[B]1.79[E]1.058[L]0.569;;1;1
210903;4-35-3;;;12891549;A;[B]5.369[E]6.508[RN]0.895;;1;1
210903;4-35-4;;;11114878;A;[B]17.328[V]0.407[E]16.271;;1;1
210903;4-35-5;;;9863004;C;[KX]11.243[B]2.964[V]0.803[E]5.736;;1;1
210903;4-35-6;;;8020028;C;[KX]6.649[B]4.405[V]2.535[E]13.372;;1;1
210903;4-35-7;;;6112539;C;[KX]1.173[E]72.694[L]4.225[D]4.9;;1;1
210903;4-37-1;;;15328215;A;[B]0.325[V]0.163[E]0.488;;1;1
210903;4-37-2;;;13748413;A;[B]3.01[V]0.244[E]1.058;;1;1
210903;4-37-3;;;12562589;A;[B]6.671[V]1.871[E]5.207;;1;1
210903;4-37-4;;;10981503;A;[B]15.539[V]10.007[E]15.295;;1;1
210903;4-37-5;;;9467232;C;[KX]9.342[B]1.498[E]5.53[RN]3.763;;1;1
210903;4-37-6;;;7624511;C;[KX]5.843[B]3.782[V]7.098[E]13.483;;1;1
210903;4-37-7;;;5388839;C;[KX]1.148[B]3.692[V]19.05[E]75.381;;1;1
210903;4-39-1;;;14735828;A;[E]0.976[L]0.569[RN]1.058;;1;1
210903;4-39-2;;;13551038;A;[B]3.173[V]1.22[E]0.814;;1;1
210903;4-39-3;;;12496289;A;[B]7.078[V]3.905[E]4.312;;1;1
210903;4-39-4;;;10915716;A;[B]16.759[V]14.074[E]12.203;;1;1
210903;4-39-5;;;9204066;C;[KX]9.833[B]1.268[E]6.374[RN]6.046;;1;1
210903;4-39-6;;;7624011;C;[KX]5.924[B]3.272[V]11.359[E]7.929;;1;1
210903;4-39-7;;;5453869;C;[KX]1.609[V]31.164[E]41.614;;1;1
210903;4-40-1;;;15197405;A;[E]0.488[I]0.163[RN]0.325;;1;1
210903;4-40-2;;;13747903;A;[B]3.173[V]0.976[E]0.814;;1;1
210903;4-40-3;;;12627623;A;[B]5.695[V]5.125[E]2.847;;1;1
210903;4-40-4;;;11047306;A;[B]15.457[V]13.342[E]8.217;;1;1
210903;4-40-5;;;9336434;C;[KX]10.303[B]2.783[V]3.915[E]1.903;;1;1
210903;4-40-6;;;7558224;C;[KX]5.61[B]2.885[V]11.521[E]5.692;;1;1
210903;4-40-7;;;5978420;C;[KX]2.101[V]31.502[E]21.454;;1;1
210903;4-4-1;;;14278631;A;[C]0.163[I]0.488[F]0.081;;1;1
210903;4-41-1;;;15000287;A;[B]0.488[L]0.163[RN]0.325;;1;1
210903;4-41-2;;;13813958;A;[B]2.603[V]1.383[L]0.244;;1;1
210903;4-41-3;;;12298921;A;[B]7.078[V]6.427[E]1.383;;1;1
210903;4-41-4;;;10915723;A;[B]16.271[V]16.434[E]6.427;;1;1
210903;4-41-5;;;9269868;C;[KX]9.836[B]2.659[V]5.507[E]2.921;;1;1
210903;4-41-6;;;7361365;C;[KX]5.044[B]3.124[V]14.395[E]5.024;;1;1
210903;4-41-7;;;5519671;C;[KX]1.462[V]45.145[E]24.334;;1;1
210903;4-4-2;;;12766172;A;[I]2.034[AN]0.651[F]0.163;;1;1
210903;4-4-3;;;11055049;A;[B]1.79[L]3.173[F]2.685;;1;1
210903;4-43-1;;;14472916;A;[B]1.058[V]0.732[L]0.325;;1;1
210903;4-43-2;;;13879239;A;[B]2.278[V]1.79[E]0.163;;1;1
210903;4-43-3;;;12693937;A;[B]5.532[V]5.207[E]0.732;;1;1
210903;4-43-4;;;10915988;A;[B]16.027[V]18.874[E]2.197;;1;1
210903;4-43-5;;;9401723;C;[KX]9.725[B]2.457[V]5.144[E]1.14;;1;1
210903;4-43-6;;;7558751;C;[KX]5.999[B]3.231[V]12.877[E]2.925;;1;1
210903;4-43-7;;;5650755;C;[KX]2.04[V]44.16[E]11.664;;1;1
210903;4-4-4;;;8818865;A;[B]2.929[L]19.444[F]7.322;;1;1
210903;4-4-5;;;7043490;C;[KX]14.041[I]5.063[F]0.985;;1;1
210903;4-4-6;;;5267339;C;[KX]7.001[B]2.539[F]4.116;;1;1
210903;4-4-7;;;3358826;C;[L]36.074[RN]24.983[F]7.76;;1;1
210903;4-47-1;;;15000036;A;[B]0.325[RN]0.732;;1;1
210903;4-47-2;;;13617873;A;[B]1.464[V]1.058[F]0.325;;1;1
210903;4-47-3;;;11971521;A;[V]6.915[E]2.603[F]1.79;;1;1
210903;4-47-4;;;10063272;A;[B]4.556[V]21.152[I]9.518;;1;1
210903;4-47-6;;;6312048;C;[KX]6.999[V]20.126[E]2.442[I]4.213;;1;1
210903;4-47-7;;;4470100;C;[V]94[E]5.448;;1;1
210903;4-48-1;;;14473954;A;[V]0.976[L]1.464[F]0.081;;1;1
210903;4-48-2;;;13026256;A;[E]0.895[I]2.034[RN]2.929;;1;1
210903;4-48-3;;;11775940;A;[B]3.336[V]3.661[F]1.627;;1;1
210903;4-48-4;;;10065071;A;[B]6.996[V]10.657[F]4.149;;1;1
210903;4-48-5;;;8222358;C;[KX]13.817[B]2.367[V]4.944[F]1.013;;1;1
210903;4-48-6;;;5919611;C;[KX]8.687[B]4.3[V]18.545[F]2.326;;1;1
210903;4-48-7;;;3880029;C;[V]92.49[E]4.035[F]2.875;;1;1
210903;4-49-1;;;14672098;A;[E]0.163[I]0.407[RN]0.244;;1;1
210903;4-49-2;;;13617877;A;[B]0.651[V]1.546[I]1.058;;1;1
210903;4-49-3;;;11775681;A;[B]3.417[V]4.068[F]1.464;;1;1
210903;4-49-4;;;10260654;A;[V]16.434[E]5.776[F]4.556;;1;1
210903;4-49-5;;;8484755;C;[KX]16.959[B]2.949[V]6.31[F]0.873;;1;1
210903;4-49-6;;;6181745;C;[KX]7.899[B]5.116[V]17.528[F]1.35;;1;1
210903;4-49-7;;;4141913;C;[KX]2.194[V]91.898[E]4.217[F]1.691;;1;1
210903;4-50-1;;;14670817;A;[E]0.244[L]0.814[RN]1.302;;1;1
210903;4-50-2;;;13158099;A;[E]0.651[I]1.871[RN]2.197;;1;1
210903;4-50-3;;;11448002;A;[B]3.173[V]2.034[F]2.115;;1;1
210903;4-50-4;;;9671085;A;[B]7.81[V]8.135[F]5.125;;1;1
210903;4-50-5;;;7762839;C;[KX]15.443[B]2.977[RN]8.812[F]0.957;;1;1
210903;4-50-6;;;5657981;C;[KX]8.603[B]3.817[V]12.464[F]2.909;;1;1
210903;4-50-7;;;3552605;C;[V]69.756[L]27.462[F]2.782;;1;1
210903;4-6-1;;;13885676;A;[L]0.488[AN]0.976[F]0.244;;1;1
210903;4-6-2;;;12766683;A;[B]0.325[C]1.871[I]3.498;;1;1
210903;4-6-3;;;10793673;A;[B]0.163[C]3.01[I]6.671;;1;1
210903;4-6-4;;;8887483;A;[B]5.288[C]12.122[F]4.8;;1;1
210903;4-6-5;;;6913442;C;[KX]16.725[B]2.096[C]2.581[F]2.324;;1;1
210903;4-6-6;;;5137038;C;[KX]6.81[B]2.463[C]2.834[F]3.648;;1;1
210903;4-6-7;;;3229556;C;[KX]0.094[T]6.926[L]25.009[F]8.04;;1;1
210903;4-7-1;;;13886445;A;[T]1.058[I]0.325[RN]0.081;;1;1
210903;4-7-2;;;12438489;A;[C]0.976[I]2.441[AN]0.732;;1;1
210903;4-7-3;;;10794956;A;[B]2.197[C]5.451[F]1.708;;1;1
210903;4-7-4;;;8822714;A;[B]6.102[C]16.434[F]3.986;;1;1
210903;4-7-5;;;6784171;C;[KX]19.167[B]1.754[C]5.669[F]1.914;;1;1
210903;4-7-6;;;5072272;C;[KX]7.877[B]2.7[C]5.359[F]3.657;;1;1
210903;4-7-7;;;3296633;C;[KX]0.845[T]12.273[L]21.175[F]5.459;;1;1
210903;4-9-1;;;13425892;A;[C]1.22[L]1.79[F]0.081;;1;1
210903;4-9-2;;;12768475;A;[C]1.708[L]4.556;;1;1
210903;4-9-3;;;10665162;A;[B]2.278[C]8.461[I]1.708;;1;1
210903;4-9-4;;;8890558;A;[B]3.417[C]20.013[I]5.369;;1;1
210903;4-9-5;;;7049388;C;[KX]16.353[B]0.931[C]6.912[I]2.235;;1;1
210903;4-9-6;;;4813204;C;[KX]4.943[B]0.768[C]15.797[I]4.75;;1;1
210903;4-9-7;;;3431805;C;[KX]0.094[I]12.209[AN]27.568;;1;1
210903;5-10-1;;;14214375;A;[L]0.651[I]0.325[AN]0.651;;1;1
210903;5-10-2;;;12701396;A;[B]1.464[C]2.197[F]0.244;;1;1
210903;5-10-3;;;10598081;A;[B]4.312[C]7.403[F]0.814;;1;1
210903;5-10-4;;;8294813;A;[B]17.328[C]20.013[F]3.254;;1;1
210903;5-10-5;;;5993868;C;[KX]7.991[B]3.316[C]6.497[F]0.95;;1;1
210903;5-10-6;;;4086124;C;[KX]2.762[B]6.046[T]9.3[F]1.712;;1;1
210903;5-10-7;;;4280153;C;[KX]0.22[B]7.037[C]5.739[I]4.989;;1;1
210903;5-1-1;;;13685727;A;[B]0.488[L]0.081[F]0.569;;1;1
210903;5-11-1;;;14279654;A;[C]0.488[L]1.22[RN]0.163;;1;1
210903;5-11-2;;;13162201;A;[L]5.207[AN]1.058;;1;1
210903;5-11-3;;;10794689;A;[B]3.254[C]6.102[I]2.847;;1;1
210903;5-11-4;;;8361892;A;[B]11.471[C]22.616[I]7.485;;1;1
210903;5-11-5;;;6257290;C;[KX]8.127[B]2.8[C]5.634[I]1.882;;1;1
210903;5-11-6;;;4349037;C;[B]5.884[C]13.355[F]1.231;;1;1
210903;5-11-7;;;4280409;C;[KX]0.092[B]9.029[C]7.079[F]1.405;;1;1
210903;5-1-2;;;13290452;A;[B]0.814[I]1.546[RN]0.488;;1;1
210903;5-12-1;;;14543081;A;[B]0.163[C]0.651[RN]0.081;;1;1
210903;5-12-2;;;12306891;A;[B]1.708[C]2.197[L]4.068;;1;1
210903;5-12-3;;;11254719;A;[B]4.149[C]4.881[I]1.22;;1;1
210903;5-12-4;;;10003880;A;[B]10.007[C]7.566[I]3.58;;1;1
210903;5-12-5;;;7964556;C;[KX]12.769[B]3.737[C]2.199[F]0.32;;1;1
210903;5-12-6;;;5464936;C;[KX]3.989[B]6.374[C]4.221[F]0.517;;1;1
210903;5-12-7;;;4609371;C;[KX]0.775[B]7.114[C]6.077[I]2.673;;1;1
210903;5-1-3;;;10987703;A;[B]6.102[RN]1.058[F]2.441;;1;1
210903;5-13-1;;;14214888;A;[C]0.407[L]0.895[AN]0.488;;1;1
210903;5-13-2;;;12767698;A;[B]1.383[C]2.278[L]0.895;;1;1
210903;5-13-3;;;10401215;A;[B]3.905[C]8.624[I]2.034;;1;1
210903;5-13-4;;;8559783;A;[B]11.064[C]21.884[I]4.963;;1;1
210903;5-13-5;;;6718611;C;[KX]12.989[B]3.335[C]6.599[F]0.482;;1;1
210903;5-13-6;;;4679802;C;[KX]2.929[B]5.016[C]13.705[F]0.748;;1;1
210903;5-13-7;;;4084059;C;[KX]1.692[B]7.085[T]6.396[I]5.083;;1;1
210903;5-1-4;;;8488346;A;[B]17.979[RN]2.441[F]9.518;;1;1
210903;5-14-1;;;13951975;A;[C]0.976[L]1.383;;1;1
210903;5-14-2;;;12505301;A;[B]1.302[C]3.173[I]0.407;;1;1
210903;5-14-3;;;11124934;A;[B]2.929[C]6.671[I]0.814;;1;1
210903;5-14-4;;;8692396;A;[B]8.379[C]24.081[L]12.691;;1;1
210903;5-14-5;;;6653331;C;[KX]11.979[B]3.166[C]7.264[F]0.319;;1;1
210903;5-14-6;;;4942972;C;[KX]3.754[B]5.044[C]13.956[F]0.647;;1;1
210903;5-14-7;;;4215643;C;[KX]0.092[B]7.457[C]9.274[I]3.41;;1;1
210903;5-1-5;;;6316922;C;[KX]7.838[B]4.786[RN]5.61[F]1.464;;1;1
210903;5-15-1;;;14279393;A;[L]2.278[AN]0.325;;1;1
210903;5-15-2;;;12766156;A;[B]0.976[C]0.814[L]6.02;;1;1
210903;5-15-3;;;10990516;A;[B]6.427[C]4.637[I]1.708;;1;1
210903;5-15-4;;;9739420;A;[B]15.783[C]6.752[I]3.498;;1;1
210903;5-15-5;;;7963267;C;[KX]11.257[B]4.207[C]1.55[I]0.647;;1;1
210903;5-15-6;;;5792612;C;[KX]4.598[B]6.778[C]2.7[I]1.231;;1;1
210903;5-15-7;;;3884615;C;[KX]0.139[B]12.191[T]4.315[I]3.172;;1;1
210903;5-1-6;;;4211550;C;[KX]1.348[B]7.213[RN]25.746[F]1.876;;1;1
210903;5-16-1;;;14150121;A;[L]0.814[AN]1.22;;1;1
210903;5-16-2;;;12703703;A;[C]2.441[L]2.522[D]0.569;;1;1
210903;5-16-3;;;10534079;A;[B]3.742[C]10.332[D]1.058;;1;1
210903;5-16-4;;;8759213;A;[B]8.949[C]25.383[D]1.627;;1;1
210903;5-16-5;;;6917268;C;[KX]12.424[B]3.066[C]7.391[D]0.264;;1;1
210903;5-16-6;;;5008242;C;[KX]2.71[B]5.729[C]12.821[D]0.143;;1;1
210903;5-16-7;;;4083795;C;[KX]0.094[C]6.021[L]32.931[D]3.151;;1;1
210903;5-1-7;;;3618903;C;[B]6.3[L]6.09[RN]87.61;;1;1
210903;5-17-1;;;13492701;A;[B]0.244[C]1.79[D]0.407;;1;1
210903;5-17-2;;;12768979;A;[B]0.895[C]2.847[D]0.569;;1;1
210903;5-17-3;;;10599609;A;[B]3.661[C]9.681[D]2.197;;1;1
210903;5-17-4;;;8561310;A;[B]10.983[C]27.254[D]5.695;;1;1
210903;5-17-5;;;6916231;C;[KX]11.005[B]3.347[C]6.383[D]0.984;;1;1
210903;5-17-6;;;4481889;C;[KX]1.454[B]7.605[C]4.78[AN]9.093;;1;1
210903;5-17-7;;;4806739;C;[KX]1.103[B]8.963[C]7.144[D]1.299;;1;1
210903;5-18-1;;;14477794;A;[C]0.651[L]0.244[D]0.325;;1;1
210903;5-18-2;;;12636105;A;[B]1.79[C]2.522[D]0.651;;1;1
210903;5-18-3;;;10861489;A;[B]4.393[C]7.322[D]2.766;;1;1
210903;5-18-4;;;8297362;C;[KX]16.663[B]2.267[C]3.941[D]1.301;;1;1
210903;5-18-5;;;6521207;C;[KX]7.345[B]3.053[C]5.364[D]1.817;;1;1
210903;5-18-6;;;3955541;C;[KX]1.91[B]7.235[T]12.388[D]2.665;;1;1
210903;5-18-7;;;4479829;C;[KX]0.092[B]7.004[C]10.99[D]2.622;;1;1
210903;5-19-1;;;14281187;A;[B]0.081[C]0.895[D]0.325;;1;1
210903;5-19-2;;;12701896;A;[B]1.708[C]2.359[D]0.976;;1;1
210903;5-19-3;;;10335659;A;[B]5.695[C]10.169[D]3.824;;1;1
210903;5-19-4;;;8428174;A;[B]15.864[C]26.359[D]11.227;;1;1
210903;5-19-5;;;6258034;C;[KX]7.444[B]3.441[C]7.073[D]2.881;;1;1
210903;5-19-6;;;3953998;C;[KX]0.725[T]6.083[I]5.88[D]9.575;;1;1
210903;5-19-7;;;4544079;C;[KX]0.092[B]8.989[C]8.413[D]2.104;;1;1
210903;5-20-1;;;13752276;A;[L]3.417[I]0.407[D]0.569;;1;1
210903;5-20-2;;;12173758;A;[B]4.149[L]4.474[AN]2.115;;1;1
210903;5-20-3;;;11384242;A;[B]7.891[C]3.824[I]0.163;;1;1
210903;5-20-4;;;9672849;A;[B]22.779[C]6.671[I]0.569;;1;1
210903;5-20-5;;;8093562;C;[KX]7.954[B]4.456[C]0.588[AN]0.286;;1;1
210903;5-20-6;;;5725784;C;[KX]3.428[B]8.34[I]0.28[AN]2.039;;1;1
210903;5-20-7;;;4278853;C;[KX]0.795[B]11.674[L]6.15[AN]3.247;;1;1
210903;5-2-1;;;13883874;A;[C]0.163[L]0.651[I]0.976;;1;1
210903;5-21-1;;;14017240;A;[C]0.895[I]0.244[D]0.814;;1;1
210903;5-21-2;;;12898504;A;[B]1.79[C]2.034[D]0.814;;1;1
210903;5-21-3;;;10663594;A;[B]5.776[C]8.054[D]3.742;;1;1
210903;5-21-4;;;8296329;C;[KX]15.052[B]2.548[C]3.228[D]1.642;;1;1
210903;5-21-5;;;6059878;C;[KX]6.352[B]3.94[C]6.466[D]3.989;;1;1
210903;5-21-6;;;3625284;C;[KX]0.095[B]9.021[T]12.622[D]5.963;;1;1
210903;5-21-7;;;4609358;C;[KX]0.426[B]9.134[C]7.436[D]2.31;;1;1
210903;5-2-2;;;13159122;A;[B]1.139[L]2.034[F]0.488;;1;1
210903;5-22-1;;;14477535;A;[B]0.325[D]0.244[AN]0.895;;1;1
210903;5-22-2;;;12898502;A;[L]6.346[D]1.383[AN]0.814;;1;1
210903;5-22-3;;;10202786;A;[L]28.474[D]6.183[AN]5.451;;1;1
210903;5-22-4;;;8361350;C;[KX]11.76[B]2.221[C]2.38[D]1.449;;1;1
210903;5-22-5;;;5993057;C;[KX]5.177[B]4.415[C]5.567[D]3.551;;1;1
210903;5-22-6;;;3690817;C;[KX]0.095[B]8.917[T]10.889[D]7.305;;1;1
210903;5-22-7;;;3558459;C;[KX]0.093[B]10.299[T]11.311[D]11.145;;1;1
210903;5-2-3;;;10200256;A;[B]0.651[I]8.461[F]1.627;;1;1
210903;5-23-1;;;14477278;A;[B]0.163[C]0.569[D]0.407;;1;1
210903;5-23-2;;;12832195;A;[C]0.488[L]6.996[D]1.871;;1;1
210903;5-23-3;;;10794664;A;[B]6.427[C]7.159[D]4.23;;1;1
210903;5-23-4;;;8492675;C;[KX]11.697[B]2.346[C]2.081[D]1.694;;1;1
210903;5-23-5;;;6256227;C;[KX]6.014[B]4.198[C]4.906[D]3.686;;1;1
210903;5-23-6;;;3756091;C;[KX]0.146[B]8.971[T]10.464[D]12.685;;1;1
210903;5-23-7;;;3884858;C;[KX]0.094[B]17.461[T]8.677[D]10.503;;1;1
210903;5-2-4;;;8687020;A;[B]7.241[L]7.485[F]8.705;;1;1
210903;5-24-1;;;14543072;A;[L]0.814[D]0.325[AN]0.569;;1;1
210903;5-24-2;;;13227464;A;[B]1.22[C]1.627[D]1.302;;1;1
210903;5-24-3;;;10859941;A;[B]6.346[C]6.59[D]4.312;;1;1
210903;5-24-4;;;8755077;C;[KX]14.44[B]2.626[C]2.146[D]1.707;;1;1
210903;5-24-5;;;6321504;C;[KX]6.176[B]4.183[C]4.627[D]4.084;;1;1
210903;5-24-6;;;3822137;C;[KX]0.098[L]25.122[D]19.459[AN]10.95;;1;1
210903;5-24-7;;;4016702;C;[KX]0.582[B]11.662[T]5.226[D]4.925;;1;1
210903;5-2-5;;;7174296;C;[KX]12.293[B]2.388[RN]0.415[F]1.894;;1;1
210903;5-25-1;;;14542557;A;[C]0.407[L]0.814[D]0.407;;1;1
210903;5-25-2;;;13161414;A;[L]5.288[D]1.546[AN]0.569;;1;1
210903;5-25-3;;;10925217;A;[B]6.752[C]5.695[D]5.532;;1;1
210903;5-25-4;;;8623488;C;[KX]11.512[B]2.158[C]1.741[D]1.85;;1;1
210903;5-25-5;;;6124121;C;[KX]4.874[B]4.004[C]4.152[D]5.008;;1;1
210903;5-25-6;;;4083768;C;[KX]0.252[B]10.739[D]10.921[AN]9.358;;1;1
210903;5-25-7;;;4476480;C;[KX]0.248[B]10.269[C]4.587[D]5.034;;1;1
210903;5-2-6;;;6055300;C;[KX]7.662[B]3.533[RN]1.443[F]2.389;;1;1
210903;5-26-1;;;14805727;A;[I]0.163[D]0.407[AN]0.325;;1;1
210903;5-26-2;;;13358278;A;[B]1.546[C]1.22[D]1.139;;1;1
210903;5-26-3;;;11187616;A;[B]6.996[C]4.393[D]5.369;;1;1
210903;5-26-4;;;9082751;C;[KX]13.218[B]0.092[I]1.892[D]3.562;;1;1
210903;5-26-5;;;6714458;C;[KX]7.181[B]4.709[C]2.804[D]4.966;;1;1
210903;5-26-6;;;4609335;C;[KX]0.78[B]7.227[C]6.039[D]18.51;;1;1
210903;5-26-7;;;5002051;C;[KX]1.48[B]9.381[C]2.763[D]4.595;;1;1
210903;5-2-7;;;3753053;C;[B]7.634[RN]2.568[F]4.324;;1;1
210903;5-27-1;;;14345432;A;[L]1.546[D]0.651[AN]0.407;;1;1
210903;5-27-2;;;13357764;A;[B]2.115[D]1.139[AN]1.627;;1;1
210903;5-27-3;;;11713444;A;[B]5.451[C]2.685[D]5.613;;1;1
210903;5-27-4;;;9279099;C;[KX]12.428[B]2.945[D]1.814[AN]0.893;;1;1
210903;5-27-5;;;7239770;C;[KX]8.225[B]4.922[C]1.497[D]5.498;;1;1
210903;5-27-6;;;5002800;C;[KX]2.458[B]7.598[C]2.8[D]23.957;;1;1
210903;5-27-7;;;5462086;C;[KX]2.827[B]8.546[C]1.404[D]4.594;;1;1
210903;5-29-1;;;13817809;A;[B]0.569[L]3.498[D]0.407;;1;1
210903;5-29-2;;;11975602;A;[B]3.254[L]10.088[D]1.79;;1;1
210903;5-29-3;;;11383207;A;[B]5.369[L]13.423[D]2.197;;1;1
210903;5-29-4;;;10132112;A;[B]15.945[L]18.874[D]3.173;;1;1
210903;5-29-5;;;8289908;C;[KX]9.066[B]4.422[I]0.486[D]0.706;;1;1
210903;5-29-6;;;5856081;C;[KX]3.725[B]7.56[L]4.436[D]1.723;;1;1
210903;5-29-7;;;4145722;C;[KX]0.092[B]13.182[I]2.825[D]7.2;;1;1
210903;5-3-1;;;14411242;A;[C]0.407[L]0.569[F]0.081;;1;1
210903;5-31-1;;;15198172;A;[E]0.325[L]0.651[D]0.163;;1;1
210903;5-31-2;;;13947588;A;[B]1.953[L]0.569[D]0.976;;1;1
210903;5-31-3;;;11776153;A;[B]9.6[L]1.383[D]5.125;;1;1
210903;5-31-4;;;10328189;A;[B]23.267[E]0.732[D]12.529;;1;1
210903;5-31-5;;;7762513;C;[KX]7.69[B]5.236[E]2.221[D]3.496;;1;1
210903;5-31-6;;;6051381;C;[KX]3.929[B]7.79[E]7.36[D]7.054;;1;1
210903;5-31-7;;;5657408;C;[KX]3.089[B]10.41[E]1.456[D]4.138;;1;1
210903;5-3-2;;;13093845;A;[B]0.569[L]3.742[F]0.407;;1;1
210903;5-3-3;;;10529210;A;[B]2.278[C]1.546[I]8.379;;1;1
210903;5-3-4;;;8423584;A;[B]3.091[L]7.078[I]27.091;;1;1
210903;5-34-1;;;15000797;A;[B]0.732;;1;1
210903;5-34-2;;;13486783;A;[B]3.336[L]0.569[D]0.732;;1;1
210903;5-34-3;;;11840665;A;[B]11.227[E]2.685[D]1.871;;1;1
210903;5-34-4;;;10063478;A;[B]29.288[E]9.925[D]6.59;;1;1
210903;5-34-5;;;7957585;C;[KX]7.341[B]5.45[E]5.057;;1;1
210903;5-34-6;;;5260852;C;[KX]1.558[B]10.919[V]0.783[E]11.015;;1;1
210903;5-34-7;;;5590591;C;[KX]2.133[B]9.897[V]0.092[E]5.062;;1;1
210903;5-3-5;;;6055295;C;[KX]7.445[B]4.028[F]2.305;;1;1
210903;5-3-6;;;3818591;C;[KX]0.173[B]6.898[RN]5.53[F]3.534;;1;1
210903;5-36-1;;;15065301;A;[V]0.244[E]0.732[L]0.976;;1;1
210903;5-36-2;;;13289148;A;[B]2.847[E]1.139[L]2.603;;1;1
210903;5-36-3;;;11577242;A;[B]13.261[V]0.407[E]2.278;;1;1
210903;5-36-4;;;9338992;C;[KX]9.66[B]3.276[E]1.997[RN]0.984;;1;1
210903;5-36-5;;;7298635;C;[KX]4.898[B]4.618[E]6.34[RN]3.526;;1;1
210903;5-36-6;;;4864809;C;[KX]0.291[B]8.318[E]48.526[RN]6.608;;1;1
210903;5-36-7;;;5061667;C;[KX]0.582[B]0.242[E]85.953[L]13.223;;1;1
210903;5-3-7;;;4738391;C;[KX]2.028[B]9.123[RN]2.115[F]1.562;;1;1
210903;5-37-1;;;14936549;A;[B]0.244[L]0.325[AN]0.244;;1;1
210903;5-37-2;;;14277589;A;[B]0.569[E]0.244[L]1.79;;1;1
210903;5-37-3;;;13026493;A;[B]2.847[E]0.814[L]4.149;;1;1
210903;5-37-4;;;10064776;A;[B]23.349[E]3.417[L]10.413;;1;1
210903;5-37-5;;;7433313;C;[KX]5.935[B]6.229[V]0.146[E]0.737;;1;1
210903;5-37-6;;;6182990;C;[KX]3.509[B]8.858[V]0.643[E]1.439;;1;1
210903;5-37-7;;;3158573;C;[KX]0.149[B]99.441[I]0.1[F]0.459;;1;1
210903;5-38-1;;;15131351;A;[B]0.569[V]0.081[E]0.325;;1;1
210903;5-38-2;;;13748673;A;[B]3.01[V]0.488[E]0.569;;1;1
210903;5-38-3;;;11510938;A;[B]13.505[V]2.197[E]1.79;;1;1
210903;5-38-4;;;9272435;C;[KX]9.731[B]3.399[V]1.841[E]1.381;;1;1
210903;5-38-5;;;6969165;C;[KX]4.328[B]5.705[V]4.81[E]4.228;;1;1
210903;5-38-6;;;4667179;C;[KX]0.111[B]8.049[V]19.161[E]48.166;;1;1
210903;5-38-7;;;4931639;C;[KX]0.936[B]10.932[V]8.818[E]8.821;;1;1
210903;5-39-1;;;15064277;A;[E]0.976[L]0.407[RN]0.895;;1;1
210903;5-39-2;;;13222334;A;[B]4.068[V]1.22[L]0.651;;1;1
210903;5-39-3;;;11444892;A;[B]13.993[V]3.986[E]0.651;;1;1
210903;5-39-4;;;9404024;C;[KX]10.108[B]3.267[V]2.08[E]1.149;;1;1
210903;5-39-5;;;6903892;C;[KX]4.658[B]5.895[V]5.898[E]2.3;;1;1
210903;5-39-6;;;4535600;C;[KX]0.099[B]5.954[V]37.697[E]28.61;;1;1
210903;5-39-7;;;4800574;C;[KX]1.171[B]11.645[V]9.724[E]2.591;;1;1
210903;5-40-1;;;14541280;A;[E]0.163[L]1.871[RN]0.163;;1;1
210903;5-40-2;;;13617346;A;[B]3.336[V]0.569[E]0.163;;1;1
210903;5-40-3;;;11378844;A;[B]14.074[V]4.963[E]0.569;;1;1
210903;5-40-4;;;9009527;C;[KX]10.205[B]3.939[V]2.459[E]0.779;;1;1
210903;5-40-5;;;6969173;C;[KX]7.863[B]7.963[V]9.913[E]3.144;;1;1
210903;5-40-6;;;5194045;C;[KX]1.514[B]8.865[V]13.08[E]6.371;;1;1
210903;5-40-7;;;5656393;C;[KX]2.708[B]9.944[V]3.219[E]1.213;;1;1
210903;5-4-1;;;14081765;A;[T]0.407[L]0.732[I]0.651;;1;1
210903;5-41-1;;;14145492;A;[B]1.302[I]0.488;;1;1
210903;5-41-2;;;13552069;A;[V]0.651[E]1.953[I]1.546;;1;1
210903;5-41-3;;;11181724;A;[B]14.318[V]6.59[L]1.058;;1;1
210903;5-41-4;;;9535873;C;[KX]12.699[B]3.619[V]2.757[E]0.611;;1;1
210903;5-41-5;;;7364193;C;[KX]6.551[B]5.502[V]6.611[E]1.162;;1;1
210903;5-41-6;;;5192509;C;[KX]1.597[B]4.041[V]32.201[E]10.365;;1;1
210903;5-41-7;;;4931394;C;[KX]1.444[B]10.838[V]15.247[E]2.419;;1;1
210903;5-4-2;;;13358046;A;[C]0.488[L]0.488[I]1.383;;1;1
210903;5-42-1;;;14210514;A;[B]1.302[V]0.407[L]0.895;;1;1
210903;5-42-2;;;13354180;A;[B]3.254[V]1.139[F]0.163;;1;1
210903;5-42-3;;;11576484;A;[B]10.657[V]6.183[L]2.766;;1;1
210903;5-42-4;;;9273991;C;[KX]9.981[B]3.222[V]1.769[I]0.201;;1;1
210903;5-42-5;;;7758694;C;[KX]7.375[B]5.033[V]6.599[E]1.227;;1;1
210903;5-42-6;;;4668223;C;[KX]0.594[B]10.02[V]26.934[E]4.315;;1;1
210903;5-42-7;;;5590607;C;[KX]2.941[B]10.869[V]4.192[RN]0.483;;1;1
210903;5-4-3;;;9477298;A;[B]8.054[C]5.613[F]4.312;;1;1
210903;5-43-1;;;14079192;A;[E]0.651[I]0.814[RN]0.976;;1;1
210903;5-43-2;;;13683404;A;[E]1.464[I]1.139[RN]1.464;;1;1
210903;5-43-3;;;11774378;A;[V]5.207[E]5.776[I]4.881;;1;1
210903;5-43-4;;;9404809;C;[KX]14.491[B]3.787[V]3.003[F]0.109;;1;1
210903;5-43-5;;;7364971;C;[KX]7.257[B]5.517[V]6.593[F]0.183;;1;1
210903;5-43-6;;;5128007;C;[KX]2.024[B]8.339[V]21.912[E]2.489;;1;1
210903;5-43-7;;;5459280;C;[KX]2.825[B]9.496[V]5.095[I]0.903;;1;1
210903;5-4-4;;;6846874;C;[KX]14.301[B]2.615[C]2.012[F]2.208;;1;1
210903;5-4-5;;;5267584;C;[KX]5.524[B]3.747[C]1.396[F]2.752;;1;1
210903;5-45-1;;;14802911;A;[V]0.325[E]0.325[I]0.407;;1;1
210903;5-45-2;;;13552846;A;[B]1.546[V]0.488[I]0.895;;1;1
210903;5-45-3;;;11840177;A;[V]4.719[E]5.532[F]2.034;;1;1
210903;5-45-4;;;9668499;A;[B]19.688[V]16.515[F]2.685;;1;1
210903;5-45-5;;;7760498;C;[KX]9.001[B]5.548[V]4.487[F]0.202;;1;1
210903;5-45-6;;;5589073;C;[KX]3.629[B]9.859[V]14.305[RN]1.227;;1;1
210903;5-45-7;;;5262675;C;[KX]2.962[B]9.651[V]5.184[F]0.684;;1;1
210903;5-4-6;;;4278107;C;[KX]2.821[B]1.879[L]35.105[RN]14.6;;1;1
210903;5-46-1;;;15065824;A;[B]0.488[V]0.081[RN]0.325;;1;1
210903;5-46-2;;;13618129;A;[B]1.546[V]0.814[F]0.325;;1;1
210903;5-46-3;;;11643571;A;[B]6.508[V]3.58[F]1.139;;1;1
210903;5-46-4;;;9603222;A;[B]18.142[V]15.376[F]3.173;;1;1
210903;5-46-5;;;7826296;C;[KX]9.848[B]4.804[V]4.94[F]0.365;;1;1
210903;5-46-6;;;5457745;C;[KX]3.404[B]9.788[V]16.836[F]0.194;;1;1
210903;5-46-7;;;5262162;C;[KX]2.84[B]9.89[V]6.365[F]0.691;;1;1
210903;5-4-7;;;4541527;C;[KX]1.459[B]9.199[C]0.478[F]1.848;;1;1
210903;5-48-1;;;14802654;A;[V]0.651[E]0.244[L]1.22;;1;1
210903;5-48-2;;;13618641;A;[E]0.895[I]1.464[RN]0.732;;1;1
210903;5-48-3;;;11644344;A;[B]4.963[I]2.441[RN]5.288;;1;1
210903;5-48-4;;;9407130;A;[B]16.189[V]10.657[F]4.312;;1;1
210903;5-48-5;;;7498621;C;[KX]10.795[B]4.606[V]4.723[F]0.86;;1;1
210903;5-48-6;;;5195867;C;[KX]3.463[B]7.303[V]14.53[F]1.177;;1;1
210903;5-48-7;;;5066070;C;[KX]2.722[B]8.851[V]3.969[F]1.219;;1;1
210903;5-50-1;;;14935528;A;[V]0.163[I]0.325;;1;1
210903;5-50-2;;;13487572;A;[B]0.814[V]0.569[I]1.383;;1;1
210903;5-50-3;;;11185080;A;[B]6.02[V]0.895[F]2.197;;1;1
210903;5-50-4;;;9144731;A;[B]16.678[V]7.891[F]5.695;;1;1
210903;5-50-5;;;6513278;C;[KX]9.761[B]4.325[V]5.909[F]1.802;;1;1
210903;5-50-6;;;4605278;C;[KX]2.435[B]6.93[V]14.011[F]2.284;;1;1
210903;5-50-7;;;5000022;C;[KX]2.985[B]9.08[V]4.989[F]1.334;;1;1
210903;5-5-1;;;14213613;A;[C]0.651[I]0.163[RN]0.651;;1;1
210903;5-5-2;;;12568272;A;[B]0.976[C]0.732[I]2.197;;1;1
210903;5-5-3;;;10332088;A;[C]0.651[L]17.491[I]6.02;;1;1
210903;5-5-4;;;7174538;C;[KX]11.895[B]3.943[C]1.557[F]1.191;;1;1
210903;5-5-5;;;4412007;C;[KX]1.701[B]2.925[C]2.598[I]8.406;;1;1
210903;5-5-6;;;3555925;C;[KX]0.094[B]15.084[T]2.089[F]6.181;;1;1
210903;5-5-7;;;3620424;C;[KX]0.252[B]31.361[I]0.094[F]6.811;;1;1
210903;5-6-1;;;14411241;A;[C]0.488[L]0.895[RN]0.163;;1;1
210903;5-6-2;;;12832983;A;[C]1.058[L]5.858[RN]0.081;;1;1
210903;5-6-3;;;10267064;A;[B]6.183[C]5.451[F]2.115;;1;1
210903;5-6-4;;;7964827;A;[B]18.793[C]17.328[F]6.752;;1;1
210903;5-6-5;;;5728383;C;[KX]6.026[B]3.98[C]3.048[F]1.614;;1;1
210903;5-6-6;;;3425371;C;[KX]0.096[B]18.289[T]7.318[F]10.988;;1;1
210903;5-6-7;;;4476247;C;[KX]1.196[B]8.924[C]1.72[F]1.756;;1;1
210903;5-9-1;;;13425379;A;[T]0.895[L]1.546[I]0.569;;1;1
210903;5-9-2;;;12897746;A;[C]0.244[L]7.973;;1;1
210903;5-9-3;;;10136245;A;[B]5.369[C]7.403[I]4.637;;1;1
210903;5-9-4;;;8032159;A;[B]16.922[C]23.674[F]4.23;;1;1
210903;5-9-5;;;5729667;C;[KX]6.273[B]3.765[C]5.075[F]1.181;;1;1
210903;5-9-6;;;3624547;C;[KX]0.362[B]7.155[T]9.466[F]2.634;;1;1
210903;5-9-7;;;3950930;C;[KX]0.648[B]10.169[T]3.586[F]1.655;;1;1
